{
	"credit": "Made with Blockbench",
	"textures": {
		"0": "gun_textures/aa-12",
		"particle": "gun_textures/aa-12"
	},
	"elements": [
		{
			"name": "AA-12_0",
			"from": [0.25, 0, 0],
			"to": [0.5, 1, 1],
			"faces": {
				"north": {"uv": [0.5, 0, 0.25, 0.25], "texture": "#0"},
				"east": {"uv": [0.25, 0, 0.5, 1], "rotation": 90, "texture": "#0"},
				"south": {"uv": [0.25, 0.75, 0.5, 1], "texture": "#0"},
				"west": {"uv": [0.25, 0, 0.5, 1], "rotation": 270, "texture": "#0"},
				"up": {"uv": [0.25, 0, 0.5, 1], "texture": "#0"},
				"down": {"uv": [0.25, 1, 0.5, 0], "texture": "#0"}
			}
		},
		{
			"name": "AA-12_1",
			"from": [3.5, 0, 0],
			"to": [3.75, 1, 1],
			"faces": {
				"north": {"uv": [3.75, 0, 3.5, 0.25], "texture": "#0"},
				"east": {"uv": [3.5, 0, 3.75, 1], "rotation": 90, "texture": "#0"},
				"south": {"uv": [3.5, 0.75, 3.75, 1], "texture": "#0"},
				"west": {"uv": [3.5, 0, 3.75, 1], "rotation": 270, "texture": "#0"},
				"up": {"uv": [3.5, 0, 3.75, 1], "texture": "#0"},
				"down": {"uv": [3.5, 1, 3.75, 0], "texture": "#0"}
			}
		},
		{
			"name": "AA-12_2",
			"from": [0, 0, 0.25],
			"to": [0.25, 1, 0.75],
			"faces": {
				"north": {"uv": [0.25, 0.25, 0, 0.5], "texture": "#0"},
				"south": {"uv": [0, 0.5, 0.25, 0.75], "texture": "#0"},
				"west": {"uv": [0, 0.25, 0.25, 0.75], "rotation": 270, "texture": "#0"},
				"up": {"uv": [0, 0.25, 0.25, 0.75], "texture": "#0"},
				"down": {"uv": [0, 0.75, 0.25, 0.25], "texture": "#0"}
			}
		},
		{
			"name": "AA-12_3",
			"from": [0.5, 0, 0.25],
			"to": [0.75, 1, 1.25],
			"faces": {
				"north": {"uv": [0.75, 0.25, 0.5, 0.5], "texture": "#0"},
				"east": {"uv": [0.5, 0.25, 0.75, 1.25], "rotation": 90, "texture": "#0"},
				"south": {"uv": [0.5, 1, 0.75, 1.25], "texture": "#0"},
				"west": {"uv": [0.5, 0.25, 0.75, 1.25], "rotation": 270, "texture": "#0"},
				"up": {"uv": [0.5, 0.25, 0.75, 1.25], "texture": "#0"},
				"down": {"uv": [0.5, 1.25, 0.75, 0.25], "texture": "#0"}
			}
		},
		{
			"name": "AA-12_4",
			"from": [3.25, 0, 0.25],
			"to": [3.5, 1, 1.25],
			"faces": {
				"north": {"uv": [3.5, 0.25, 3.25, 0.5], "texture": "#0"},
				"east": {"uv": [3.25, 0.25, 3.5, 1.25], "rotation": 90, "texture": "#0"},
				"south": {"uv": [3.25, 1, 3.5, 1.25], "texture": "#0"},
				"west": {"uv": [3.25, 0.25, 3.5, 1.25], "rotation": 270, "texture": "#0"},
				"up": {"uv": [3.25, 0.25, 3.5, 1.25], "texture": "#0"},
				"down": {"uv": [3.25, 1.25, 3.5, 0.25], "texture": "#0"}
			}
		},
		{
			"name": "AA-12_5",
			"from": [0.75, 0, 0.5],
			"to": [1, 1, 1.5],
			"faces": {
				"north": {"uv": [1, 0.5, 0.75, 0.75], "texture": "#0"},
				"east": {"uv": [0.75, 0.5, 1, 1.5], "rotation": 90, "texture": "#0"},
				"south": {"uv": [0.75, 1.25, 1, 1.5], "texture": "#0"},
				"west": {"uv": [0.75, 0.5, 1, 1.5], "rotation": 270, "texture": "#0"},
				"up": {"uv": [0.75, 0.5, 1, 1.5], "texture": "#0"},
				"down": {"uv": [0.75, 1.5, 1, 0.5], "texture": "#0"}
			}
		},
		{
			"name": "AA-12_6",
			"from": [2, 0, 0.5],
			"to": [2.5, 1, 3.75],
			"faces": {
				"north": {"uv": [2.5, 0.5, 2, 0.75], "texture": "#0"},
				"east": {"uv": [2.25, 0.5, 2.5, 3.75], "rotation": 90, "texture": "#0"},
				"south": {"uv": [2, 3.5, 2.5, 3.75], "texture": "#0"},
				"west": {"uv": [2, 0.5, 2.25, 3.75], "rotation": 270, "texture": "#0"},
				"up": {"uv": [2, 0.5, 2.5, 3.75], "texture": "#0"},
				"down": {"uv": [2, 3.75, 2.5, 0.5], "texture": "#0"}
			}
		},
		{
			"name": "AA-12_7",
			"from": [3, 0, 0.5],
			"to": [3.25, 1, 4.75],
			"faces": {
				"north": {"uv": [3.25, 0.5, 3, 0.75], "texture": "#0"},
				"east": {"uv": [3, 0.5, 3.25, 4.75], "rotation": 90, "texture": "#0"},
				"south": {"uv": [3, 4.5, 3.25, 4.75], "texture": "#0"},
				"west": {"uv": [3, 0.5, 3.25, 4.75], "rotation": 270, "texture": "#0"},
				"up": {"uv": [3, 0.5, 3.25, 4.75], "texture": "#0"},
				"down": {"uv": [3, 4.75, 3.25, 0.5], "texture": "#0"}
			}
		},
		{
			"name": "AA-12_8",
			"from": [1, 0, 0.75],
			"to": [1.25, 1, 2.75],
			"faces": {
				"north": {"uv": [1.25, 0.75, 1, 1], "texture": "#0"},
				"east": {"uv": [1, 0.75, 1.25, 2.75], "rotation": 90, "texture": "#0"},
				"south": {"uv": [1, 2.5, 1.25, 2.75], "texture": "#0"},
				"west": {"uv": [1, 0.75, 1.25, 2.75], "rotation": 270, "texture": "#0"},
				"up": {"uv": [1, 0.75, 1.25, 2.75], "texture": "#0"},
				"down": {"uv": [1, 2.75, 1.25, 0.75], "texture": "#0"}
			}
		},
		{
			"name": "AA-12_9",
			"from": [1.75, 0, 0.75],
			"to": [2, 1, 3.5],
			"faces": {
				"north": {"uv": [2, 0.75, 1.75, 1], "texture": "#0"},
				"south": {"uv": [1.75, 3.25, 2, 3.5], "texture": "#0"},
				"west": {"uv": [1.75, 0.75, 2, 3.5], "rotation": 270, "texture": "#0"},
				"up": {"uv": [1.75, 0.75, 2, 3.5], "texture": "#0"},
				"down": {"uv": [1.75, 3.5, 2, 0.75], "texture": "#0"}
			}
		},
		{
			"name": "AA-12_10",
			"from": [2.5, 0, 0.75],
			"to": [3, 1, 4.25],
			"faces": {
				"north": {"uv": [3, 0.75, 2.5, 1], "texture": "#0"},
				"south": {"uv": [2.5, 4, 3, 4.25], "texture": "#0"},
				"west": {"uv": [2.5, 0.75, 2.75, 4.25], "rotation": 270, "texture": "#0"},
				"up": {"uv": [2.5, 0.75, 3, 4.25], "texture": "#0"},
				"down": {"uv": [2.5, 4.25, 3, 0.75], "texture": "#0"}
			}
		},
		{
			"name": "AA-12_11",
			"from": [1.25, 0, 1],
			"to": [1.75, 1, 3],
			"faces": {
				"north": {"uv": [1.75, 1, 1.25, 1.25], "texture": "#0"},
				"south": {"uv": [1.25, 2.75, 1.75, 3], "texture": "#0"},
				"west": {"uv": [1.25, 1, 1.5, 3], "rotation": 270, "texture": "#0"},
				"up": {"uv": [1.25, 1, 1.75, 3], "texture": "#0"},
				"down": {"uv": [1.25, 3, 1.75, 1], "texture": "#0"}
			}
		},
		{
			"name": "AA-12_12",
			"from": [3.25, 0, 1.5],
			"to": [3.5, 1, 5],
			"faces": {
				"north": {"uv": [3.5, 1.5, 3.25, 1.75], "texture": "#0"},
				"east": {"uv": [3.25, 1.5, 3.5, 5], "rotation": 90, "texture": "#0"},
				"south": {"uv": [3.25, 4.75, 3.5, 5], "texture": "#0"},
				"west": {"uv": [3.25, 1.5, 3.5, 5], "rotation": 270, "texture": "#0"},
				"up": {"uv": [3.25, 1.5, 3.5, 5], "texture": "#0"},
				"down": {"uv": [3.25, 5, 3.5, 1.5], "texture": "#0"}
			}
		},
		{
			"name": "AA-12_13",
			"from": [0.75, 0, 1.75],
			"to": [1, 1, 2.5],
			"faces": {
				"north": {"uv": [1, 1.75, 0.75, 2], "texture": "#0"},
				"south": {"uv": [0.75, 2.25, 1, 2.5], "texture": "#0"},
				"west": {"uv": [0.75, 1.75, 1, 2.5], "rotation": 270, "texture": "#0"},
				"up": {"uv": [0.75, 1.75, 1, 2.5], "texture": "#0"},
				"down": {"uv": [0.75, 2.5, 1, 1.75], "texture": "#0"}
			}
		},
		{
			"name": "AA-12_14",
			"from": [3.5, 0, 1.75],
			"to": [3.75, 1, 5.25],
			"faces": {
				"north": {"uv": [3.75, 1.75, 3.5, 2], "texture": "#0"},
				"east": {"uv": [3.5, 1.75, 3.75, 5.25], "rotation": 90, "texture": "#0"},
				"south": {"uv": [3.5, 5, 3.75, 5.25], "texture": "#0"},
				"west": {"uv": [3.5, 1.75, 3.75, 5.25], "rotation": 270, "texture": "#0"},
				"up": {"uv": [3.5, 1.75, 3.75, 5.25], "texture": "#0"},
				"down": {"uv": [3.5, 5.25, 3.75, 1.75], "texture": "#0"}
			}
		},
		{
			"name": "AA-12_15",
			"from": [0.5, 0, 2],
			"to": [0.75, 1, 2.25],
			"faces": {
				"north": {"uv": [0.75, 2, 0.5, 2.25], "texture": "#0"},
				"south": {"uv": [0.5, 2, 0.75, 2.25], "texture": "#0"},
				"west": {"uv": [0.5, 2, 0.75, 2.25], "rotation": 270, "texture": "#0"},
				"up": {"uv": [0.5, 2, 0.75, 2.25], "texture": "#0"},
				"down": {"uv": [0.5, 2.25, 0.75, 2], "texture": "#0"}
			}
		},
		{
			"name": "AA-12_16",
			"from": [3.75, 0, 2],
			"to": [4, 1, 5.5],
			"faces": {
				"north": {"uv": [4, 2, 3.75, 2.25], "texture": "#0"},
				"east": {"uv": [3.75, 2, 4, 5.5], "rotation": 90, "texture": "#0"},
				"south": {"uv": [3.75, 5.25, 4, 5.5], "texture": "#0"},
				"west": {"uv": [3.75, 2, 4, 5.5], "rotation": 270, "texture": "#0"},
				"up": {"uv": [3.75, 2, 4, 5.5], "texture": "#0"},
				"down": {"uv": [3.75, 5.5, 4, 2], "texture": "#0"}
			}
		},
		{
			"name": "AA-12_17",
			"from": [4, 0, 2.25],
			"to": [4.25, 1, 5.75],
			"faces": {
				"north": {"uv": [4.25, 2.25, 4, 2.5], "texture": "#0"},
				"east": {"uv": [4, 2.25, 4.25, 5.75], "rotation": 90, "texture": "#0"},
				"south": {"uv": [4, 5.5, 4.25, 5.75], "texture": "#0"},
				"west": {"uv": [4, 2.25, 4.25, 5.75], "rotation": 270, "texture": "#0"},
				"up": {"uv": [4, 2.25, 4.25, 5.75], "texture": "#0"},
				"down": {"uv": [4, 5.75, 4.25, 2.25], "texture": "#0"}
			}
		},
		{
			"name": "AA-12_18",
			"from": [4.25, 0, 2.5],
			"to": [4.5, 1, 6],
			"faces": {
				"north": {"uv": [4.5, 2.5, 4.25, 2.75], "texture": "#0"},
				"east": {"uv": [4.25, 2.5, 4.5, 6], "rotation": 90, "texture": "#0"},
				"south": {"uv": [4.25, 5.75, 4.5, 6], "texture": "#0"},
				"west": {"uv": [4.25, 2.5, 4.5, 6], "rotation": 270, "texture": "#0"},
				"up": {"uv": [4.25, 2.5, 4.5, 6], "texture": "#0"},
				"down": {"uv": [4.25, 6, 4.5, 2.5], "texture": "#0"}
			}
		},
		{
			"name": "AA-12_19",
			"from": [4.5, 0, 2.75],
			"to": [4.75, 1, 6.25],
			"faces": {
				"north": {"uv": [4.75, 2.75, 4.5, 3], "texture": "#0"},
				"east": {"uv": [4.5, 2.75, 4.75, 6.25], "rotation": 90, "texture": "#0"},
				"south": {"uv": [4.5, 6, 4.75, 6.25], "texture": "#0"},
				"west": {"uv": [4.5, 2.75, 4.75, 6.25], "rotation": 270, "texture": "#0"},
				"up": {"uv": [4.5, 2.75, 4.75, 6.25], "texture": "#0"},
				"down": {"uv": [4.5, 6.25, 4.75, 2.75], "texture": "#0"}
			}
		},
		{
			"name": "AA-12_20",
			"from": [1.5, 0, 3],
			"to": [1.75, 1, 3.25],
			"faces": {
				"south": {"uv": [1.5, 3, 1.75, 3.25], "texture": "#0"},
				"west": {"uv": [1.5, 3, 1.75, 3.25], "rotation": 270, "texture": "#0"},
				"up": {"uv": [1.5, 3, 1.75, 3.25], "texture": "#0"},
				"down": {"uv": [1.5, 3.25, 1.75, 3], "texture": "#0"}
			}
		},
		{
			"name": "AA-12_21",
			"from": [4.75, 0, 3],
			"to": [5, 1, 6.5],
			"faces": {
				"north": {"uv": [5, 3, 4.75, 3.25], "texture": "#0"},
				"east": {"uv": [4.75, 3, 5, 6.5], "rotation": 90, "texture": "#0"},
				"south": {"uv": [4.75, 6.25, 5, 6.5], "texture": "#0"},
				"west": {"uv": [4.75, 3, 5, 6.5], "rotation": 270, "texture": "#0"},
				"up": {"uv": [4.75, 3, 5, 6.5], "texture": "#0"},
				"down": {"uv": [4.75, 6.5, 5, 3], "texture": "#0"}
			}
		},
		{
			"name": "AA-12_22",
			"from": [5, 0, 3.25],
			"to": [5.25, 1, 6.75],
			"faces": {
				"north": {"uv": [5.25, 3.25, 5, 3.5], "texture": "#0"},
				"east": {"uv": [5, 3.25, 5.25, 6.75], "rotation": 90, "texture": "#0"},
				"south": {"uv": [5, 6.5, 5.25, 6.75], "texture": "#0"},
				"west": {"uv": [5, 3.25, 5.25, 6.75], "rotation": 270, "texture": "#0"},
				"up": {"uv": [5, 3.25, 5.25, 6.75], "texture": "#0"},
				"down": {"uv": [5, 6.75, 5.25, 3.25], "texture": "#0"}
			}
		},
		{
			"name": "AA-12_23",
			"from": [5.25, 0, 3.5],
			"to": [5.5, 1, 7],
			"faces": {
				"north": {"uv": [5.5, 3.5, 5.25, 3.75], "texture": "#0"},
				"east": {"uv": [5.25, 3.5, 5.5, 7], "rotation": 90, "texture": "#0"},
				"south": {"uv": [5.25, 6.75, 5.5, 7], "texture": "#0"},
				"west": {"uv": [5.25, 3.5, 5.5, 7], "rotation": 270, "texture": "#0"},
				"up": {"uv": [5.25, 3.5, 5.5, 7], "texture": "#0"},
				"down": {"uv": [5.25, 7, 5.5, 3.5], "texture": "#0"}
			}
		},
		{
			"name": "AA-12_24",
			"from": [2.25, 0, 3.75],
			"to": [2.5, 1, 4],
			"faces": {
				"south": {"uv": [2.25, 3.75, 2.5, 4], "texture": "#0"},
				"west": {"uv": [2.25, 3.75, 2.5, 4], "rotation": 270, "texture": "#0"},
				"up": {"uv": [2.25, 3.75, 2.5, 4], "texture": "#0"},
				"down": {"uv": [2.25, 4, 2.5, 3.75], "texture": "#0"}
			}
		},
		{
			"name": "AA-12_25",
			"from": [5.5, 0, 3.75],
			"to": [5.75, 1, 11.25],
			"faces": {
				"north": {"uv": [5.75, 3.75, 5.5, 4], "texture": "#0"},
				"east": {"uv": [5.5, 3.75, 5.75, 11.25], "rotation": 90, "texture": "#0"},
				"south": {"uv": [5.5, 11, 5.75, 11.25], "texture": "#0"},
				"west": {"uv": [5.5, 3.75, 5.75, 11.25], "rotation": 270, "texture": "#0"},
				"up": {"uv": [5.5, 3.75, 5.75, 11.25], "texture": "#0"},
				"down": {"uv": [5.5, 11.25, 5.75, 3.75], "texture": "#0"}
			}
		},
		{
			"name": "AA-12_26",
			"from": [5.75, 0, 4],
			"to": [6, 1, 10.5],
			"faces": {
				"north": {"uv": [6, 4, 5.75, 4.25], "texture": "#0"},
				"east": {"uv": [5.75, 4, 6, 10.5], "rotation": 90, "texture": "#0"},
				"south": {"uv": [5.75, 10.25, 6, 10.5], "texture": "#0"},
				"up": {"uv": [5.75, 4, 6, 10.5], "texture": "#0"},
				"down": {"uv": [5.75, 10.5, 6, 4], "texture": "#0"}
			}
		},
		{
			"name": "AA-12_27",
			"from": [2.75, 0, 4.25],
			"to": [3, 1, 4.5],
			"faces": {
				"south": {"uv": [2.75, 4.25, 3, 4.5], "texture": "#0"},
				"west": {"uv": [2.75, 4.25, 3, 4.5], "rotation": 270, "texture": "#0"},
				"up": {"uv": [2.75, 4.25, 3, 4.5], "texture": "#0"},
				"down": {"uv": [2.75, 4.5, 3, 4.25], "texture": "#0"}
			}
		},
		{
			"name": "AA-12_28",
			"from": [6, 0, 4.25],
			"to": [6.25, 1, 10.25],
			"faces": {
				"north": {"uv": [6.25, 4.25, 6, 4.5], "texture": "#0"},
				"east": {"uv": [6, 4.25, 6.25, 10.25], "rotation": 90, "texture": "#0"},
				"south": {"uv": [6, 10, 6.25, 10.25], "texture": "#0"},
				"up": {"uv": [6, 4.25, 6.25, 10.25], "texture": "#0"},
				"down": {"uv": [6, 10.25, 6.25, 4.25], "texture": "#0"}
			}
		},
		{
			"name": "AA-12_29",
			"from": [7, 0, 4.25],
			"to": [7.25, 1, 9.25],
			"faces": {
				"north": {"uv": [7.25, 4.25, 7, 4.5], "texture": "#0"},
				"east": {"uv": [7, 4.25, 7.25, 9.25], "rotation": 90, "texture": "#0"},
				"south": {"uv": [7, 9, 7.25, 9.25], "texture": "#0"},
				"west": {"uv": [7, 4.25, 7.25, 9.25], "rotation": 270, "texture": "#0"},
				"up": {"uv": [7, 4.25, 7.25, 9.25], "texture": "#0"},
				"down": {"uv": [7, 9.25, 7.25, 4.25], "texture": "#0"}
			}
		},
		{
			"name": "AA-12_30",
			"from": [6.25, 0, 4.5],
			"to": [6.5, 1, 10],
			"faces": {
				"north": {"uv": [6.5, 4.5, 6.25, 4.75], "texture": "#0"},
				"east": {"uv": [6.25, 4.5, 6.5, 10], "rotation": 90, "texture": "#0"},
				"south": {"uv": [6.25, 9.75, 6.5, 10], "texture": "#0"},
				"up": {"uv": [6.25, 4.5, 6.5, 10], "texture": "#0"},
				"down": {"uv": [6.25, 10, 6.5, 4.5], "texture": "#0"}
			}
		},
		{
			"name": "AA-12_31",
			"from": [6.75, 0, 4.5],
			"to": [7, 1, 9.5],
			"faces": {
				"north": {"uv": [7, 4.5, 6.75, 4.75], "texture": "#0"},
				"east": {"uv": [6.75, 4.5, 7, 9.5], "rotation": 90, "texture": "#0"},
				"south": {"uv": [6.75, 9.25, 7, 9.5], "texture": "#0"},
				"west": {"uv": [6.75, 4.5, 7, 9.5], "rotation": 270, "texture": "#0"},
				"up": {"uv": [6.75, 4.5, 7, 9.5], "texture": "#0"},
				"down": {"uv": [6.75, 9.5, 7, 4.5], "texture": "#0"}
			}
		},
		{
			"name": "AA-12_32",
			"from": [7.25, 0, 4.5],
			"to": [7.5, 1, 9.5],
			"faces": {
				"north": {"uv": [7.5, 4.5, 7.25, 4.75], "texture": "#0"},
				"east": {"uv": [7.25, 4.5, 7.5, 9.5], "rotation": 90, "texture": "#0"},
				"south": {"uv": [7.25, 9.25, 7.5, 9.5], "texture": "#0"},
				"west": {"uv": [7.25, 4.5, 7.5, 9.5], "rotation": 270, "texture": "#0"},
				"up": {"uv": [7.25, 4.5, 7.5, 9.5], "texture": "#0"},
				"down": {"uv": [7.25, 9.5, 7.5, 4.5], "texture": "#0"}
			}
		},
		{
			"name": "AA-12_33",
			"from": [6.5, 0, 4.75],
			"to": [6.75, 1, 9.75],
			"faces": {
				"north": {"uv": [6.75, 4.75, 6.5, 5], "texture": "#0"},
				"east": {"uv": [6.5, 4.75, 6.75, 9.75], "rotation": 90, "texture": "#0"},
				"south": {"uv": [6.5, 9.5, 6.75, 9.75], "texture": "#0"},
				"up": {"uv": [6.5, 4.75, 6.75, 9.75], "texture": "#0"},
				"down": {"uv": [6.5, 9.75, 6.75, 4.75], "texture": "#0"}
			}
		},
		{
			"name": "AA-12_34",
			"from": [7.5, 0, 5.75],
			"to": [7.75, 1, 9],
			"faces": {
				"north": {"uv": [7.75, 5.75, 7.5, 6], "texture": "#0"},
				"east": {"uv": [7.5, 5.75, 7.75, 9], "rotation": 90, "texture": "#0"},
				"south": {"uv": [7.5, 8.75, 7.75, 9], "texture": "#0"},
				"up": {"uv": [7.5, 5.75, 7.75, 9], "texture": "#0"},
				"down": {"uv": [7.5, 9, 7.75, 5.75], "texture": "#0"}
			}
		},
		{
			"name": "AA-12_35",
			"from": [7.75, 0, 6],
			"to": [8, 1, 8.75],
			"faces": {
				"north": {"uv": [8, 6, 7.75, 6.25], "texture": "#0"},
				"east": {"uv": [7.75, 6, 8, 8.75], "rotation": 90, "texture": "#0"},
				"south": {"uv": [7.75, 8.5, 8, 8.75], "texture": "#0"},
				"up": {"uv": [7.75, 6, 8, 8.75], "texture": "#0"},
				"down": {"uv": [7.75, 8.75, 8, 6], "texture": "#0"}
			}
		},
		{
			"name": "AA-12_36",
			"from": [10.25, 0, 6],
			"to": [10.5, 1, 7.75],
			"faces": {
				"north": {"uv": [10.5, 6, 10.25, 6.25], "texture": "#0"},
				"east": {"uv": [10.25, 6, 10.5, 7.75], "rotation": 90, "texture": "#0"},
				"south": {"uv": [10.25, 7.5, 10.5, 7.75], "texture": "#0"},
				"west": {"uv": [10.25, 6, 10.5, 7.75], "rotation": 270, "texture": "#0"},
				"up": {"uv": [10.25, 6, 10.5, 7.75], "texture": "#0"},
				"down": {"uv": [10.25, 7.75, 10.5, 6], "texture": "#0"}
			}
		},
		{
			"name": "AA-12_37",
			"from": [8, 0, 6.25],
			"to": [8.25, 1, 9.5],
			"faces": {
				"north": {"uv": [8.25, 6.25, 8, 6.5], "texture": "#0"},
				"east": {"uv": [8, 6.25, 8.25, 9.5], "rotation": 90, "texture": "#0"},
				"south": {"uv": [8, 9.25, 8.25, 9.5], "texture": "#0"},
				"west": {"uv": [8, 6.25, 8.25, 9.5], "rotation": 270, "texture": "#0"},
				"up": {"uv": [8, 6.25, 8.25, 9.5], "texture": "#0"},
				"down": {"uv": [8, 9.5, 8.25, 6.25], "texture": "#0"}
			}
		},
		{
			"name": "AA-12_38",
			"from": [10, 0, 6.25],
			"to": [10.25, 1, 7],
			"faces": {
				"north": {"uv": [10.25, 6.25, 10, 6.5], "texture": "#0"},
				"south": {"uv": [10, 6.75, 10.25, 7], "texture": "#0"},
				"west": {"uv": [10, 6.25, 10.25, 7], "rotation": 270, "texture": "#0"},
				"up": {"uv": [10, 6.25, 10.25, 7], "texture": "#0"},
				"down": {"uv": [10, 7, 10.25, 6.25], "texture": "#0"}
			}
		},
		{
			"name": "AA-12_39",
			"from": [8.25, 0, 6.5],
			"to": [8.5, 1, 9.25],
			"faces": {
				"north": {"uv": [8.5, 6.5, 8.25, 6.75], "texture": "#0"},
				"east": {"uv": [8.25, 6.5, 8.5, 9.25], "rotation": 90, "texture": "#0"},
				"south": {"uv": [8.25, 9, 8.5, 9.25], "texture": "#0"},
				"up": {"uv": [8.25, 6.5, 8.5, 9.25], "texture": "#0"},
				"down": {"uv": [8.25, 9.25, 8.5, 6.5], "texture": "#0"}
			}
		},
		{
			"name": "AA-12_40",
			"from": [9.75, 0, 6.5],
			"to": [10, 1, 10.75],
			"faces": {
				"north": {"uv": [10, 6.5, 9.75, 6.75], "texture": "#0"},
				"east": {"uv": [9.75, 6.5, 10, 10.75], "rotation": 90, "texture": "#0"},
				"south": {"uv": [9.75, 10.5, 10, 10.75], "texture": "#0"},
				"west": {"uv": [9.75, 6.5, 10, 10.75], "rotation": 270, "texture": "#0"},
				"up": {"uv": [9.75, 6.5, 10, 10.75], "texture": "#0"},
				"down": {"uv": [9.75, 10.75, 10, 6.5], "texture": "#0"}
			}
		},
		{
			"name": "AA-12_41",
			"from": [8.5, 0, 6.75],
			"to": [8.75, 1, 9],
			"faces": {
				"north": {"uv": [8.75, 6.75, 8.5, 7], "texture": "#0"},
				"east": {"uv": [8.5, 6.75, 8.75, 9], "rotation": 90, "texture": "#0"},
				"south": {"uv": [8.5, 8.75, 8.75, 9], "texture": "#0"},
				"up": {"uv": [8.5, 6.75, 8.75, 9], "texture": "#0"},
				"down": {"uv": [8.5, 9, 8.75, 6.75], "texture": "#0"}
			}
		},
		{
			"name": "AA-12_42",
			"from": [9.5, 0, 6.75],
			"to": [9.75, 1, 7.5],
			"faces": {
				"north": {"uv": [9.75, 6.75, 9.5, 7], "texture": "#0"},
				"south": {"uv": [9.5, 7.25, 9.75, 7.5], "texture": "#0"},
				"west": {"uv": [9.5, 6.75, 9.75, 7.5], "rotation": 270, "texture": "#0"},
				"up": {"uv": [9.5, 6.75, 9.75, 7.5], "texture": "#0"},
				"down": {"uv": [9.5, 7.5, 9.75, 6.75], "texture": "#0"}
			}
		},
		{
			"name": "AA-12_43",
			"from": [8.75, 0, 7],
			"to": [9, 1, 12.75],
			"faces": {
				"north": {"uv": [9, 7, 8.75, 7.25], "texture": "#0"},
				"east": {"uv": [8.75, 7, 9, 12.75], "rotation": 90, "texture": "#0"},
				"south": {"uv": [8.75, 12.5, 9, 12.75], "texture": "#0"},
				"west": {"uv": [8.75, 7, 9, 12.75], "rotation": 270, "texture": "#0"},
				"up": {"uv": [8.75, 7, 9, 12.75], "texture": "#0"},
				"down": {"uv": [8.75, 12.75, 9, 7], "texture": "#0"}
			}
		},
		{
			"name": "AA-12_44",
			"from": [9.25, 0, 7],
			"to": [9.5, 1, 10.5],
			"faces": {
				"north": {"uv": [9.5, 7, 9.25, 7.25], "texture": "#0"},
				"east": {"uv": [9.25, 7, 9.5, 10.5], "rotation": 90, "texture": "#0"},
				"south": {"uv": [9.25, 10.25, 9.5, 10.5], "texture": "#0"},
				"west": {"uv": [9.25, 7, 9.5, 10.5], "rotation": 270, "texture": "#0"},
				"up": {"uv": [9.25, 7, 9.5, 10.5], "texture": "#0"},
				"down": {"uv": [9.25, 10.5, 9.5, 7], "texture": "#0"}
			}
		},
		{
			"name": "AA-12_45",
			"from": [9, 0, 7.25],
			"to": [9.25, 1, 11.5],
			"faces": {
				"north": {"uv": [9.25, 7.25, 9, 7.5], "texture": "#0"},
				"east": {"uv": [9, 7.25, 9.25, 11.5], "rotation": 90, "texture": "#0"},
				"south": {"uv": [9, 11.25, 9.25, 11.5], "texture": "#0"},
				"up": {"uv": [9, 7.25, 9.25, 11.5], "texture": "#0"},
				"down": {"uv": [9, 11.5, 9.25, 7.25], "texture": "#0"}
			}
		},
		{
			"name": "AA-12_46",
			"from": [10, 0, 7.25],
			"to": [10.25, 1, 8],
			"faces": {
				"north": {"uv": [10.25, 7.25, 10, 7.5], "texture": "#0"},
				"east": {"uv": [10, 7.25, 10.25, 8], "rotation": 90, "texture": "#0"},
				"south": {"uv": [10, 7.75, 10.25, 8], "texture": "#0"},
				"up": {"uv": [10, 7.25, 10.25, 8], "texture": "#0"},
				"down": {"uv": [10, 8, 10.25, 7.25], "texture": "#0"}
			}
		},
		{
			"name": "AA-12_47",
			"from": [5.25, 0, 7.5],
			"to": [5.5, 1, 11],
			"faces": {
				"north": {"uv": [5.5, 7.5, 5.25, 7.75], "texture": "#0"},
				"south": {"uv": [5.25, 10.75, 5.5, 11], "texture": "#0"},
				"west": {"uv": [5.25, 7.5, 5.5, 11], "rotation": 270, "texture": "#0"},
				"up": {"uv": [5.25, 7.5, 5.5, 11], "texture": "#0"},
				"down": {"uv": [5.25, 11, 5.5, 7.5], "texture": "#0"}
			}
		},
		{
			"name": "AA-12_48",
			"from": [5, 0, 7.75],
			"to": [5.25, 1, 11.25],
			"faces": {
				"north": {"uv": [5.25, 7.75, 5, 8], "texture": "#0"},
				"east": {"uv": [5, 7.75, 5.25, 11.25], "rotation": 90, "texture": "#0"},
				"south": {"uv": [5, 11, 5.25, 11.25], "texture": "#0"},
				"west": {"uv": [5, 7.75, 5.25, 11.25], "rotation": 270, "texture": "#0"},
				"up": {"uv": [5, 7.75, 5.25, 11.25], "texture": "#0"},
				"down": {"uv": [5, 11.25, 5.25, 7.75], "texture": "#0"}
			}
		},
		{
			"name": "AA-12_49",
			"from": [9.5, 0, 7.75],
			"to": [9.75, 1, 10.5],
			"faces": {
				"north": {"uv": [9.75, 7.75, 9.5, 8], "texture": "#0"},
				"south": {"uv": [9.5, 10.25, 9.75, 10.5], "texture": "#0"},
				"up": {"uv": [9.5, 7.75, 9.75, 10.5], "texture": "#0"},
				"down": {"uv": [9.5, 10.5, 9.75, 7.75], "texture": "#0"}
			}
		},
		{
			"name": "AA-12_50",
			"from": [4.75, 0, 8],
			"to": [5, 1, 11.25],
			"faces": {
				"north": {"uv": [5, 8, 4.75, 8.25], "texture": "#0"},
				"south": {"uv": [4.75, 11, 5, 11.25], "texture": "#0"},
				"west": {"uv": [4.75, 8, 5, 11.25], "rotation": 270, "texture": "#0"},
				"up": {"uv": [4.75, 8, 5, 11.25], "texture": "#0"},
				"down": {"uv": [4.75, 11.25, 5, 8], "texture": "#0"}
			}
		},
		{
			"name": "AA-12_51",
			"from": [4.5, 0, 8.25],
			"to": [4.75, 1, 11],
			"faces": {
				"north": {"uv": [4.75, 8.25, 4.5, 8.5], "texture": "#0"},
				"south": {"uv": [4.5, 10.75, 4.75, 11], "texture": "#0"},
				"west": {"uv": [4.5, 8.25, 4.75, 11], "rotation": 270, "texture": "#0"},
				"up": {"uv": [4.5, 8.25, 4.75, 11], "texture": "#0"},
				"down": {"uv": [4.5, 11, 4.75, 8.25], "texture": "#0"}
			}
		},
		{
			"name": "AA-12_52",
			"from": [10, 0, 8.25],
			"to": [10.25, 1, 11],
			"faces": {
				"north": {"uv": [10.25, 8.25, 10, 8.5], "texture": "#0"},
				"east": {"uv": [10, 8.25, 10.25, 11], "rotation": 90, "texture": "#0"},
				"south": {"uv": [10, 10.75, 10.25, 11], "texture": "#0"},
				"west": {"uv": [10, 8.25, 10.25, 11], "rotation": 270, "texture": "#0"},
				"up": {"uv": [10, 8.25, 10.25, 11], "texture": "#0"},
				"down": {"uv": [10, 11, 10.25, 8.25], "texture": "#0"}
			}
		},
		{
			"name": "AA-12_53",
			"from": [4.25, 0, 8.5],
			"to": [4.5, 1, 10.75],
			"faces": {
				"north": {"uv": [4.5, 8.5, 4.25, 8.75], "texture": "#0"},
				"south": {"uv": [4.25, 10.5, 4.5, 10.75], "texture": "#0"},
				"west": {"uv": [4.25, 8.5, 4.5, 10.75], "rotation": 270, "texture": "#0"},
				"up": {"uv": [4.25, 8.5, 4.5, 10.75], "texture": "#0"},
				"down": {"uv": [4.25, 10.75, 4.5, 8.5], "texture": "#0"}
			}
		},
		{
			"name": "AA-12_54",
			"from": [10.25, 0, 8.5],
			"to": [10.5, 1, 11.25],
			"faces": {
				"north": {"uv": [10.5, 8.5, 10.25, 8.75], "texture": "#0"},
				"east": {"uv": [10.25, 8.5, 10.5, 11.25], "rotation": 90, "texture": "#0"},
				"south": {"uv": [10.25, 11, 10.5, 11.25], "texture": "#0"},
				"west": {"uv": [10.25, 8.5, 10.5, 11.25], "rotation": 270, "texture": "#0"},
				"up": {"uv": [10.25, 8.5, 10.5, 11.25], "texture": "#0"},
				"down": {"uv": [10.25, 11.25, 10.5, 8.5], "texture": "#0"}
			}
		},
		{
			"name": "AA-12_55",
			"from": [4, 0, 8.75],
			"to": [4.25, 1, 10.5],
			"faces": {
				"north": {"uv": [4.25, 8.75, 4, 9], "texture": "#0"},
				"south": {"uv": [4, 10.25, 4.25, 10.5], "texture": "#0"},
				"west": {"uv": [4, 8.75, 4.25, 10.5], "rotation": 270, "texture": "#0"},
				"up": {"uv": [4, 8.75, 4.25, 10.5], "texture": "#0"},
				"down": {"uv": [4, 10.5, 4.25, 8.75], "texture": "#0"}
			}
		},
		{
			"name": "AA-12_56",
			"from": [10.5, 0, 8.75],
			"to": [10.75, 1, 11.75],
			"faces": {
				"north": {"uv": [10.75, 8.75, 10.5, 9], "texture": "#0"},
				"east": {"uv": [10.5, 8.75, 10.75, 11.75], "rotation": 90, "texture": "#0"},
				"south": {"uv": [10.5, 11.5, 10.75, 11.75], "texture": "#0"},
				"west": {"uv": [10.5, 8.75, 10.75, 11.75], "rotation": 270, "texture": "#0"},
				"up": {"uv": [10.5, 8.75, 10.75, 11.75], "texture": "#0"},
				"down": {"uv": [10.5, 11.75, 10.75, 8.75], "texture": "#0"}
			}
		},
		{
			"name": "AA-12_57",
			"from": [3.75, 0, 9],
			"to": [4, 1, 10.25],
			"faces": {
				"north": {"uv": [4, 9, 3.75, 9.25], "texture": "#0"},
				"south": {"uv": [3.75, 10, 4, 10.25], "texture": "#0"},
				"west": {"uv": [3.75, 9, 4, 10.25], "rotation": 270, "texture": "#0"},
				"up": {"uv": [3.75, 9, 4, 10.25], "texture": "#0"},
				"down": {"uv": [3.75, 10.25, 4, 9], "texture": "#0"}
			}
		},
		{
			"name": "AA-12_58",
			"from": [10.75, 0, 9],
			"to": [11, 1, 12.5],
			"faces": {
				"north": {"uv": [11, 9, 10.75, 9.25], "texture": "#0"},
				"east": {"uv": [10.75, 9, 11, 12.5], "rotation": 90, "texture": "#0"},
				"south": {"uv": [10.75, 12.25, 11, 12.5], "texture": "#0"},
				"west": {"uv": [10.75, 9, 11, 12.5], "rotation": 270, "texture": "#0"},
				"up": {"uv": [10.75, 9, 11, 12.5], "texture": "#0"},
				"down": {"uv": [10.75, 12.5, 11, 9], "texture": "#0"}
			}
		},
		{
			"name": "AA-12_59",
			"from": [7.5, 0, 9.25],
			"to": [8, 1, 9.75],
			"faces": {
				"north": {"uv": [8, 9.25, 7.5, 9.5], "texture": "#0"},
				"east": {"uv": [7.75, 9.25, 8, 9.75], "rotation": 90, "texture": "#0"},
				"south": {"uv": [7.5, 9.5, 8, 9.75], "texture": "#0"},
				"west": {"uv": [7.5, 9.25, 7.75, 9.75], "rotation": 270, "texture": "#0"},
				"up": {"uv": [7.5, 9.25, 8, 9.75], "texture": "#0"},
				"down": {"uv": [7.5, 9.75, 8, 9.25], "texture": "#0"}
			}
		},
		{
			"name": "AA-12_60",
			"from": [8.5, 0, 9.25],
			"to": [8.75, 1, 12.75],
			"faces": {
				"north": {"uv": [8.75, 9.25, 8.5, 9.5], "texture": "#0"},
				"south": {"uv": [8.5, 12.5, 8.75, 12.75], "texture": "#0"},
				"west": {"uv": [8.5, 9.25, 8.75, 12.75], "rotation": 270, "texture": "#0"},
				"up": {"uv": [8.5, 9.25, 8.75, 12.75], "texture": "#0"},
				"down": {"uv": [8.5, 12.75, 8.75, 9.25], "texture": "#0"}
			}
		},
		{
			"name": "AA-12_61",
			"from": [11, 0, 9.25],
			"to": [11.25, 1, 13],
			"faces": {
				"north": {"uv": [11.25, 9.25, 11, 9.5], "texture": "#0"},
				"east": {"uv": [11, 9.25, 11.25, 13], "rotation": 90, "texture": "#0"},
				"south": {"uv": [11, 12.75, 11.25, 13], "texture": "#0"},
				"west": {"uv": [11, 9.25, 11.25, 13], "rotation": 270, "texture": "#0"},
				"up": {"uv": [11, 9.25, 11.25, 13], "texture": "#0"},
				"down": {"uv": [11, 13, 11.25, 9.25], "texture": "#0"}
			}
		},
		{
			"name": "AA-12_62",
			"from": [3.5, 0, 9.5],
			"to": [3.75, 1, 10],
			"faces": {
				"north": {"uv": [3.75, 9.5, 3.5, 9.75], "texture": "#0"},
				"south": {"uv": [3.5, 9.75, 3.75, 10], "texture": "#0"},
				"west": {"uv": [3.5, 9.5, 3.75, 10], "rotation": 270, "texture": "#0"},
				"up": {"uv": [3.5, 9.5, 3.75, 10], "texture": "#0"},
				"down": {"uv": [3.5, 10, 3.75, 9.5], "texture": "#0"}
			}
		},
		{
			"name": "AA-12_63",
			"from": [8.25, 0, 9.5],
			"to": [8.5, 1, 12.75],
			"faces": {
				"north": {"uv": [8.5, 9.5, 8.25, 9.75], "texture": "#0"},
				"south": {"uv": [8.25, 12.5, 8.5, 12.75], "texture": "#0"},
				"west": {"uv": [8.25, 9.5, 8.5, 12.75], "rotation": 270, "texture": "#0"},
				"up": {"uv": [8.25, 9.5, 8.5, 12.75], "texture": "#0"},
				"down": {"uv": [8.25, 12.75, 8.5, 9.5], "texture": "#0"}
			}
		},
		{
			"name": "AA-12_64",
			"from": [7.75, 0, 9.75],
			"to": [8.25, 1, 10],
			"faces": {
				"north": {"uv": [8.25, 9.75, 7.75, 10], "texture": "#0"},
				"south": {"uv": [7.75, 9.75, 8.25, 10], "texture": "#0"},
				"west": {"uv": [7.75, 9.75, 8, 10], "rotation": 270, "texture": "#0"},
				"up": {"uv": [7.75, 9.75, 8.25, 10], "texture": "#0"},
				"down": {"uv": [7.75, 10, 8.25, 9.75], "texture": "#0"}
			}
		},
		{
			"name": "AA-12_65",
			"from": [11.25, 0, 9.75],
			"to": [11.5, 1, 13.5],
			"faces": {
				"north": {"uv": [11.5, 9.75, 11.25, 10], "texture": "#0"},
				"east": {"uv": [11.25, 9.75, 11.5, 13.5], "rotation": 90, "texture": "#0"},
				"south": {"uv": [11.25, 13.25, 11.5, 13.5], "texture": "#0"},
				"west": {"uv": [11.25, 9.75, 11.5, 13.5], "rotation": 270, "texture": "#0"},
				"up": {"uv": [11.25, 9.75, 11.5, 13.5], "texture": "#0"},
				"down": {"uv": [11.25, 13.5, 11.5, 9.75], "texture": "#0"}
			}
		},
		{
			"name": "AA-12_66",
			"from": [8, 0, 10],
			"to": [8.25, 1, 10.25],
			"faces": {
				"south": {"uv": [8, 10, 8.25, 10.25], "texture": "#0"},
				"west": {"uv": [8, 10, 8.25, 10.25], "rotation": 270, "texture": "#0"},
				"up": {"uv": [8, 10, 8.25, 10.25], "texture": "#0"},
				"down": {"uv": [8, 10.25, 8.25, 10], "texture": "#0"}
			}
		},
		{
			"name": "AA-12_67",
			"from": [11.5, 0, 10],
			"to": [11.75, 1, 14],
			"faces": {
				"north": {"uv": [11.75, 10, 11.5, 10.25], "texture": "#0"},
				"east": {"uv": [11.5, 10, 11.75, 14], "rotation": 90, "texture": "#0"},
				"south": {"uv": [11.5, 13.75, 11.75, 14], "texture": "#0"},
				"west": {"uv": [11.5, 10, 11.75, 14], "rotation": 270, "texture": "#0"},
				"up": {"uv": [11.5, 10, 11.75, 14], "texture": "#0"},
				"down": {"uv": [11.5, 14, 11.75, 10], "texture": "#0"}
			}
		},
		{
			"name": "AA-12_68",
			"from": [11.75, 0, 10.25],
			"to": [12, 1, 14.5],
			"faces": {
				"north": {"uv": [12, 10.25, 11.75, 10.5], "texture": "#0"},
				"east": {"uv": [11.75, 10.25, 12, 14.5], "rotation": 90, "texture": "#0"},
				"south": {"uv": [11.75, 14.25, 12, 14.5], "texture": "#0"},
				"west": {"uv": [11.75, 10.25, 12, 14.5], "rotation": 270, "texture": "#0"},
				"up": {"uv": [11.75, 10.25, 12, 14.5], "texture": "#0"},
				"down": {"uv": [11.75, 14.5, 12, 10.25], "texture": "#0"}
			}
		},
		{
			"name": "AA-12_69",
			"from": [12, 0, 10.5],
			"to": [12.25, 1, 15],
			"faces": {
				"north": {"uv": [12.25, 10.5, 12, 10.75], "texture": "#0"},
				"east": {"uv": [12, 10.5, 12.25, 15], "rotation": 90, "texture": "#0"},
				"south": {"uv": [12, 14.75, 12.25, 15], "texture": "#0"},
				"west": {"uv": [12, 10.5, 12.25, 15], "rotation": 270, "texture": "#0"},
				"up": {"uv": [12, 10.5, 12.25, 15], "texture": "#0"},
				"down": {"uv": [12, 15, 12.25, 10.5], "texture": "#0"}
			}
		},
		{
			"name": "AA-12_70",
			"from": [5.75, 0, 10.75],
			"to": [6.25, 1, 11.5],
			"faces": {
				"north": {"uv": [6.25, 10.75, 5.75, 11], "texture": "#0"},
				"east": {"uv": [6, 10.75, 6.25, 11.5], "rotation": 90, "texture": "#0"},
				"south": {"uv": [5.75, 11.25, 6.25, 11.5], "texture": "#0"},
				"west": {"uv": [5.75, 10.75, 6, 11.5], "rotation": 270, "texture": "#0"},
				"up": {"uv": [5.75, 10.75, 6.25, 11.5], "texture": "#0"},
				"down": {"uv": [5.75, 11.5, 6.25, 10.75], "texture": "#0"}
			}
		},
		{
			"name": "AA-12_71",
			"from": [12.25, 0, 10.75],
			"to": [12.5, 1, 15.5],
			"faces": {
				"north": {"uv": [12.5, 10.75, 12.25, 11], "texture": "#0"},
				"east": {"uv": [12.25, 10.75, 12.5, 15.5], "rotation": 90, "texture": "#0"},
				"south": {"uv": [12.25, 15.25, 12.5, 15.5], "texture": "#0"},
				"west": {"uv": [12.25, 10.75, 12.5, 15.5], "rotation": 270, "texture": "#0"},
				"up": {"uv": [12.25, 10.75, 12.5, 15.5], "texture": "#0"},
				"down": {"uv": [12.25, 15.5, 12.5, 10.75], "texture": "#0"}
			}
		},
		{
			"name": "AA-12_72",
			"from": [6.25, 0, 11],
			"to": [6.75, 1, 11.75],
			"faces": {
				"north": {"uv": [6.75, 11, 6.25, 11.25], "texture": "#0"},
				"east": {"uv": [6.5, 11, 6.75, 11.75], "rotation": 90, "texture": "#0"},
				"south": {"uv": [6.25, 11.5, 6.75, 11.75], "texture": "#0"},
				"west": {"uv": [6.25, 11, 6.5, 11.75], "rotation": 270, "texture": "#0"},
				"up": {"uv": [6.25, 11, 6.75, 11.75], "texture": "#0"},
				"down": {"uv": [6.25, 11.75, 6.75, 11], "texture": "#0"}
			}
		},
		{
			"name": "AA-12_73",
			"from": [8, 0, 11],
			"to": [8.25, 1, 12.5],
			"faces": {
				"north": {"uv": [8.25, 11, 8, 11.25], "texture": "#0"},
				"south": {"uv": [8, 12.25, 8.25, 12.5], "texture": "#0"},
				"west": {"uv": [8, 11, 8.25, 12.5], "rotation": 270, "texture": "#0"},
				"up": {"uv": [8, 11, 8.25, 12.5], "texture": "#0"},
				"down": {"uv": [8, 12.5, 8.25, 11], "texture": "#0"}
			}
		},
		{
			"name": "AA-12_74",
			"from": [12.5, 0, 11],
			"to": [12.75, 1, 16],
			"faces": {
				"north": {"uv": [12.75, 11, 12.5, 11.25], "texture": "#0"},
				"east": {"uv": [12.5, 11, 12.75, 16], "rotation": 90, "texture": "#0"},
				"south": {"uv": [12.5, 15.75, 12.75, 16], "texture": "#0"},
				"west": {"uv": [12.5, 11, 12.75, 16], "rotation": 270, "texture": "#0"},
				"up": {"uv": [12.5, 11, 12.75, 16], "texture": "#0"},
				"down": {"uv": [12.5, 16, 12.75, 11], "texture": "#0"}
			}
		},
		{
			"name": "AA-12_75",
			"from": [6.75, 0, 11.25],
			"to": [7.25, 1, 12],
			"faces": {
				"north": {"uv": [7.25, 11.25, 6.75, 11.5], "texture": "#0"},
				"east": {"uv": [7, 11.25, 7.25, 12], "rotation": 90, "texture": "#0"},
				"south": {"uv": [6.75, 11.75, 7.25, 12], "texture": "#0"},
				"west": {"uv": [6.75, 11.25, 7, 12], "rotation": 270, "texture": "#0"},
				"up": {"uv": [6.75, 11.25, 7.25, 12], "texture": "#0"},
				"down": {"uv": [6.75, 12, 7.25, 11.25], "texture": "#0"}
			}
		},
		{
			"name": "AA-12_76",
			"from": [12.75, 0, 11.25],
			"to": [13, 1, 16],
			"faces": {
				"north": {"uv": [13, 11.25, 12.75, 11.5], "texture": "#0"},
				"east": {"uv": [12.75, 11.25, 13, 16], "rotation": 90, "texture": "#0"},
				"south": {"uv": [12.75, 15.75, 13, 16], "texture": "#0"},
				"up": {"uv": [12.75, 11.25, 13, 16], "texture": "#0"},
				"down": {"uv": [12.75, 16, 13, 11.25], "texture": "#0"}
			}
		},
		{
			"name": "AA-12_77",
			"from": [7.25, 0, 11.5],
			"to": [7.75, 1, 12.25],
			"faces": {
				"north": {"uv": [7.75, 11.5, 7.25, 11.75], "texture": "#0"},
				"east": {"uv": [7.5, 11.5, 7.75, 12.25], "rotation": 90, "texture": "#0"},
				"south": {"uv": [7.25, 12, 7.75, 12.25], "texture": "#0"},
				"west": {"uv": [7.25, 11.5, 7.5, 12.25], "rotation": 270, "texture": "#0"},
				"up": {"uv": [7.25, 11.5, 7.75, 12.25], "texture": "#0"},
				"down": {"uv": [7.25, 12.25, 7.75, 11.5], "texture": "#0"}
			}
		},
		{
			"name": "AA-12_78",
			"from": [13, 0, 11.5],
			"to": [13.25, 1, 16],
			"faces": {
				"north": {"uv": [13.25, 11.5, 13, 11.75], "texture": "#0"},
				"east": {"uv": [13, 11.5, 13.25, 16], "rotation": 90, "texture": "#0"},
				"south": {"uv": [13, 15.75, 13.25, 16], "texture": "#0"},
				"up": {"uv": [13, 11.5, 13.25, 16], "texture": "#0"},
				"down": {"uv": [13, 16, 13.25, 11.5], "texture": "#0"}
			}
		},
		{
			"name": "AA-12_79",
			"from": [7.75, 0, 11.75],
			"to": [8, 1, 12.5],
			"faces": {
				"north": {"uv": [8, 11.75, 7.75, 12], "texture": "#0"},
				"south": {"uv": [7.75, 12.25, 8, 12.5], "texture": "#0"},
				"west": {"uv": [7.75, 11.75, 8, 12.5], "rotation": 270, "texture": "#0"},
				"up": {"uv": [7.75, 11.75, 8, 12.5], "texture": "#0"},
				"down": {"uv": [7.75, 12.5, 8, 11.75], "texture": "#0"}
			}
		},
		{
			"name": "AA-12_80",
			"from": [13.25, 0, 11.75],
			"to": [13.5, 1, 15.75],
			"faces": {
				"north": {"uv": [13.5, 11.75, 13.25, 12], "texture": "#0"},
				"east": {"uv": [13.25, 11.75, 13.5, 15.75], "rotation": 90, "texture": "#0"},
				"south": {"uv": [13.25, 15.5, 13.5, 15.75], "texture": "#0"},
				"up": {"uv": [13.25, 11.75, 13.5, 15.75], "texture": "#0"},
				"down": {"uv": [13.25, 15.75, 13.5, 11.75], "texture": "#0"}
			}
		},
		{
			"name": "AA-12_81",
			"from": [13.5, 0, 12],
			"to": [13.75, 1, 15.5],
			"faces": {
				"north": {"uv": [13.75, 12, 13.5, 12.25], "texture": "#0"},
				"east": {"uv": [13.5, 12, 13.75, 15.5], "rotation": 90, "texture": "#0"},
				"south": {"uv": [13.5, 15.25, 13.75, 15.5], "texture": "#0"},
				"up": {"uv": [13.5, 12, 13.75, 15.5], "texture": "#0"},
				"down": {"uv": [13.5, 15.5, 13.75, 12], "texture": "#0"}
			}
		},
		{
			"name": "AA-12_82",
			"from": [13.75, 0, 12.25],
			"to": [14, 1, 15.25],
			"faces": {
				"north": {"uv": [14, 12.25, 13.75, 12.5], "texture": "#0"},
				"east": {"uv": [13.75, 12.25, 14, 15.25], "rotation": 90, "texture": "#0"},
				"south": {"uv": [13.75, 15, 14, 15.25], "texture": "#0"},
				"up": {"uv": [13.75, 12.25, 14, 15.25], "texture": "#0"},
				"down": {"uv": [13.75, 15.25, 14, 12.25], "texture": "#0"}
			}
		},
		{
			"name": "AA-12_83",
			"from": [14, 0, 12.5],
			"to": [14.25, 1, 15.25],
			"faces": {
				"north": {"uv": [14.25, 12.5, 14, 12.75], "texture": "#0"},
				"east": {"uv": [14, 12.5, 14.25, 15.25], "rotation": 90, "texture": "#0"},
				"south": {"uv": [14, 15, 14.25, 15.25], "texture": "#0"},
				"up": {"uv": [14, 12.5, 14.25, 15.25], "texture": "#0"},
				"down": {"uv": [14, 15.25, 14.25, 12.5], "texture": "#0"}
			}
		},
		{
			"name": "AA-12_84",
			"from": [14.25, 0, 12.75],
			"to": [14.5, 1, 15],
			"faces": {
				"north": {"uv": [14.5, 12.75, 14.25, 13], "texture": "#0"},
				"east": {"uv": [14.25, 12.75, 14.5, 15], "rotation": 90, "texture": "#0"},
				"south": {"uv": [14.25, 14.75, 14.5, 15], "texture": "#0"},
				"up": {"uv": [14.25, 12.75, 14.5, 15], "texture": "#0"},
				"down": {"uv": [14.25, 15, 14.5, 12.75], "texture": "#0"}
			}
		},
		{
			"name": "AA-12_85",
			"from": [14.5, 0, 13],
			"to": [14.75, 1, 14.75],
			"faces": {
				"north": {"uv": [14.75, 13, 14.5, 13.25], "texture": "#0"},
				"east": {"uv": [14.5, 13, 14.75, 14.75], "rotation": 90, "texture": "#0"},
				"south": {"uv": [14.5, 14.5, 14.75, 14.75], "texture": "#0"},
				"up": {"uv": [14.5, 13, 14.75, 14.75], "texture": "#0"},
				"down": {"uv": [14.5, 14.75, 14.75, 13], "texture": "#0"}
			}
		},
		{
			"name": "AA-12_86",
			"from": [14.75, 0, 13.25],
			"to": [15, 1, 14.75],
			"faces": {
				"north": {"uv": [15, 13.25, 14.75, 13.5], "texture": "#0"},
				"east": {"uv": [14.75, 13.25, 15, 14.75], "rotation": 90, "texture": "#0"},
				"south": {"uv": [14.75, 14.5, 15, 14.75], "texture": "#0"},
				"up": {"uv": [14.75, 13.25, 15, 14.75], "texture": "#0"},
				"down": {"uv": [14.75, 14.75, 15, 13.25], "texture": "#0"}
			}
		},
		{
			"name": "AA-12_87",
			"from": [15, 0, 13.5],
			"to": [15.25, 1, 14.5],
			"faces": {
				"north": {"uv": [15.25, 13.5, 15, 13.75], "texture": "#0"},
				"east": {"uv": [15, 13.5, 15.25, 14.5], "rotation": 90, "texture": "#0"},
				"south": {"uv": [15, 14.25, 15.25, 14.5], "texture": "#0"},
				"up": {"uv": [15, 13.5, 15.25, 14.5], "texture": "#0"},
				"down": {"uv": [15, 14.5, 15.25, 13.5], "texture": "#0"}
			}
		},
		{
			"name": "AA-12_88",
			"from": [15.25, 0, 13.75],
			"to": [15.5, 1, 14.25],
			"faces": {
				"north": {"uv": [15.5, 13.75, 15.25, 14], "texture": "#0"},
				"east": {"uv": [15.25, 13.75, 15.5, 14.25], "rotation": 90, "texture": "#0"},
				"south": {"uv": [15.25, 14, 15.5, 14.25], "texture": "#0"},
				"up": {"uv": [15.25, 13.75, 15.5, 14.25], "texture": "#0"},
				"down": {"uv": [15.25, 14.25, 15.5, 13.75], "texture": "#0"}
			}
		}
	],
	"display": {
		"thirdperson_righthand": {
			"rotation": [45, 0, 90],
			"translation": [-7.5, 2, -0.75]
		},
		"thirdperson_lefthand": {
			"rotation": [45, 0, -90],
			"translation": [7.5, 2, -0.75]
		},
		"firstperson_righthand": {
			"rotation": [55, 0, 90],
			"translation": [-8, 2.5, 0]
		},
		"firstperson_lefthand": {
			"rotation": [55, 0, -90],
			"translation": [8, 2.5, 0]
		},
		"ground": {
			"rotation": [90, 0, 90],
			"translation": [-4, 0, 0],
			"scale": [0.5, 0.5, 0.5]
		},
		"gui": {
			"rotation": [90, 0, 0],
			"translation": [0.75, 0.25, 0]
		},
		"head": {
			"rotation": [45, 0, 90],
			"translation": [-7.5, 8.25, -1.5]
		},
		"fixed": {
			"rotation": [90, 0, 0],
			"translation": [0, 0, 7]
		}
	},
	"groups": [
		{
			"name": "AA-12",
			"origin": [8, 8, 8],
			"children": [0, 1, 2, 3, 4, 5, 6, 7, 8, 9, 10, 11, 12, 13, 14, 15, 16, 17, 18, 19, 20, 21, 22, 23, 24, 25, 26, 27, 28, 29, 30, 31, 32, 33, 34, 35, 36, 37, 38, 39, 40, 41, 42, 43, 44, 45, 46, 47, 48, 49, 50, 51, 52, 53, 54, 55, 56, 57, 58, 59, 60, 61, 62, 63, 64, 65, 66, 67, 68, 69, 70, 71, 72, 73, 74, 75, 76, 77, 78, 79, 80, 81, 82, 83, 84, 85, 86, 87, 88]
		}
	]
}