{
	"credit": "Made with Blockbench",
	"textures": {
		"0": "gun_textures/advanced_sniper",
		"particle": "gun_textures/advanced_sniper"
	},
	"elements": [
		{
			"name": "advanced_sniper_0",
			"from": [0.75, 0, 0.25],
			"to": [1.25, 1, 1],
			"faces": {
				"north": {"uv": [1.25, 0.25, 0.75, 0.5], "texture": "#0"},
				"east": {"uv": [1, 0.25, 1.25, 1], "rotation": 90, "texture": "#0"},
				"south": {"uv": [0.75, 0.75, 1.25, 1], "texture": "#0"},
				"west": {"uv": [0.75, 0.25, 1, 1], "rotation": 270, "texture": "#0"},
				"up": {"uv": [0.75, 0.25, 1.25, 1], "texture": "#0"},
				"down": {"uv": [0.75, 1, 1.25, 0.25], "texture": "#0"}
			}
		},
		{
			"name": "advanced_sniper_1",
			"from": [0.5, 0, 0.5],
			"to": [0.75, 1, 0.75],
			"faces": {
				"north": {"uv": [0.75, 0.5, 0.5, 0.75], "texture": "#0"},
				"east": {"uv": [0.5, 0.5, 0.75, 0.75], "rotation": 90, "texture": "#0"},
				"south": {"uv": [0.5, 0.5, 0.75, 0.75], "texture": "#0"},
				"west": {"uv": [0.5, 0.5, 0.75, 0.75], "rotation": 270, "texture": "#0"},
				"up": {"uv": [0.5, 0.5, 0.75, 0.75], "texture": "#0"},
				"down": {"uv": [0.5, 0.75, 0.75, 0.5], "texture": "#0"}
			}
		},
		{
			"name": "advanced_sniper_2",
			"from": [1.25, 0, 0.5],
			"to": [1.5, 1, 1.5],
			"faces": {
				"north": {"uv": [1.5, 0.5, 1.25, 0.75], "texture": "#0"},
				"east": {"uv": [1.25, 0.5, 1.5, 1.5], "rotation": 90, "texture": "#0"},
				"south": {"uv": [1.25, 1.25, 1.5, 1.5], "texture": "#0"},
				"west": {"uv": [1.25, 0.5, 1.5, 1.5], "rotation": 270, "texture": "#0"},
				"up": {"uv": [1.25, 0.5, 1.5, 1.5], "texture": "#0"},
				"down": {"uv": [1.25, 1.5, 1.5, 0.5], "texture": "#0"}
			}
		},
		{
			"name": "advanced_sniper_3",
			"from": [1.5, 0, 0.75],
			"to": [1.75, 1, 1.75],
			"faces": {
				"north": {"uv": [1.75, 0.75, 1.5, 1], "texture": "#0"},
				"east": {"uv": [1.5, 0.75, 1.75, 1.75], "rotation": 90, "texture": "#0"},
				"south": {"uv": [1.5, 1.5, 1.75, 1.75], "texture": "#0"},
				"west": {"uv": [1.5, 0.75, 1.75, 1.75], "rotation": 270, "texture": "#0"},
				"up": {"uv": [1.5, 0.75, 1.75, 1.75], "texture": "#0"},
				"down": {"uv": [1.5, 1.75, 1.75, 0.75], "texture": "#0"}
			}
		},
		{
			"name": "advanced_sniper_4",
			"from": [1, 0, 1],
			"to": [1.25, 1, 1.25],
			"faces": {
				"north": {"uv": [1.25, 1, 1, 1.25], "texture": "#0"},
				"east": {"uv": [1, 1, 1.25, 1.25], "rotation": 90, "texture": "#0"},
				"south": {"uv": [1, 1, 1.25, 1.25], "texture": "#0"},
				"west": {"uv": [1, 1, 1.25, 1.25], "rotation": 270, "texture": "#0"},
				"up": {"uv": [1, 1, 1.25, 1.25], "texture": "#0"},
				"down": {"uv": [1, 1.25, 1.25, 1], "texture": "#0"}
			}
		},
		{
			"name": "advanced_sniper_5",
			"from": [1.75, 0, 1],
			"to": [2, 1, 2],
			"faces": {
				"north": {"uv": [2, 1, 1.75, 1.25], "texture": "#0"},
				"east": {"uv": [1.75, 1, 2, 2], "rotation": 90, "texture": "#0"},
				"south": {"uv": [1.75, 1.75, 2, 2], "texture": "#0"},
				"west": {"uv": [1.75, 1, 2, 2], "rotation": 270, "texture": "#0"},
				"up": {"uv": [1.75, 1, 2, 2], "texture": "#0"},
				"down": {"uv": [1.75, 2, 2, 1], "texture": "#0"}
			}
		},
		{
			"name": "advanced_sniper_6",
			"from": [2, 0, 1.25],
			"to": [2.25, 1, 2.25],
			"faces": {
				"north": {"uv": [2.25, 1.25, 2, 1.5], "texture": "#0"},
				"east": {"uv": [2, 1.25, 2.25, 2.25], "rotation": 90, "texture": "#0"},
				"south": {"uv": [2, 2, 2.25, 2.25], "texture": "#0"},
				"west": {"uv": [2, 1.25, 2.25, 2.25], "rotation": 270, "texture": "#0"},
				"up": {"uv": [2, 1.25, 2.25, 2.25], "texture": "#0"},
				"down": {"uv": [2, 2.25, 2.25, 1.25], "texture": "#0"}
			}
		},
		{
			"name": "advanced_sniper_7",
			"from": [2.25, 0, 1.5],
			"to": [2.5, 1, 2.5],
			"faces": {
				"north": {"uv": [2.5, 1.5, 2.25, 1.75], "texture": "#0"},
				"east": {"uv": [2.25, 1.5, 2.5, 2.5], "rotation": 90, "texture": "#0"},
				"south": {"uv": [2.25, 2.25, 2.5, 2.5], "texture": "#0"},
				"west": {"uv": [2.25, 1.5, 2.5, 2.5], "rotation": 270, "texture": "#0"},
				"up": {"uv": [2.25, 1.5, 2.5, 2.5], "texture": "#0"},
				"down": {"uv": [2.25, 2.5, 2.5, 1.5], "texture": "#0"}
			}
		},
		{
			"name": "advanced_sniper_8",
			"from": [2.5, 0, 1.75],
			"to": [2.75, 1, 2.75],
			"faces": {
				"north": {"uv": [2.75, 1.75, 2.5, 2], "texture": "#0"},
				"east": {"uv": [2.5, 1.75, 2.75, 2.75], "rotation": 90, "texture": "#0"},
				"south": {"uv": [2.5, 2.5, 2.75, 2.75], "texture": "#0"},
				"west": {"uv": [2.5, 1.75, 2.75, 2.75], "rotation": 270, "texture": "#0"},
				"up": {"uv": [2.5, 1.75, 2.75, 2.75], "texture": "#0"},
				"down": {"uv": [2.5, 2.75, 2.75, 1.75], "texture": "#0"}
			}
		},
		{
			"name": "advanced_sniper_9",
			"from": [2.75, 0, 2],
			"to": [3, 1, 3],
			"faces": {
				"north": {"uv": [3, 2, 2.75, 2.25], "texture": "#0"},
				"east": {"uv": [2.75, 2, 3, 3], "rotation": 90, "texture": "#0"},
				"south": {"uv": [2.75, 2.75, 3, 3], "texture": "#0"},
				"west": {"uv": [2.75, 2, 3, 3], "rotation": 270, "texture": "#0"},
				"up": {"uv": [2.75, 2, 3, 3], "texture": "#0"},
				"down": {"uv": [2.75, 3, 3, 2], "texture": "#0"}
			}
		},
		{
			"name": "advanced_sniper_10",
			"from": [3, 0, 2.25],
			"to": [3.25, 1, 3.25],
			"faces": {
				"north": {"uv": [3.25, 2.25, 3, 2.5], "texture": "#0"},
				"east": {"uv": [3, 2.25, 3.25, 3.25], "rotation": 90, "texture": "#0"},
				"south": {"uv": [3, 3, 3.25, 3.25], "texture": "#0"},
				"west": {"uv": [3, 2.25, 3.25, 3.25], "rotation": 270, "texture": "#0"},
				"up": {"uv": [3, 2.25, 3.25, 3.25], "texture": "#0"},
				"down": {"uv": [3, 3.25, 3.25, 2.25], "texture": "#0"}
			}
		},
		{
			"name": "advanced_sniper_11",
			"from": [3.25, 0, 2.5],
			"to": [3.5, 1, 3.5],
			"faces": {
				"north": {"uv": [3.5, 2.5, 3.25, 2.75], "texture": "#0"},
				"east": {"uv": [3.25, 2.5, 3.5, 3.5], "rotation": 90, "texture": "#0"},
				"south": {"uv": [3.25, 3.25, 3.5, 3.5], "texture": "#0"},
				"west": {"uv": [3.25, 2.5, 3.5, 3.5], "rotation": 270, "texture": "#0"},
				"up": {"uv": [3.25, 2.5, 3.5, 3.5], "texture": "#0"},
				"down": {"uv": [3.25, 3.5, 3.5, 2.5], "texture": "#0"}
			}
		},
		{
			"name": "advanced_sniper_12",
			"from": [3.5, 0, 2.75],
			"to": [3.75, 1, 3.75],
			"faces": {
				"north": {"uv": [3.75, 2.75, 3.5, 3], "texture": "#0"},
				"east": {"uv": [3.5, 2.75, 3.75, 3.75], "rotation": 90, "texture": "#0"},
				"south": {"uv": [3.5, 3.5, 3.75, 3.75], "texture": "#0"},
				"west": {"uv": [3.5, 2.75, 3.75, 3.75], "rotation": 270, "texture": "#0"},
				"up": {"uv": [3.5, 2.75, 3.75, 3.75], "texture": "#0"},
				"down": {"uv": [3.5, 3.75, 3.75, 2.75], "texture": "#0"}
			}
		},
		{
			"name": "advanced_sniper_13",
			"from": [3.75, 0, 3],
			"to": [4, 1, 4],
			"faces": {
				"north": {"uv": [4, 3, 3.75, 3.25], "texture": "#0"},
				"east": {"uv": [3.75, 3, 4, 4], "rotation": 90, "texture": "#0"},
				"south": {"uv": [3.75, 3.75, 4, 4], "texture": "#0"},
				"west": {"uv": [3.75, 3, 4, 4], "rotation": 270, "texture": "#0"},
				"up": {"uv": [3.75, 3, 4, 4], "texture": "#0"},
				"down": {"uv": [3.75, 4, 4, 3], "texture": "#0"}
			}
		},
		{
			"name": "advanced_sniper_14",
			"from": [4, 0, 3.25],
			"to": [4.25, 1, 4.25],
			"faces": {
				"north": {"uv": [4.25, 3.25, 4, 3.5], "texture": "#0"},
				"east": {"uv": [4, 3.25, 4.25, 4.25], "rotation": 90, "texture": "#0"},
				"south": {"uv": [4, 4, 4.25, 4.25], "texture": "#0"},
				"west": {"uv": [4, 3.25, 4.25, 4.25], "rotation": 270, "texture": "#0"},
				"up": {"uv": [4, 3.25, 4.25, 4.25], "texture": "#0"},
				"down": {"uv": [4, 4.25, 4.25, 3.25], "texture": "#0"}
			}
		},
		{
			"name": "advanced_sniper_15",
			"from": [4.25, 0, 3.5],
			"to": [4.5, 1, 4.5],
			"faces": {
				"north": {"uv": [4.5, 3.5, 4.25, 3.75], "texture": "#0"},
				"east": {"uv": [4.25, 3.5, 4.5, 4.5], "rotation": 90, "texture": "#0"},
				"south": {"uv": [4.25, 4.25, 4.5, 4.5], "texture": "#0"},
				"west": {"uv": [4.25, 3.5, 4.5, 4.5], "rotation": 270, "texture": "#0"},
				"up": {"uv": [4.25, 3.5, 4.5, 4.5], "texture": "#0"},
				"down": {"uv": [4.25, 4.5, 4.5, 3.5], "texture": "#0"}
			}
		},
		{
			"name": "advanced_sniper_16",
			"from": [4.5, 0, 3.75],
			"to": [4.75, 1, 4.75],
			"faces": {
				"north": {"uv": [4.75, 3.75, 4.5, 4], "texture": "#0"},
				"east": {"uv": [4.5, 3.75, 4.75, 4.75], "rotation": 90, "texture": "#0"},
				"south": {"uv": [4.5, 4.5, 4.75, 4.75], "texture": "#0"},
				"west": {"uv": [4.5, 3.75, 4.75, 4.75], "rotation": 270, "texture": "#0"},
				"up": {"uv": [4.5, 3.75, 4.75, 4.75], "texture": "#0"},
				"down": {"uv": [4.5, 4.75, 4.75, 3.75], "texture": "#0"}
			}
		},
		{
			"name": "advanced_sniper_17",
			"from": [4.75, 0, 4],
			"to": [5, 1, 5],
			"faces": {
				"north": {"uv": [5, 4, 4.75, 4.25], "texture": "#0"},
				"east": {"uv": [4.75, 4, 5, 5], "rotation": 90, "texture": "#0"},
				"south": {"uv": [4.75, 4.75, 5, 5], "texture": "#0"},
				"west": {"uv": [4.75, 4, 5, 5], "rotation": 270, "texture": "#0"},
				"up": {"uv": [4.75, 4, 5, 5], "texture": "#0"},
				"down": {"uv": [4.75, 5, 5, 4], "texture": "#0"}
			}
		},
		{
			"name": "advanced_sniper_18",
			"from": [5, 0, 4.25],
			"to": [5.25, 1, 5],
			"faces": {
				"north": {"uv": [5.25, 4.25, 5, 4.5], "texture": "#0"},
				"east": {"uv": [5, 4.25, 5.25, 5], "rotation": 90, "texture": "#0"},
				"south": {"uv": [5, 4.75, 5.25, 5], "texture": "#0"},
				"west": {"uv": [5, 4.25, 5.25, 5], "rotation": 270, "texture": "#0"},
				"up": {"uv": [5, 4.25, 5.25, 5], "texture": "#0"},
				"down": {"uv": [5, 5, 5.25, 4.25], "texture": "#0"}
			}
		},
		{
			"name": "advanced_sniper_19",
			"from": [5.25, 0, 4.5],
			"to": [5.5, 1, 5.75],
			"faces": {
				"north": {"uv": [5.5, 4.5, 5.25, 4.75], "texture": "#0"},
				"east": {"uv": [5.25, 4.5, 5.5, 5.75], "rotation": 90, "texture": "#0"},
				"south": {"uv": [5.25, 5.5, 5.5, 5.75], "texture": "#0"},
				"west": {"uv": [5.25, 4.5, 5.5, 5.75], "rotation": 270, "texture": "#0"},
				"up": {"uv": [5.25, 4.5, 5.5, 5.75], "texture": "#0"},
				"down": {"uv": [5.25, 5.75, 5.5, 4.5], "texture": "#0"}
			}
		},
		{
			"name": "advanced_sniper_20",
			"from": [5.5, 0, 4.75],
			"to": [5.75, 1, 6],
			"faces": {
				"north": {"uv": [5.75, 4.75, 5.5, 5], "texture": "#0"},
				"east": {"uv": [5.5, 4.75, 5.75, 6], "rotation": 90, "texture": "#0"},
				"south": {"uv": [5.5, 5.75, 5.75, 6], "texture": "#0"},
				"west": {"uv": [5.5, 4.75, 5.75, 6], "rotation": 270, "texture": "#0"},
				"up": {"uv": [5.5, 4.75, 5.75, 6], "texture": "#0"},
				"down": {"uv": [5.5, 6, 5.75, 4.75], "texture": "#0"}
			}
		},
		{
			"name": "advanced_sniper_21",
			"from": [5.75, 0, 5],
			"to": [6, 1, 6.25],
			"faces": {
				"north": {"uv": [6, 5, 5.75, 5.25], "texture": "#0"},
				"east": {"uv": [5.75, 5, 6, 6.25], "rotation": 90, "texture": "#0"},
				"south": {"uv": [5.75, 6, 6, 6.25], "texture": "#0"},
				"west": {"uv": [5.75, 5, 6, 6.25], "rotation": 270, "texture": "#0"},
				"up": {"uv": [5.75, 5, 6, 6.25], "texture": "#0"},
				"down": {"uv": [5.75, 6.25, 6, 5], "texture": "#0"}
			}
		},
		{
			"name": "advanced_sniper_22",
			"from": [5, 0, 5.25],
			"to": [5.25, 1, 5.5],
			"faces": {
				"north": {"uv": [5.25, 5.25, 5, 5.5], "texture": "#0"},
				"east": {"uv": [5, 5.25, 5.25, 5.5], "rotation": 90, "texture": "#0"},
				"south": {"uv": [5, 5.25, 5.25, 5.5], "texture": "#0"},
				"west": {"uv": [5, 5.25, 5.25, 5.5], "rotation": 270, "texture": "#0"},
				"up": {"uv": [5, 5.25, 5.25, 5.5], "texture": "#0"},
				"down": {"uv": [5, 5.5, 5.25, 5.25], "texture": "#0"}
			}
		},
		{
			"name": "advanced_sniper_23",
			"from": [6, 0, 5.25],
			"to": [6.25, 1, 6.5],
			"faces": {
				"north": {"uv": [6.25, 5.25, 6, 5.5], "texture": "#0"},
				"east": {"uv": [6, 5.25, 6.25, 6.5], "rotation": 90, "texture": "#0"},
				"south": {"uv": [6, 6.25, 6.25, 6.5], "texture": "#0"},
				"west": {"uv": [6, 5.25, 6.25, 6.5], "rotation": 270, "texture": "#0"},
				"up": {"uv": [6, 5.25, 6.25, 6.5], "texture": "#0"},
				"down": {"uv": [6, 6.5, 6.25, 5.25], "texture": "#0"}
			}
		},
		{
			"name": "advanced_sniper_24",
			"from": [6.25, 0, 5.5],
			"to": [6.5, 1, 6.75],
			"faces": {
				"north": {"uv": [6.5, 5.5, 6.25, 5.75], "texture": "#0"},
				"east": {"uv": [6.25, 5.5, 6.5, 6.75], "rotation": 90, "texture": "#0"},
				"south": {"uv": [6.25, 6.5, 6.5, 6.75], "texture": "#0"},
				"west": {"uv": [6.25, 5.5, 6.5, 6.75], "rotation": 270, "texture": "#0"},
				"up": {"uv": [6.25, 5.5, 6.5, 6.75], "texture": "#0"},
				"down": {"uv": [6.25, 6.75, 6.5, 5.5], "texture": "#0"}
			}
		},
		{
			"name": "advanced_sniper_25",
			"from": [6.5, 0, 5.75],
			"to": [6.75, 1, 7],
			"faces": {
				"north": {"uv": [6.75, 5.75, 6.5, 6], "texture": "#0"},
				"east": {"uv": [6.5, 5.75, 6.75, 7], "rotation": 90, "texture": "#0"},
				"south": {"uv": [6.5, 6.75, 6.75, 7], "texture": "#0"},
				"west": {"uv": [6.5, 5.75, 6.75, 7], "rotation": 270, "texture": "#0"},
				"up": {"uv": [6.5, 5.75, 6.75, 7], "texture": "#0"},
				"down": {"uv": [6.5, 7, 6.75, 5.75], "texture": "#0"}
			}
		},
		{
			"name": "advanced_sniper_26",
			"from": [6.75, 0, 6],
			"to": [7, 1, 7.25],
			"faces": {
				"north": {"uv": [7, 6, 6.75, 6.25], "texture": "#0"},
				"east": {"uv": [6.75, 6, 7, 7.25], "rotation": 90, "texture": "#0"},
				"south": {"uv": [6.75, 7, 7, 7.25], "texture": "#0"},
				"west": {"uv": [6.75, 6, 7, 7.25], "rotation": 270, "texture": "#0"},
				"up": {"uv": [6.75, 6, 7, 7.25], "texture": "#0"},
				"down": {"uv": [6.75, 7.25, 7, 6], "texture": "#0"}
			}
		},
		{
			"name": "advanced_sniper_27",
			"from": [7, 0, 6.25],
			"to": [7.25, 1, 7.5],
			"faces": {
				"north": {"uv": [7.25, 6.25, 7, 6.5], "texture": "#0"},
				"east": {"uv": [7, 6.25, 7.25, 7.5], "rotation": 90, "texture": "#0"},
				"south": {"uv": [7, 7.25, 7.25, 7.5], "texture": "#0"},
				"west": {"uv": [7, 6.25, 7.25, 7.5], "rotation": 270, "texture": "#0"},
				"up": {"uv": [7, 6.25, 7.25, 7.5], "texture": "#0"},
				"down": {"uv": [7, 7.5, 7.25, 6.25], "texture": "#0"}
			}
		},
		{
			"name": "advanced_sniper_28",
			"from": [7.25, 0, 6.5],
			"to": [7.5, 1, 9],
			"faces": {
				"north": {"uv": [7.5, 6.5, 7.25, 6.75], "texture": "#0"},
				"east": {"uv": [7.25, 6.5, 7.5, 9], "rotation": 90, "texture": "#0"},
				"south": {"uv": [7.25, 8.75, 7.5, 9], "texture": "#0"},
				"west": {"uv": [7.25, 6.5, 7.5, 9], "rotation": 270, "texture": "#0"},
				"up": {"uv": [7.25, 6.5, 7.5, 9], "texture": "#0"},
				"down": {"uv": [7.25, 9, 7.5, 6.5], "texture": "#0"}
			}
		},
		{
			"name": "advanced_sniper_29",
			"from": [7.5, 0, 6.75],
			"to": [8, 1, 9.25],
			"faces": {
				"north": {"uv": [8, 6.75, 7.5, 7], "texture": "#0"},
				"east": {"uv": [7.75, 6.75, 8, 9.25], "rotation": 90, "texture": "#0"},
				"south": {"uv": [7.5, 9, 8, 9.25], "texture": "#0"},
				"west": {"uv": [7.5, 6.75, 7.75, 9.25], "rotation": 270, "texture": "#0"},
				"up": {"uv": [7.5, 6.75, 8, 9.25], "texture": "#0"},
				"down": {"uv": [7.5, 9.25, 8, 6.75], "texture": "#0"}
			}
		},
		{
			"name": "advanced_sniper_30",
			"from": [8, 0, 7],
			"to": [8.25, 1, 9.75],
			"faces": {
				"north": {"uv": [8.25, 7, 8, 7.25], "texture": "#0"},
				"east": {"uv": [8, 7, 8.25, 9.75], "rotation": 90, "texture": "#0"},
				"south": {"uv": [8, 9.5, 8.25, 9.75], "texture": "#0"},
				"west": {"uv": [8, 7, 8.25, 9.75], "rotation": 270, "texture": "#0"},
				"up": {"uv": [8, 7, 8.25, 9.75], "texture": "#0"},
				"down": {"uv": [8, 9.75, 8.25, 7], "texture": "#0"}
			}
		},
		{
			"name": "advanced_sniper_31",
			"from": [9.75, 0, 7],
			"to": [10, 1, 8],
			"faces": {
				"north": {"uv": [10, 7, 9.75, 7.25], "texture": "#0"},
				"east": {"uv": [9.75, 7, 10, 8], "rotation": 90, "texture": "#0"},
				"south": {"uv": [9.75, 7.75, 10, 8], "texture": "#0"},
				"west": {"uv": [9.75, 7, 10, 8], "rotation": 270, "texture": "#0"},
				"up": {"uv": [9.75, 7, 10, 8], "texture": "#0"},
				"down": {"uv": [9.75, 8, 10, 7], "texture": "#0"}
			}
		},
		{
			"name": "advanced_sniper_32",
			"from": [8.25, 0, 7.25],
			"to": [8.5, 1, 11.75],
			"faces": {
				"north": {"uv": [8.5, 7.25, 8.25, 7.5], "texture": "#0"},
				"east": {"uv": [8.25, 7.25, 8.5, 11.75], "rotation": 90, "texture": "#0"},
				"south": {"uv": [8.25, 11.5, 8.5, 11.75], "texture": "#0"},
				"west": {"uv": [8.25, 7.25, 8.5, 11.75], "rotation": 270, "texture": "#0"},
				"up": {"uv": [8.25, 7.25, 8.5, 11.75], "texture": "#0"},
				"down": {"uv": [8.25, 11.75, 8.5, 7.25], "texture": "#0"}
			}
		},
		{
			"name": "advanced_sniper_33",
			"from": [9.5, 0, 7.25],
			"to": [9.75, 1, 8],
			"faces": {
				"north": {"uv": [9.75, 7.25, 9.5, 7.5], "texture": "#0"},
				"east": {"uv": [9.5, 7.25, 9.75, 8], "rotation": 90, "texture": "#0"},
				"south": {"uv": [9.5, 7.75, 9.75, 8], "texture": "#0"},
				"west": {"uv": [9.5, 7.25, 9.75, 8], "rotation": 270, "texture": "#0"},
				"up": {"uv": [9.5, 7.25, 9.75, 8], "texture": "#0"},
				"down": {"uv": [9.5, 8, 9.75, 7.25], "texture": "#0"}
			}
		},
		{
			"name": "advanced_sniper_34",
			"from": [10, 0, 7.25],
			"to": [10.25, 1, 8.25],
			"faces": {
				"north": {"uv": [10.25, 7.25, 10, 7.5], "texture": "#0"},
				"east": {"uv": [10, 7.25, 10.25, 8.25], "rotation": 90, "texture": "#0"},
				"south": {"uv": [10, 8, 10.25, 8.25], "texture": "#0"},
				"west": {"uv": [10, 7.25, 10.25, 8.25], "rotation": 270, "texture": "#0"},
				"up": {"uv": [10, 7.25, 10.25, 8.25], "texture": "#0"},
				"down": {"uv": [10, 8.25, 10.25, 7.25], "texture": "#0"}
			}
		},
		{
			"name": "advanced_sniper_35",
			"from": [8.5, 0, 7.5],
			"to": [8.75, 1, 11.75],
			"faces": {
				"north": {"uv": [8.75, 7.5, 8.5, 7.75], "texture": "#0"},
				"east": {"uv": [8.5, 7.5, 8.75, 11.75], "rotation": 90, "texture": "#0"},
				"south": {"uv": [8.5, 11.5, 8.75, 11.75], "texture": "#0"},
				"west": {"uv": [8.5, 7.5, 8.75, 11.75], "rotation": 270, "texture": "#0"},
				"up": {"uv": [8.5, 7.5, 8.75, 11.75], "texture": "#0"},
				"down": {"uv": [8.5, 11.75, 8.75, 7.5], "texture": "#0"}
			}
		},
		{
			"name": "advanced_sniper_36",
			"from": [9.25, 0, 7.5],
			"to": [9.5, 1, 7.75],
			"faces": {
				"north": {"uv": [9.5, 7.5, 9.25, 7.75], "texture": "#0"},
				"east": {"uv": [9.25, 7.5, 9.5, 7.75], "rotation": 90, "texture": "#0"},
				"south": {"uv": [9.25, 7.5, 9.5, 7.75], "texture": "#0"},
				"west": {"uv": [9.25, 7.5, 9.5, 7.75], "rotation": 270, "texture": "#0"},
				"up": {"uv": [9.25, 7.5, 9.5, 7.75], "texture": "#0"},
				"down": {"uv": [9.25, 7.75, 9.5, 7.5], "texture": "#0"}
			}
		},
		{
			"name": "advanced_sniper_37",
			"from": [8.75, 0, 7.75],
			"to": [9, 1, 11.5],
			"faces": {
				"north": {"uv": [9, 7.75, 8.75, 8], "texture": "#0"},
				"east": {"uv": [8.75, 7.75, 9, 11.5], "rotation": 90, "texture": "#0"},
				"south": {"uv": [8.75, 11.25, 9, 11.5], "texture": "#0"},
				"west": {"uv": [8.75, 7.75, 9, 11.5], "rotation": 270, "texture": "#0"},
				"up": {"uv": [8.75, 7.75, 9, 11.5], "texture": "#0"},
				"down": {"uv": [8.75, 11.5, 9, 7.75], "texture": "#0"}
			}
		},
		{
			"name": "advanced_sniper_38",
			"from": [10.25, 0, 7.75],
			"to": [10.5, 1, 8.5],
			"faces": {
				"north": {"uv": [10.5, 7.75, 10.25, 8], "texture": "#0"},
				"east": {"uv": [10.25, 7.75, 10.5, 8.5], "rotation": 90, "texture": "#0"},
				"south": {"uv": [10.25, 8.25, 10.5, 8.5], "texture": "#0"},
				"west": {"uv": [10.25, 7.75, 10.5, 8.5], "rotation": 270, "texture": "#0"},
				"up": {"uv": [10.25, 7.75, 10.5, 8.5], "texture": "#0"},
				"down": {"uv": [10.25, 8.5, 10.5, 7.75], "texture": "#0"}
			}
		},
		{
			"name": "advanced_sniper_39",
			"from": [9, 0, 8],
			"to": [9.25, 1, 11.25],
			"faces": {
				"north": {"uv": [9.25, 8, 9, 8.25], "texture": "#0"},
				"east": {"uv": [9, 8, 9.25, 11.25], "rotation": 90, "texture": "#0"},
				"south": {"uv": [9, 11, 9.25, 11.25], "texture": "#0"},
				"west": {"uv": [9, 8, 9.25, 11.25], "rotation": 270, "texture": "#0"},
				"up": {"uv": [9, 8, 9.25, 11.25], "texture": "#0"},
				"down": {"uv": [9, 11.25, 9.25, 8], "texture": "#0"}
			}
		},
		{
			"name": "advanced_sniper_40",
			"from": [10.5, 0, 8],
			"to": [10.75, 1, 8.75],
			"faces": {
				"north": {"uv": [10.75, 8, 10.5, 8.25], "texture": "#0"},
				"east": {"uv": [10.5, 8, 10.75, 8.75], "rotation": 90, "texture": "#0"},
				"south": {"uv": [10.5, 8.5, 10.75, 8.75], "texture": "#0"},
				"west": {"uv": [10.5, 8, 10.75, 8.75], "rotation": 270, "texture": "#0"},
				"up": {"uv": [10.5, 8, 10.75, 8.75], "texture": "#0"},
				"down": {"uv": [10.5, 8.75, 10.75, 8], "texture": "#0"}
			}
		},
		{
			"name": "advanced_sniper_41",
			"from": [9.25, 0, 8.25],
			"to": [9.75, 1, 11.25],
			"faces": {
				"north": {"uv": [9.75, 8.25, 9.25, 8.5], "texture": "#0"},
				"east": {"uv": [9.5, 8.25, 9.75, 11.25], "rotation": 90, "texture": "#0"},
				"south": {"uv": [9.25, 11, 9.75, 11.25], "texture": "#0"},
				"west": {"uv": [9.25, 8.25, 9.5, 11.25], "rotation": 270, "texture": "#0"},
				"up": {"uv": [9.25, 8.25, 9.75, 11.25], "texture": "#0"},
				"down": {"uv": [9.25, 11.25, 9.75, 8.25], "texture": "#0"}
			}
		},
		{
			"name": "advanced_sniper_42",
			"from": [10.75, 0, 8.25],
			"to": [11, 1, 13.25],
			"faces": {
				"north": {"uv": [11, 8.25, 10.75, 8.5], "texture": "#0"},
				"east": {"uv": [10.75, 8.25, 11, 13.25], "rotation": 90, "texture": "#0"},
				"south": {"uv": [10.75, 13, 11, 13.25], "texture": "#0"},
				"west": {"uv": [10.75, 8.25, 11, 13.25], "rotation": 270, "texture": "#0"},
				"up": {"uv": [10.75, 8.25, 11, 13.25], "texture": "#0"},
				"down": {"uv": [10.75, 13.25, 11, 8.25], "texture": "#0"}
			}
		},
		{
			"name": "advanced_sniper_43",
			"from": [9.75, 0, 8.5],
			"to": [10, 1, 11.75],
			"faces": {
				"north": {"uv": [10, 8.5, 9.75, 8.75], "texture": "#0"},
				"east": {"uv": [9.75, 8.5, 10, 11.75], "rotation": 90, "texture": "#0"},
				"south": {"uv": [9.75, 11.5, 10, 11.75], "texture": "#0"},
				"west": {"uv": [9.75, 8.5, 10, 11.75], "rotation": 270, "texture": "#0"},
				"up": {"uv": [9.75, 8.5, 10, 11.75], "texture": "#0"},
				"down": {"uv": [9.75, 11.75, 10, 8.5], "texture": "#0"}
			}
		},
		{
			"name": "advanced_sniper_44",
			"from": [11, 0, 8.5],
			"to": [11.25, 1, 9.25],
			"faces": {
				"north": {"uv": [11.25, 8.5, 11, 8.75], "texture": "#0"},
				"east": {"uv": [11, 8.5, 11.25, 9.25], "rotation": 90, "texture": "#0"},
				"south": {"uv": [11, 9, 11.25, 9.25], "texture": "#0"},
				"west": {"uv": [11, 8.5, 11.25, 9.25], "rotation": 270, "texture": "#0"},
				"up": {"uv": [11, 8.5, 11.25, 9.25], "texture": "#0"},
				"down": {"uv": [11, 9.25, 11.25, 8.5], "texture": "#0"}
			}
		},
		{
			"name": "advanced_sniper_45",
			"from": [10, 0, 8.75],
			"to": [10.25, 1, 13.25],
			"faces": {
				"north": {"uv": [10.25, 8.75, 10, 9], "texture": "#0"},
				"east": {"uv": [10, 8.75, 10.25, 13.25], "rotation": 90, "texture": "#0"},
				"south": {"uv": [10, 13, 10.25, 13.25], "texture": "#0"},
				"west": {"uv": [10, 8.75, 10.25, 13.25], "rotation": 270, "texture": "#0"},
				"up": {"uv": [10, 8.75, 10.25, 13.25], "texture": "#0"},
				"down": {"uv": [10, 13.25, 10.25, 8.75], "texture": "#0"}
			}
		},
		{
			"name": "advanced_sniper_46",
			"from": [11.25, 0, 8.75],
			"to": [11.5, 1, 9.5],
			"faces": {
				"north": {"uv": [11.5, 8.75, 11.25, 9], "texture": "#0"},
				"east": {"uv": [11.25, 8.75, 11.5, 9.5], "rotation": 90, "texture": "#0"},
				"south": {"uv": [11.25, 9.25, 11.5, 9.5], "texture": "#0"},
				"west": {"uv": [11.25, 8.75, 11.5, 9.5], "rotation": 270, "texture": "#0"},
				"up": {"uv": [11.25, 8.75, 11.5, 9.5], "texture": "#0"},
				"down": {"uv": [11.25, 9.5, 11.5, 8.75], "texture": "#0"}
			}
		},
		{
			"name": "advanced_sniper_47",
			"from": [10.25, 0, 9],
			"to": [10.75, 1, 13.25],
			"faces": {
				"north": {"uv": [10.75, 9, 10.25, 9.25], "texture": "#0"},
				"east": {"uv": [10.5, 9, 10.75, 13.25], "rotation": 90, "texture": "#0"},
				"south": {"uv": [10.25, 13, 10.75, 13.25], "texture": "#0"},
				"west": {"uv": [10.25, 9, 10.5, 13.25], "rotation": 270, "texture": "#0"},
				"up": {"uv": [10.25, 9, 10.75, 13.25], "texture": "#0"},
				"down": {"uv": [10.25, 13.25, 10.75, 9], "texture": "#0"}
			}
		},
		{
			"name": "advanced_sniper_48",
			"from": [11.5, 0, 9],
			"to": [11.75, 1, 9.75],
			"faces": {
				"north": {"uv": [11.75, 9, 11.5, 9.25], "texture": "#0"},
				"east": {"uv": [11.5, 9, 11.75, 9.75], "rotation": 90, "texture": "#0"},
				"south": {"uv": [11.5, 9.5, 11.75, 9.75], "texture": "#0"},
				"west": {"uv": [11.5, 9, 11.75, 9.75], "rotation": 270, "texture": "#0"},
				"up": {"uv": [11.5, 9, 11.75, 9.75], "texture": "#0"},
				"down": {"uv": [11.5, 9.75, 11.75, 9], "texture": "#0"}
			}
		},
		{
			"name": "advanced_sniper_49",
			"from": [7.75, 0, 9.25],
			"to": [8, 1, 9.5],
			"faces": {
				"north": {"uv": [8, 9.25, 7.75, 9.5], "texture": "#0"},
				"east": {"uv": [7.75, 9.25, 8, 9.5], "rotation": 90, "texture": "#0"},
				"south": {"uv": [7.75, 9.25, 8, 9.5], "texture": "#0"},
				"west": {"uv": [7.75, 9.25, 8, 9.5], "rotation": 270, "texture": "#0"},
				"up": {"uv": [7.75, 9.25, 8, 9.5], "texture": "#0"},
				"down": {"uv": [7.75, 9.5, 8, 9.25], "texture": "#0"}
			}
		},
		{
			"name": "advanced_sniper_50",
			"from": [11.75, 0, 9.25],
			"to": [12, 1, 10],
			"faces": {
				"north": {"uv": [12, 9.25, 11.75, 9.5], "texture": "#0"},
				"east": {"uv": [11.75, 9.25, 12, 10], "rotation": 90, "texture": "#0"},
				"south": {"uv": [11.75, 9.75, 12, 10], "texture": "#0"},
				"west": {"uv": [11.75, 9.25, 12, 10], "rotation": 270, "texture": "#0"},
				"up": {"uv": [11.75, 9.25, 12, 10], "texture": "#0"},
				"down": {"uv": [11.75, 10, 12, 9.25], "texture": "#0"}
			}
		},
		{
			"name": "advanced_sniper_51",
			"from": [12, 0, 9.5],
			"to": [12.25, 1, 10.5],
			"faces": {
				"north": {"uv": [12.25, 9.5, 12, 9.75], "texture": "#0"},
				"east": {"uv": [12, 9.5, 12.25, 10.5], "rotation": 90, "texture": "#0"},
				"south": {"uv": [12, 10.25, 12.25, 10.5], "texture": "#0"},
				"west": {"uv": [12, 9.5, 12.25, 10.5], "rotation": 270, "texture": "#0"},
				"up": {"uv": [12, 9.5, 12.25, 10.5], "texture": "#0"},
				"down": {"uv": [12, 10.5, 12.25, 9.5], "texture": "#0"}
			}
		},
		{
			"name": "advanced_sniper_52",
			"from": [11, 0, 9.75],
			"to": [11.25, 1, 13],
			"faces": {
				"north": {"uv": [11.25, 9.75, 11, 10], "texture": "#0"},
				"east": {"uv": [11, 9.75, 11.25, 13], "rotation": 90, "texture": "#0"},
				"south": {"uv": [11, 12.75, 11.25, 13], "texture": "#0"},
				"west": {"uv": [11, 9.75, 11.25, 13], "rotation": 270, "texture": "#0"},
				"up": {"uv": [11, 9.75, 11.25, 13], "texture": "#0"},
				"down": {"uv": [11, 13, 11.25, 9.75], "texture": "#0"}
			}
		},
		{
			"name": "advanced_sniper_53",
			"from": [12.25, 0, 9.75],
			"to": [12.75, 1, 10.5],
			"faces": {
				"north": {"uv": [12.75, 9.75, 12.25, 10], "texture": "#0"},
				"east": {"uv": [12.5, 9.75, 12.75, 10.5], "rotation": 90, "texture": "#0"},
				"south": {"uv": [12.25, 10.25, 12.75, 10.5], "texture": "#0"},
				"west": {"uv": [12.25, 9.75, 12.5, 10.5], "rotation": 270, "texture": "#0"},
				"up": {"uv": [12.25, 9.75, 12.75, 10.5], "texture": "#0"},
				"down": {"uv": [12.25, 10.5, 12.75, 9.75], "texture": "#0"}
			}
		},
		{
			"name": "advanced_sniper_54",
			"from": [8, 0, 10],
			"to": [8.25, 1, 11.5],
			"faces": {
				"north": {"uv": [8.25, 10, 8, 10.25], "texture": "#0"},
				"east": {"uv": [8, 10, 8.25, 11.5], "rotation": 90, "texture": "#0"},
				"south": {"uv": [8, 11.25, 8.25, 11.5], "texture": "#0"},
				"west": {"uv": [8, 10, 8.25, 11.5], "rotation": 270, "texture": "#0"},
				"up": {"uv": [8, 10, 8.25, 11.5], "texture": "#0"},
				"down": {"uv": [8, 11.5, 8.25, 10], "texture": "#0"}
			}
		},
		{
			"name": "advanced_sniper_55",
			"from": [11.25, 0, 10],
			"to": [11.5, 1, 11.5],
			"faces": {
				"north": {"uv": [11.5, 10, 11.25, 10.25], "texture": "#0"},
				"east": {"uv": [11.25, 10, 11.5, 11.5], "rotation": 90, "texture": "#0"},
				"south": {"uv": [11.25, 11.25, 11.5, 11.5], "texture": "#0"},
				"west": {"uv": [11.25, 10, 11.5, 11.5], "rotation": 270, "texture": "#0"},
				"up": {"uv": [11.25, 10, 11.5, 11.5], "texture": "#0"},
				"down": {"uv": [11.25, 11.5, 11.5, 10], "texture": "#0"}
			}
		},
		{
			"name": "advanced_sniper_56",
			"from": [12.75, 0, 10],
			"to": [13, 1, 10.25],
			"faces": {
				"north": {"uv": [13, 10, 12.75, 10.25], "texture": "#0"},
				"east": {"uv": [12.75, 10, 13, 10.25], "rotation": 90, "texture": "#0"},
				"south": {"uv": [12.75, 10, 13, 10.25], "texture": "#0"},
				"west": {"uv": [12.75, 10, 13, 10.25], "rotation": 270, "texture": "#0"},
				"up": {"uv": [12.75, 10, 13, 10.25], "texture": "#0"},
				"down": {"uv": [12.75, 10.25, 13, 10], "texture": "#0"}
			}
		},
		{
			"name": "advanced_sniper_57",
			"from": [7.75, 0, 10.25],
			"to": [8, 1, 11.25],
			"faces": {
				"north": {"uv": [8, 10.25, 7.75, 10.5], "texture": "#0"},
				"east": {"uv": [7.75, 10.25, 8, 11.25], "rotation": 90, "texture": "#0"},
				"south": {"uv": [7.75, 11, 8, 11.25], "texture": "#0"},
				"west": {"uv": [7.75, 10.25, 8, 11.25], "rotation": 270, "texture": "#0"},
				"up": {"uv": [7.75, 10.25, 8, 11.25], "texture": "#0"},
				"down": {"uv": [7.75, 11.25, 8, 10.25], "texture": "#0"}
			}
		},
		{
			"name": "advanced_sniper_58",
			"from": [11.5, 0, 10.25],
			"to": [11.75, 1, 12],
			"faces": {
				"north": {"uv": [11.75, 10.25, 11.5, 10.5], "texture": "#0"},
				"east": {"uv": [11.5, 10.25, 11.75, 12], "rotation": 90, "texture": "#0"},
				"south": {"uv": [11.5, 11.75, 11.75, 12], "texture": "#0"},
				"west": {"uv": [11.5, 10.25, 11.75, 12], "rotation": 270, "texture": "#0"},
				"up": {"uv": [11.5, 10.25, 11.75, 12], "texture": "#0"},
				"down": {"uv": [11.5, 12, 11.75, 10.25], "texture": "#0"}
			}
		},
		{
			"name": "advanced_sniper_59",
			"from": [7.5, 0, 10.5],
			"to": [7.75, 1, 11],
			"faces": {
				"north": {"uv": [7.75, 10.5, 7.5, 10.75], "texture": "#0"},
				"east": {"uv": [7.5, 10.5, 7.75, 11], "rotation": 90, "texture": "#0"},
				"south": {"uv": [7.5, 10.75, 7.75, 11], "texture": "#0"},
				"west": {"uv": [7.5, 10.5, 7.75, 11], "rotation": 270, "texture": "#0"},
				"up": {"uv": [7.5, 10.5, 7.75, 11], "texture": "#0"},
				"down": {"uv": [7.5, 11, 7.75, 10.5], "texture": "#0"}
			}
		},
		{
			"name": "advanced_sniper_60",
			"from": [11.75, 0, 10.5],
			"to": [12, 1, 12.5],
			"faces": {
				"north": {"uv": [12, 10.5, 11.75, 10.75], "texture": "#0"},
				"east": {"uv": [11.75, 10.5, 12, 12.5], "rotation": 90, "texture": "#0"},
				"south": {"uv": [11.75, 12.25, 12, 12.5], "texture": "#0"},
				"west": {"uv": [11.75, 10.5, 12, 12.5], "rotation": 270, "texture": "#0"},
				"up": {"uv": [11.75, 10.5, 12, 12.5], "texture": "#0"},
				"down": {"uv": [11.75, 12.5, 12, 10.5], "texture": "#0"}
			}
		},
		{
			"name": "advanced_sniper_61",
			"from": [12.25, 0, 10.5],
			"to": [12.5, 1, 10.75],
			"faces": {
				"north": {"uv": [12.5, 10.5, 12.25, 10.75], "texture": "#0"},
				"east": {"uv": [12.25, 10.5, 12.5, 10.75], "rotation": 90, "texture": "#0"},
				"south": {"uv": [12.25, 10.5, 12.5, 10.75], "texture": "#0"},
				"west": {"uv": [12.25, 10.5, 12.5, 10.75], "rotation": 270, "texture": "#0"},
				"up": {"uv": [12.25, 10.5, 12.5, 10.75], "texture": "#0"},
				"down": {"uv": [12.25, 10.75, 12.5, 10.5], "texture": "#0"}
			}
		},
		{
			"name": "advanced_sniper_62",
			"from": [12, 0, 10.75],
			"to": [12.25, 1, 12.75],
			"faces": {
				"north": {"uv": [12.25, 10.75, 12, 11], "texture": "#0"},
				"east": {"uv": [12, 10.75, 12.25, 12.75], "rotation": 90, "texture": "#0"},
				"south": {"uv": [12, 12.5, 12.25, 12.75], "texture": "#0"},
				"west": {"uv": [12, 10.75, 12.25, 12.75], "rotation": 270, "texture": "#0"},
				"up": {"uv": [12, 10.75, 12.25, 12.75], "texture": "#0"},
				"down": {"uv": [12, 12.75, 12.25, 10.75], "texture": "#0"}
			}
		},
		{
			"name": "advanced_sniper_63",
			"from": [12.25, 0, 11],
			"to": [12.5, 1, 13],
			"faces": {
				"north": {"uv": [12.5, 11, 12.25, 11.25], "texture": "#0"},
				"east": {"uv": [12.25, 11, 12.5, 13], "rotation": 90, "texture": "#0"},
				"south": {"uv": [12.25, 12.75, 12.5, 13], "texture": "#0"},
				"west": {"uv": [12.25, 11, 12.5, 13], "rotation": 270, "texture": "#0"},
				"up": {"uv": [12.25, 11, 12.5, 13], "texture": "#0"},
				"down": {"uv": [12.25, 13, 12.5, 11], "texture": "#0"}
			}
		},
		{
			"name": "advanced_sniper_64",
			"from": [9.5, 0, 11.25],
			"to": [9.75, 1, 11.75],
			"faces": {
				"north": {"uv": [9.75, 11.25, 9.5, 11.5], "texture": "#0"},
				"east": {"uv": [9.5, 11.25, 9.75, 11.75], "rotation": 90, "texture": "#0"},
				"south": {"uv": [9.5, 11.5, 9.75, 11.75], "texture": "#0"},
				"west": {"uv": [9.5, 11.25, 9.75, 11.75], "rotation": 270, "texture": "#0"},
				"up": {"uv": [9.5, 11.25, 9.75, 11.75], "texture": "#0"},
				"down": {"uv": [9.5, 11.75, 9.75, 11.25], "texture": "#0"}
			}
		},
		{
			"name": "advanced_sniper_65",
			"from": [12.5, 0, 11.25],
			"to": [12.75, 1, 13.25],
			"faces": {
				"north": {"uv": [12.75, 11.25, 12.5, 11.5], "texture": "#0"},
				"east": {"uv": [12.5, 11.25, 12.75, 13.25], "rotation": 90, "texture": "#0"},
				"south": {"uv": [12.5, 13, 12.75, 13.25], "texture": "#0"},
				"west": {"uv": [12.5, 11.25, 12.75, 13.25], "rotation": 270, "texture": "#0"},
				"up": {"uv": [12.5, 11.25, 12.75, 13.25], "texture": "#0"},
				"down": {"uv": [12.5, 13.25, 12.75, 11.25], "texture": "#0"}
			}
		},
		{
			"name": "advanced_sniper_66",
			"from": [12.75, 0, 11.5],
			"to": [13, 1, 14],
			"faces": {
				"north": {"uv": [13, 11.5, 12.75, 11.75], "texture": "#0"},
				"east": {"uv": [12.75, 11.5, 13, 14], "rotation": 90, "texture": "#0"},
				"south": {"uv": [12.75, 13.75, 13, 14], "texture": "#0"},
				"west": {"uv": [12.75, 11.5, 13, 14], "rotation": 270, "texture": "#0"},
				"up": {"uv": [12.75, 11.5, 13, 14], "texture": "#0"},
				"down": {"uv": [12.75, 14, 13, 11.5], "texture": "#0"}
			}
		},
		{
			"name": "advanced_sniper_67",
			"from": [9.25, 0, 11.75],
			"to": [9.5, 1, 12],
			"faces": {
				"north": {"uv": [9.5, 11.75, 9.25, 12], "texture": "#0"},
				"east": {"uv": [9.25, 11.75, 9.5, 12], "rotation": 90, "texture": "#0"},
				"south": {"uv": [9.25, 11.75, 9.5, 12], "texture": "#0"},
				"west": {"uv": [9.25, 11.75, 9.5, 12], "rotation": 270, "texture": "#0"},
				"up": {"uv": [9.25, 11.75, 9.5, 12], "texture": "#0"},
				"down": {"uv": [9.25, 12, 9.5, 11.75], "texture": "#0"}
			}
		},
		{
			"name": "advanced_sniper_68",
			"from": [13, 0, 11.75],
			"to": [13.25, 1, 14.25],
			"faces": {
				"north": {"uv": [13.25, 11.75, 13, 12], "texture": "#0"},
				"east": {"uv": [13, 11.75, 13.25, 14.25], "rotation": 90, "texture": "#0"},
				"south": {"uv": [13, 14, 13.25, 14.25], "texture": "#0"},
				"west": {"uv": [13, 11.75, 13.25, 14.25], "rotation": 270, "texture": "#0"},
				"up": {"uv": [13, 11.75, 13.25, 14.25], "texture": "#0"},
				"down": {"uv": [13, 14.25, 13.25, 11.75], "texture": "#0"}
			}
		},
		{
			"name": "advanced_sniper_69",
			"from": [13.25, 0, 12],
			"to": [13.5, 1, 14.5],
			"faces": {
				"north": {"uv": [13.5, 12, 13.25, 12.25], "texture": "#0"},
				"east": {"uv": [13.25, 12, 13.5, 14.5], "rotation": 90, "texture": "#0"},
				"south": {"uv": [13.25, 14.25, 13.5, 14.5], "texture": "#0"},
				"west": {"uv": [13.25, 12, 13.5, 14.5], "rotation": 270, "texture": "#0"},
				"up": {"uv": [13.25, 12, 13.5, 14.5], "texture": "#0"},
				"down": {"uv": [13.25, 14.5, 13.5, 12], "texture": "#0"}
			}
		},
		{
			"name": "advanced_sniper_70",
			"from": [9.75, 0, 12.25],
			"to": [10, 1, 13.25],
			"faces": {
				"north": {"uv": [10, 12.25, 9.75, 12.5], "texture": "#0"},
				"east": {"uv": [9.75, 12.25, 10, 13.25], "rotation": 90, "texture": "#0"},
				"south": {"uv": [9.75, 13, 10, 13.25], "texture": "#0"},
				"west": {"uv": [9.75, 12.25, 10, 13.25], "rotation": 270, "texture": "#0"},
				"up": {"uv": [9.75, 12.25, 10, 13.25], "texture": "#0"},
				"down": {"uv": [9.75, 13.25, 10, 12.25], "texture": "#0"}
			}
		},
		{
			"name": "advanced_sniper_71",
			"from": [13.5, 0, 12.25],
			"to": [13.75, 1, 13.5],
			"faces": {
				"north": {"uv": [13.75, 12.25, 13.5, 12.5], "texture": "#0"},
				"east": {"uv": [13.5, 12.25, 13.75, 13.5], "rotation": 90, "texture": "#0"},
				"south": {"uv": [13.5, 13.25, 13.75, 13.5], "texture": "#0"},
				"west": {"uv": [13.5, 12.25, 13.75, 13.5], "rotation": 270, "texture": "#0"},
				"up": {"uv": [13.5, 12.25, 13.75, 13.5], "texture": "#0"},
				"down": {"uv": [13.5, 13.5, 13.75, 12.25], "texture": "#0"}
			}
		},
		{
			"name": "advanced_sniper_72",
			"from": [13.75, 0, 12.5],
			"to": [14, 1, 13.25],
			"faces": {
				"north": {"uv": [14, 12.5, 13.75, 12.75], "texture": "#0"},
				"east": {"uv": [13.75, 12.5, 14, 13.25], "rotation": 90, "texture": "#0"},
				"south": {"uv": [13.75, 13, 14, 13.25], "texture": "#0"},
				"west": {"uv": [13.75, 12.5, 14, 13.25], "rotation": 270, "texture": "#0"},
				"up": {"uv": [13.75, 12.5, 14, 13.25], "texture": "#0"},
				"down": {"uv": [13.75, 13.25, 14, 12.5], "texture": "#0"}
			}
		},
		{
			"name": "advanced_sniper_73",
			"from": [9.5, 0, 12.75],
			"to": [9.75, 1, 13.25],
			"faces": {
				"north": {"uv": [9.75, 12.75, 9.5, 13], "texture": "#0"},
				"east": {"uv": [9.5, 12.75, 9.75, 13.25], "rotation": 90, "texture": "#0"},
				"south": {"uv": [9.5, 13, 9.75, 13.25], "texture": "#0"},
				"west": {"uv": [9.5, 12.75, 9.75, 13.25], "rotation": 270, "texture": "#0"},
				"up": {"uv": [9.5, 12.75, 9.75, 13.25], "texture": "#0"},
				"down": {"uv": [9.5, 13.25, 9.75, 12.75], "texture": "#0"}
			}
		},
		{
			"name": "advanced_sniper_74",
			"from": [14, 0, 12.75],
			"to": [14.25, 1, 13.25],
			"faces": {
				"north": {"uv": [14.25, 12.75, 14, 13], "texture": "#0"},
				"east": {"uv": [14, 12.75, 14.25, 13.25], "rotation": 90, "texture": "#0"},
				"south": {"uv": [14, 13, 14.25, 13.25], "texture": "#0"},
				"west": {"uv": [14, 12.75, 14.25, 13.25], "rotation": 270, "texture": "#0"},
				"up": {"uv": [14, 12.75, 14.25, 13.25], "texture": "#0"},
				"down": {"uv": [14, 13.25, 14.25, 12.75], "texture": "#0"}
			}
		},
		{
			"name": "advanced_sniper_75",
			"from": [14.25, 0, 13],
			"to": [14.5, 1, 13.5],
			"faces": {
				"north": {"uv": [14.5, 13, 14.25, 13.25], "texture": "#0"},
				"east": {"uv": [14.25, 13, 14.5, 13.5], "rotation": 90, "texture": "#0"},
				"south": {"uv": [14.25, 13.25, 14.5, 13.5], "texture": "#0"},
				"west": {"uv": [14.25, 13, 14.5, 13.5], "rotation": 270, "texture": "#0"},
				"up": {"uv": [14.25, 13, 14.5, 13.5], "texture": "#0"},
				"down": {"uv": [14.25, 13.5, 14.5, 13], "texture": "#0"}
			}
		},
		{
			"name": "advanced_sniper_76",
			"from": [14.5, 0, 13.25],
			"to": [14.75, 1, 13.75],
			"faces": {
				"north": {"uv": [14.75, 13.25, 14.5, 13.5], "texture": "#0"},
				"east": {"uv": [14.5, 13.25, 14.75, 13.75], "rotation": 90, "texture": "#0"},
				"south": {"uv": [14.5, 13.5, 14.75, 13.75], "texture": "#0"},
				"west": {"uv": [14.5, 13.25, 14.75, 13.75], "rotation": 270, "texture": "#0"},
				"up": {"uv": [14.5, 13.25, 14.75, 13.75], "texture": "#0"},
				"down": {"uv": [14.5, 13.75, 14.75, 13.25], "texture": "#0"}
			}
		},
		{
			"name": "advanced_sniper_77",
			"from": [14.75, 0, 13.5],
			"to": [15, 1, 14],
			"faces": {
				"north": {"uv": [15, 13.5, 14.75, 13.75], "texture": "#0"},
				"east": {"uv": [14.75, 13.5, 15, 14], "rotation": 90, "texture": "#0"},
				"south": {"uv": [14.75, 13.75, 15, 14], "texture": "#0"},
				"west": {"uv": [14.75, 13.5, 15, 14], "rotation": 270, "texture": "#0"},
				"up": {"uv": [14.75, 13.5, 15, 14], "texture": "#0"},
				"down": {"uv": [14.75, 14, 15, 13.5], "texture": "#0"}
			}
		},
		{
			"name": "advanced_sniper_78",
			"from": [15, 0, 13.75],
			"to": [15.25, 1, 14.25],
			"faces": {
				"north": {"uv": [15.25, 13.75, 15, 14], "texture": "#0"},
				"east": {"uv": [15, 13.75, 15.25, 14.25], "rotation": 90, "texture": "#0"},
				"south": {"uv": [15, 14, 15.25, 14.25], "texture": "#0"},
				"west": {"uv": [15, 13.75, 15.25, 14.25], "rotation": 270, "texture": "#0"},
				"up": {"uv": [15, 13.75, 15.25, 14.25], "texture": "#0"},
				"down": {"uv": [15, 14.25, 15.25, 13.75], "texture": "#0"}
			}
		},
		{
			"name": "advanced_sniper_79",
			"from": [15.25, 0, 14],
			"to": [15.5, 1, 15.25],
			"faces": {
				"north": {"uv": [15.5, 14, 15.25, 14.25], "texture": "#0"},
				"east": {"uv": [15.25, 14, 15.5, 15.25], "rotation": 90, "texture": "#0"},
				"south": {"uv": [15.25, 15, 15.5, 15.25], "texture": "#0"},
				"west": {"uv": [15.25, 14, 15.5, 15.25], "rotation": 270, "texture": "#0"},
				"up": {"uv": [15.25, 14, 15.5, 15.25], "texture": "#0"},
				"down": {"uv": [15.25, 15.25, 15.5, 14], "texture": "#0"}
			}
		},
		{
			"name": "advanced_sniper_80",
			"from": [13.5, 0, 14.25],
			"to": [13.75, 1, 15],
			"faces": {
				"north": {"uv": [13.75, 14.25, 13.5, 14.5], "texture": "#0"},
				"east": {"uv": [13.5, 14.25, 13.75, 15], "rotation": 90, "texture": "#0"},
				"south": {"uv": [13.5, 14.75, 13.75, 15], "texture": "#0"},
				"west": {"uv": [13.5, 14.25, 13.75, 15], "rotation": 270, "texture": "#0"},
				"up": {"uv": [13.5, 14.25, 13.75, 15], "texture": "#0"},
				"down": {"uv": [13.5, 15, 13.75, 14.25], "texture": "#0"}
			}
		},
		{
			"name": "advanced_sniper_81",
			"from": [15.5, 0, 14.25],
			"to": [16, 1, 14.75],
			"faces": {
				"north": {"uv": [16, 14.25, 15.5, 14.5], "texture": "#0"},
				"east": {"uv": [15.75, 14.25, 16, 14.75], "rotation": 90, "texture": "#0"},
				"south": {"uv": [15.5, 14.5, 16, 14.75], "texture": "#0"},
				"west": {"uv": [15.5, 14.25, 15.75, 14.75], "rotation": 270, "texture": "#0"},
				"up": {"uv": [15.5, 14.25, 16, 14.75], "texture": "#0"},
				"down": {"uv": [15.5, 14.75, 16, 14.25], "texture": "#0"}
			}
		},
		{
			"name": "advanced_sniper_82",
			"from": [13.75, 0, 14.5],
			"to": [14, 1, 15.5],
			"faces": {
				"north": {"uv": [14, 14.5, 13.75, 14.75], "texture": "#0"},
				"east": {"uv": [13.75, 14.5, 14, 15.5], "rotation": 90, "texture": "#0"},
				"south": {"uv": [13.75, 15.25, 14, 15.5], "texture": "#0"},
				"west": {"uv": [13.75, 14.5, 14, 15.5], "rotation": 270, "texture": "#0"},
				"up": {"uv": [13.75, 14.5, 14, 15.5], "texture": "#0"},
				"down": {"uv": [13.75, 15.5, 14, 14.5], "texture": "#0"}
			}
		},
		{
			"name": "advanced_sniper_83",
			"from": [15, 0, 14.5],
			"to": [15.25, 1, 15.5],
			"faces": {
				"north": {"uv": [15.25, 14.5, 15, 14.75], "texture": "#0"},
				"east": {"uv": [15, 14.5, 15.25, 15.5], "rotation": 90, "texture": "#0"},
				"south": {"uv": [15, 15.25, 15.25, 15.5], "texture": "#0"},
				"west": {"uv": [15, 14.5, 15.25, 15.5], "rotation": 270, "texture": "#0"},
				"up": {"uv": [15, 14.5, 15.25, 15.5], "texture": "#0"},
				"down": {"uv": [15, 15.5, 15.25, 14.5], "texture": "#0"}
			}
		},
		{
			"name": "advanced_sniper_84",
			"from": [14.75, 0, 14.75],
			"to": [15, 1, 15.5],
			"faces": {
				"north": {"uv": [15, 14.75, 14.75, 15], "texture": "#0"},
				"east": {"uv": [14.75, 14.75, 15, 15.5], "rotation": 90, "texture": "#0"},
				"south": {"uv": [14.75, 15.25, 15, 15.5], "texture": "#0"},
				"west": {"uv": [14.75, 14.75, 15, 15.5], "rotation": 270, "texture": "#0"},
				"up": {"uv": [14.75, 14.75, 15, 15.5], "texture": "#0"},
				"down": {"uv": [14.75, 15.5, 15, 14.75], "texture": "#0"}
			}
		},
		{
			"name": "advanced_sniper_85",
			"from": [15.5, 0, 14.75],
			"to": [15.75, 1, 15],
			"faces": {
				"north": {"uv": [15.75, 14.75, 15.5, 15], "texture": "#0"},
				"east": {"uv": [15.5, 14.75, 15.75, 15], "rotation": 90, "texture": "#0"},
				"south": {"uv": [15.5, 14.75, 15.75, 15], "texture": "#0"},
				"west": {"uv": [15.5, 14.75, 15.75, 15], "rotation": 270, "texture": "#0"},
				"up": {"uv": [15.5, 14.75, 15.75, 15], "texture": "#0"},
				"down": {"uv": [15.5, 15, 15.75, 14.75], "texture": "#0"}
			}
		},
		{
			"name": "advanced_sniper_86",
			"from": [14, 0, 15],
			"to": [14.25, 1, 15.75],
			"faces": {
				"north": {"uv": [14.25, 15, 14, 15.25], "texture": "#0"},
				"east": {"uv": [14, 15, 14.25, 15.75], "rotation": 90, "texture": "#0"},
				"south": {"uv": [14, 15.5, 14.25, 15.75], "texture": "#0"},
				"west": {"uv": [14, 15, 14.25, 15.75], "rotation": 270, "texture": "#0"},
				"up": {"uv": [14, 15, 14.25, 15.75], "texture": "#0"},
				"down": {"uv": [14, 15.75, 14.25, 15], "texture": "#0"}
			}
		},
		{
			"name": "advanced_sniper_87",
			"from": [14.5, 0, 15],
			"to": [14.75, 1, 15.75],
			"faces": {
				"north": {"uv": [14.75, 15, 14.5, 15.25], "texture": "#0"},
				"east": {"uv": [14.5, 15, 14.75, 15.75], "rotation": 90, "texture": "#0"},
				"south": {"uv": [14.5, 15.5, 14.75, 15.75], "texture": "#0"},
				"west": {"uv": [14.5, 15, 14.75, 15.75], "rotation": 270, "texture": "#0"},
				"up": {"uv": [14.5, 15, 14.75, 15.75], "texture": "#0"},
				"down": {"uv": [14.5, 15.75, 14.75, 15], "texture": "#0"}
			}
		},
		{
			"name": "advanced_sniper_88",
			"from": [14.25, 0, 15.25],
			"to": [14.5, 1, 16],
			"faces": {
				"north": {"uv": [14.5, 15.25, 14.25, 15.5], "texture": "#0"},
				"east": {"uv": [14.25, 15.25, 14.5, 16], "rotation": 90, "texture": "#0"},
				"south": {"uv": [14.25, 15.75, 14.5, 16], "texture": "#0"},
				"west": {"uv": [14.25, 15.25, 14.5, 16], "rotation": 270, "texture": "#0"},
				"up": {"uv": [14.25, 15.25, 14.5, 16], "texture": "#0"},
				"down": {"uv": [14.25, 16, 14.5, 15.25], "texture": "#0"}
			}
		}
	],
	"display": {
		"thirdperson_righthand": {
			"rotation": [45, 0, 90],
			"translation": [-7.5, 1.5, -0.75]
		},
		"thirdperson_lefthand": {
			"rotation": [45, 0, -90],
			"translation": [7.5, 1.5, -0.75]
		},
		"firstperson_righthand": {
			"rotation": [45, 0, 90],
			"translation": [-8, 2.5, 0]
		},
		"firstperson_lefthand": {
			"rotation": [45, 0, -90],
			"translation": [8, 2.5, 0]
		},
		"ground": {
			"rotation": [90, 0, 90],
			"translation": [-4, 0, 0],
			"scale": [0.5, 0.5, 0.5]
		},
		"gui": {
			"rotation": [90, 0, 0],
			"translation": [-0.25, 0.5, 0]
		},
		"head": {
			"rotation": [45, 0, 90],
			"translation": [-7.5, 8.25, -1.5]
		},
		"fixed": {
			"rotation": [90, 0, 0],
			"translation": [0, 0, 7]
		}
	},
	"groups": [
		{
			"name": "advanced_sniper",
			"origin": [8, 8, 8],
			"children": [0, 1, 2, 3, 4, 5, 6, 7, 8, 9, 10, 11, 12, 13, 14, 15, 16, 17, 18, 19, 20, 21, 22, 23, 24, 25, 26, 27, 28, 29, 30, 31, 32, 33, 34, 35, 36, 37, 38, 39, 40, 41, 42, 43, 44, 45, 46, 47, 48, 49, 50, 51, 52, 53, 54, 55, 56, 57, 58, 59, 60, 61, 62, 63, 64, 65, 66, 67, 68, 69, 70, 71, 72, 73, 74, 75, 76, 77, 78, 79, 80, 81, 82, 83, 84, 85, 86, 87, 88]
		}
	]
}