{
	"credit": "Made with Blockbench",
	"textures": {
		"0": "gun_textures/lasergun",
		"particle": "gun_textures/lasergun"
	},
	"elements": [
		{
			"name": "LaserGun_0",
			"from": [0.75, 0, 0],
			"to": [2.5, 1, 3.75],
			"faces": {
				"north": {"uv": [2.5, 0, 0.75, 0.25], "texture": "#0"},
				"east": {"uv": [2.25, 0, 2.5, 3.75], "rotation": 90, "texture": "#0"},
				"south": {"uv": [0.75, 3.5, 2.5, 3.75], "texture": "#0"},
				"west": {"uv": [0.75, 0, 1, 3.75], "rotation": 270, "texture": "#0"},
				"up": {"uv": [0.75, 0, 2.5, 3.75], "texture": "#0"},
				"down": {"uv": [0.75, 3.75, 2.5, 0], "texture": "#0"}
			}
		},
		{
			"name": "LaserGun_1",
			"from": [0.5, 0, 0.25],
			"to": [0.75, 1, 2.75],
			"faces": {
				"north": {"uv": [0.75, 0.25, 0.5, 0.5], "texture": "#0"},
				"south": {"uv": [0.5, 2.5, 0.75, 2.75], "texture": "#0"},
				"west": {"uv": [0.5, 0.25, 0.75, 2.75], "rotation": 270, "texture": "#0"},
				"up": {"uv": [0.5, 0.25, 0.75, 2.75], "texture": "#0"},
				"down": {"uv": [0.5, 2.75, 0.75, 0.25], "texture": "#0"}
			}
		},
		{
			"name": "LaserGun_2",
			"from": [2.5, 0, 0.25],
			"to": [3, 1, 7.25],
			"faces": {
				"north": {"uv": [3, 0.25, 2.5, 0.5], "texture": "#0"},
				"east": {"uv": [2.75, 0.25, 3, 7.25], "rotation": 90, "texture": "#0"},
				"south": {"uv": [2.5, 7, 3, 7.25], "texture": "#0"},
				"west": {"uv": [2.5, 0.25, 2.75, 7.25], "rotation": 270, "texture": "#0"},
				"up": {"uv": [2.5, 0.25, 3, 7.25], "texture": "#0"},
				"down": {"uv": [2.5, 7.25, 3, 0.25], "texture": "#0"}
			}
		},
		{
			"name": "LaserGun_3",
			"from": [3, 0, 0.5],
			"to": [3.25, 1, 8],
			"faces": {
				"north": {"uv": [3.25, 0.5, 3, 0.75], "texture": "#0"},
				"east": {"uv": [3, 0.5, 3.25, 8], "rotation": 90, "texture": "#0"},
				"south": {"uv": [3, 7.75, 3.25, 8], "texture": "#0"},
				"west": {"uv": [3, 0.5, 3.25, 8], "rotation": 270, "texture": "#0"},
				"up": {"uv": [3, 0.5, 3.25, 8], "texture": "#0"},
				"down": {"uv": [3, 8, 3.25, 0.5], "texture": "#0"}
			}
		},
		{
			"name": "LaserGun_4",
			"from": [3.25, 0, 0.75],
			"to": [3.75, 1, 8.25],
			"faces": {
				"north": {"uv": [3.75, 0.75, 3.25, 1], "texture": "#0"},
				"east": {"uv": [3.5, 0.75, 3.75, 8.25], "rotation": 90, "texture": "#0"},
				"south": {"uv": [3.25, 8, 3.75, 8.25], "texture": "#0"},
				"west": {"uv": [3.25, 0.75, 3.5, 8.25], "rotation": 270, "texture": "#0"},
				"up": {"uv": [3.25, 0.75, 3.75, 8.25], "texture": "#0"},
				"down": {"uv": [3.25, 8.25, 3.75, 0.75], "texture": "#0"}
			}
		},
		{
			"name": "LaserGun_5",
			"from": [0.25, 0, 1],
			"to": [0.5, 1, 2.5],
			"faces": {
				"north": {"uv": [0.5, 1, 0.25, 1.25], "texture": "#0"},
				"south": {"uv": [0.25, 2.25, 0.5, 2.5], "texture": "#0"},
				"west": {"uv": [0.25, 1, 0.5, 2.5], "rotation": 270, "texture": "#0"},
				"up": {"uv": [0.25, 1, 0.5, 2.5], "texture": "#0"},
				"down": {"uv": [0.25, 2.5, 0.5, 1], "texture": "#0"}
			}
		},
		{
			"name": "LaserGun_6",
			"from": [3.75, 0, 1],
			"to": [4, 1, 9],
			"faces": {
				"north": {"uv": [4, 1, 3.75, 1.25], "texture": "#0"},
				"east": {"uv": [3.75, 1, 4, 9], "rotation": 90, "texture": "#0"},
				"south": {"uv": [3.75, 8.75, 4, 9], "texture": "#0"},
				"west": {"uv": [3.75, 1, 4, 9], "rotation": 270, "texture": "#0"},
				"up": {"uv": [3.75, 1, 4, 9], "texture": "#0"},
				"down": {"uv": [3.75, 9, 4, 1], "texture": "#0"}
			}
		},
		{
			"name": "LaserGun_7",
			"from": [4, 0, 1.25],
			"to": [4.5, 1, 9.25],
			"faces": {
				"north": {"uv": [4.5, 1.25, 4, 1.5], "texture": "#0"},
				"east": {"uv": [4.25, 1.25, 4.5, 9.25], "rotation": 90, "texture": "#0"},
				"south": {"uv": [4, 9, 4.5, 9.25], "texture": "#0"},
				"west": {"uv": [4, 1.25, 4.25, 9.25], "rotation": 270, "texture": "#0"},
				"up": {"uv": [4, 1.25, 4.5, 9.25], "texture": "#0"},
				"down": {"uv": [4, 9.25, 4.5, 1.25], "texture": "#0"}
			}
		},
		{
			"name": "LaserGun_8",
			"from": [4.5, 0, 1.5],
			"to": [4.75, 1, 9.5],
			"faces": {
				"north": {"uv": [4.75, 1.5, 4.5, 1.75], "texture": "#0"},
				"east": {"uv": [4.5, 1.5, 4.75, 9.5], "rotation": 90, "texture": "#0"},
				"south": {"uv": [4.5, 9.25, 4.75, 9.5], "texture": "#0"},
				"up": {"uv": [4.5, 1.5, 4.75, 9.5], "texture": "#0"},
				"down": {"uv": [4.5, 9.5, 4.75, 1.5], "texture": "#0"}
			}
		},
		{
			"name": "LaserGun_9",
			"from": [4.75, 0, 1.75],
			"to": [5, 1, 9.5],
			"faces": {
				"north": {"uv": [5, 1.75, 4.75, 2], "texture": "#0"},
				"east": {"uv": [4.75, 1.75, 5, 9.5], "rotation": 90, "texture": "#0"},
				"south": {"uv": [4.75, 9.25, 5, 9.5], "texture": "#0"},
				"up": {"uv": [4.75, 1.75, 5, 9.5], "texture": "#0"},
				"down": {"uv": [4.75, 9.5, 5, 1.75], "texture": "#0"}
			}
		},
		{
			"name": "LaserGun_10",
			"from": [5, 0, 2],
			"to": [5.5, 1, 9.5],
			"faces": {
				"north": {"uv": [5.5, 2, 5, 2.25], "texture": "#0"},
				"east": {"uv": [5.25, 2, 5.5, 9.5], "rotation": 90, "texture": "#0"},
				"south": {"uv": [5, 9.25, 5.5, 9.5], "texture": "#0"},
				"up": {"uv": [5, 2, 5.5, 9.5], "texture": "#0"},
				"down": {"uv": [5, 9.5, 5.5, 2], "texture": "#0"}
			}
		},
		{
			"name": "LaserGun_11",
			"from": [5.5, 0, 2.25],
			"to": [5.75, 1, 9.25],
			"faces": {
				"north": {"uv": [5.75, 2.25, 5.5, 2.5], "texture": "#0"},
				"east": {"uv": [5.5, 2.25, 5.75, 9.25], "rotation": 90, "texture": "#0"},
				"south": {"uv": [5.5, 9, 5.75, 9.25], "texture": "#0"},
				"up": {"uv": [5.5, 2.25, 5.75, 9.25], "texture": "#0"},
				"down": {"uv": [5.5, 9.25, 5.75, 2.25], "texture": "#0"}
			}
		},
		{
			"name": "LaserGun_12",
			"from": [5.75, 0, 2.5],
			"to": [6, 1, 9],
			"faces": {
				"north": {"uv": [6, 2.5, 5.75, 2.75], "texture": "#0"},
				"east": {"uv": [5.75, 2.5, 6, 9], "rotation": 90, "texture": "#0"},
				"south": {"uv": [5.75, 8.75, 6, 9], "texture": "#0"},
				"up": {"uv": [5.75, 2.5, 6, 9], "texture": "#0"},
				"down": {"uv": [5.75, 9, 6, 2.5], "texture": "#0"}
			}
		},
		{
			"name": "LaserGun_13",
			"from": [6, 0, 2.75],
			"to": [6.25, 1, 8.75],
			"faces": {
				"north": {"uv": [6.25, 2.75, 6, 3], "texture": "#0"},
				"east": {"uv": [6, 2.75, 6.25, 8.75], "rotation": 90, "texture": "#0"},
				"south": {"uv": [6, 8.5, 6.25, 8.75], "texture": "#0"},
				"up": {"uv": [6, 2.75, 6.25, 8.75], "texture": "#0"},
				"down": {"uv": [6, 8.75, 6.25, 2.75], "texture": "#0"}
			}
		},
		{
			"name": "LaserGun_14",
			"from": [6.25, 0, 3],
			"to": [6.5, 1, 8.5],
			"faces": {
				"north": {"uv": [6.5, 3, 6.25, 3.25], "texture": "#0"},
				"east": {"uv": [6.25, 3, 6.5, 8.5], "rotation": 90, "texture": "#0"},
				"south": {"uv": [6.25, 8.25, 6.5, 8.5], "texture": "#0"},
				"up": {"uv": [6.25, 3, 6.5, 8.5], "texture": "#0"},
				"down": {"uv": [6.25, 8.5, 6.5, 3], "texture": "#0"}
			}
		},
		{
			"name": "LaserGun_15",
			"from": [6.5, 0, 3.25],
			"to": [6.75, 1, 8.5],
			"faces": {
				"north": {"uv": [6.75, 3.25, 6.5, 3.5], "texture": "#0"},
				"east": {"uv": [6.5, 3.25, 6.75, 8.5], "rotation": 90, "texture": "#0"},
				"south": {"uv": [6.5, 8.25, 6.75, 8.5], "texture": "#0"},
				"up": {"uv": [6.5, 3.25, 6.75, 8.5], "texture": "#0"},
				"down": {"uv": [6.5, 8.5, 6.75, 3.25], "texture": "#0"}
			}
		},
		{
			"name": "LaserGun_16",
			"from": [6.75, 0, 3.5],
			"to": [7, 1, 9],
			"faces": {
				"north": {"uv": [7, 3.5, 6.75, 3.75], "texture": "#0"},
				"east": {"uv": [6.75, 3.5, 7, 9], "rotation": 90, "texture": "#0"},
				"south": {"uv": [6.75, 8.75, 7, 9], "texture": "#0"},
				"west": {"uv": [6.75, 3.5, 7, 9], "rotation": 270, "texture": "#0"},
				"up": {"uv": [6.75, 3.5, 7, 9], "texture": "#0"},
				"down": {"uv": [6.75, 9, 7, 3.5], "texture": "#0"}
			}
		},
		{
			"name": "LaserGun_17",
			"from": [1, 0, 3.75],
			"to": [2.5, 1, 4],
			"faces": {
				"south": {"uv": [1, 3.75, 2.5, 4], "texture": "#0"},
				"west": {"uv": [1, 3.75, 1.25, 4], "rotation": 270, "texture": "#0"},
				"up": {"uv": [1, 3.75, 2.5, 4], "texture": "#0"},
				"down": {"uv": [1, 4, 2.5, 3.75], "texture": "#0"}
			}
		},
		{
			"name": "LaserGun_18",
			"from": [7, 0, 3.75],
			"to": [7.25, 1, 9.25],
			"faces": {
				"north": {"uv": [7.25, 3.75, 7, 4], "texture": "#0"},
				"east": {"uv": [7, 3.75, 7.25, 9.25], "rotation": 90, "texture": "#0"},
				"south": {"uv": [7, 9, 7.25, 9.25], "texture": "#0"},
				"west": {"uv": [7, 3.75, 7.25, 9.25], "rotation": 270, "texture": "#0"},
				"up": {"uv": [7, 3.75, 7.25, 9.25], "texture": "#0"},
				"down": {"uv": [7, 9.25, 7.25, 3.75], "texture": "#0"}
			}
		},
		{
			"name": "LaserGun_19",
			"from": [1.25, 0, 4],
			"to": [2.5, 1, 4.25],
			"faces": {
				"south": {"uv": [1.25, 4, 2.5, 4.25], "texture": "#0"},
				"west": {"uv": [1.25, 4, 1.5, 4.25], "rotation": 270, "texture": "#0"},
				"up": {"uv": [1.25, 4, 2.5, 4.25], "texture": "#0"},
				"down": {"uv": [1.25, 4.25, 2.5, 4], "texture": "#0"}
			}
		},
		{
			"name": "LaserGun_20",
			"from": [7.25, 0, 4],
			"to": [7.75, 1, 9.5],
			"faces": {
				"north": {"uv": [7.75, 4, 7.25, 4.25], "texture": "#0"},
				"east": {"uv": [7.5, 4, 7.75, 9.5], "rotation": 90, "texture": "#0"},
				"south": {"uv": [7.25, 9.25, 7.75, 9.5], "texture": "#0"},
				"west": {"uv": [7.25, 4, 7.5, 9.5], "rotation": 270, "texture": "#0"},
				"up": {"uv": [7.25, 4, 7.75, 9.5], "texture": "#0"},
				"down": {"uv": [7.25, 9.5, 7.75, 4], "texture": "#0"}
			}
		},
		{
			"name": "LaserGun_21",
			"from": [1.5, 0, 4.25],
			"to": [2.5, 1, 4.5],
			"faces": {
				"south": {"uv": [1.5, 4.25, 2.5, 4.5], "texture": "#0"},
				"west": {"uv": [1.5, 4.25, 1.75, 4.5], "rotation": 270, "texture": "#0"},
				"up": {"uv": [1.5, 4.25, 2.5, 4.5], "texture": "#0"},
				"down": {"uv": [1.5, 4.5, 2.5, 4.25], "texture": "#0"}
			}
		},
		{
			"name": "LaserGun_22",
			"from": [7.75, 0, 4.25],
			"to": [8, 1, 10],
			"faces": {
				"north": {"uv": [8, 4.25, 7.75, 4.5], "texture": "#0"},
				"east": {"uv": [7.75, 4.25, 8, 10], "rotation": 90, "texture": "#0"},
				"south": {"uv": [7.75, 9.75, 8, 10], "texture": "#0"},
				"west": {"uv": [7.75, 4.25, 8, 10], "rotation": 270, "texture": "#0"},
				"up": {"uv": [7.75, 4.25, 8, 10], "texture": "#0"},
				"down": {"uv": [7.75, 10, 8, 4.25], "texture": "#0"}
			}
		},
		{
			"name": "LaserGun_23",
			"from": [1.75, 0, 4.5],
			"to": [2.5, 1, 4.75],
			"faces": {
				"south": {"uv": [1.75, 4.5, 2.5, 4.75], "texture": "#0"},
				"west": {"uv": [1.75, 4.5, 2, 4.75], "rotation": 270, "texture": "#0"},
				"up": {"uv": [1.75, 4.5, 2.5, 4.75], "texture": "#0"},
				"down": {"uv": [1.75, 4.75, 2.5, 4.5], "texture": "#0"}
			}
		},
		{
			"name": "LaserGun_24",
			"from": [8, 0, 4.5],
			"to": [8.25, 1, 10.25],
			"faces": {
				"north": {"uv": [8.25, 4.5, 8, 4.75], "texture": "#0"},
				"east": {"uv": [8, 4.5, 8.25, 10.25], "rotation": 90, "texture": "#0"},
				"south": {"uv": [8, 10, 8.25, 10.25], "texture": "#0"},
				"west": {"uv": [8, 4.5, 8.25, 10.25], "rotation": 270, "texture": "#0"},
				"up": {"uv": [8, 4.5, 8.25, 10.25], "texture": "#0"},
				"down": {"uv": [8, 10.25, 8.25, 4.5], "texture": "#0"}
			}
		},
		{
			"name": "LaserGun_25",
			"from": [2, 0, 4.75],
			"to": [2.5, 1, 5],
			"faces": {
				"south": {"uv": [2, 4.75, 2.5, 5], "texture": "#0"},
				"west": {"uv": [2, 4.75, 2.25, 5], "rotation": 270, "texture": "#0"},
				"up": {"uv": [2, 4.75, 2.5, 5], "texture": "#0"},
				"down": {"uv": [2, 5, 2.5, 4.75], "texture": "#0"}
			}
		},
		{
			"name": "LaserGun_26",
			"from": [8.25, 0, 4.75],
			"to": [8.5, 1, 12.5],
			"faces": {
				"north": {"uv": [8.5, 4.75, 8.25, 5], "texture": "#0"},
				"east": {"uv": [8.25, 4.75, 8.5, 12.5], "rotation": 90, "texture": "#0"},
				"south": {"uv": [8.25, 12.25, 8.5, 12.5], "texture": "#0"},
				"west": {"uv": [8.25, 4.75, 8.5, 12.5], "rotation": 270, "texture": "#0"},
				"up": {"uv": [8.25, 4.75, 8.5, 12.5], "texture": "#0"},
				"down": {"uv": [8.25, 12.5, 8.5, 4.75], "texture": "#0"}
			}
		},
		{
			"name": "LaserGun_27",
			"from": [2.25, 0, 5],
			"to": [2.5, 1, 5.25],
			"faces": {
				"south": {"uv": [2.25, 5, 2.5, 5.25], "texture": "#0"},
				"west": {"uv": [2.25, 5, 2.5, 5.25], "rotation": 270, "texture": "#0"},
				"up": {"uv": [2.25, 5, 2.5, 5.25], "texture": "#0"},
				"down": {"uv": [2.25, 5.25, 2.5, 5], "texture": "#0"}
			}
		},
		{
			"name": "LaserGun_28",
			"from": [8.5, 0, 5],
			"to": [8.75, 1, 12.75],
			"faces": {
				"north": {"uv": [8.75, 5, 8.5, 5.25], "texture": "#0"},
				"east": {"uv": [8.5, 5, 8.75, 12.75], "rotation": 90, "texture": "#0"},
				"south": {"uv": [8.5, 12.5, 8.75, 12.75], "texture": "#0"},
				"west": {"uv": [8.5, 5, 8.75, 12.75], "rotation": 270, "texture": "#0"},
				"up": {"uv": [8.5, 5, 8.75, 12.75], "texture": "#0"},
				"down": {"uv": [8.5, 12.75, 8.75, 5], "texture": "#0"}
			}
		},
		{
			"name": "LaserGun_29",
			"from": [8.75, 0, 5.25],
			"to": [9, 1, 13],
			"faces": {
				"north": {"uv": [9, 5.25, 8.75, 5.5], "texture": "#0"},
				"east": {"uv": [8.75, 5.25, 9, 13], "rotation": 90, "texture": "#0"},
				"south": {"uv": [8.75, 12.75, 9, 13], "texture": "#0"},
				"west": {"uv": [8.75, 5.25, 9, 13], "rotation": 270, "texture": "#0"},
				"up": {"uv": [8.75, 5.25, 9, 13], "texture": "#0"},
				"down": {"uv": [8.75, 13, 9, 5.25], "texture": "#0"}
			}
		},
		{
			"name": "LaserGun_30",
			"from": [2.25, 0, 5.5],
			"to": [2.5, 1, 7],
			"faces": {
				"north": {"uv": [2.5, 5.5, 2.25, 5.75], "texture": "#0"},
				"south": {"uv": [2.25, 6.75, 2.5, 7], "texture": "#0"},
				"west": {"uv": [2.25, 5.5, 2.5, 7], "rotation": 270, "texture": "#0"},
				"up": {"uv": [2.25, 5.5, 2.5, 7], "texture": "#0"},
				"down": {"uv": [2.25, 7, 2.5, 5.5], "texture": "#0"}
			}
		},
		{
			"name": "LaserGun_31",
			"from": [9, 0, 5.5],
			"to": [9.25, 1, 13],
			"faces": {
				"north": {"uv": [9.25, 5.5, 9, 5.75], "texture": "#0"},
				"east": {"uv": [9, 5.5, 9.25, 13], "rotation": 90, "texture": "#0"},
				"south": {"uv": [9, 12.75, 9.25, 13], "texture": "#0"},
				"up": {"uv": [9, 5.5, 9.25, 13], "texture": "#0"},
				"down": {"uv": [9, 13, 9.25, 5.5], "texture": "#0"}
			}
		},
		{
			"name": "LaserGun_32",
			"from": [9.25, 0, 5.75],
			"to": [9.5, 1, 13],
			"faces": {
				"north": {"uv": [9.5, 5.75, 9.25, 6], "texture": "#0"},
				"east": {"uv": [9.25, 5.75, 9.5, 13], "rotation": 90, "texture": "#0"},
				"south": {"uv": [9.25, 12.75, 9.5, 13], "texture": "#0"},
				"up": {"uv": [9.25, 5.75, 9.5, 13], "texture": "#0"},
				"down": {"uv": [9.25, 13, 9.5, 5.75], "texture": "#0"}
			}
		},
		{
			"name": "LaserGun_33",
			"from": [2, 0, 6],
			"to": [2.25, 1, 6.75],
			"faces": {
				"north": {"uv": [2.25, 6, 2, 6.25], "texture": "#0"},
				"south": {"uv": [2, 6.5, 2.25, 6.75], "texture": "#0"},
				"west": {"uv": [2, 6, 2.25, 6.75], "rotation": 270, "texture": "#0"},
				"up": {"uv": [2, 6, 2.25, 6.75], "texture": "#0"},
				"down": {"uv": [2, 6.75, 2.25, 6], "texture": "#0"}
			}
		},
		{
			"name": "LaserGun_34",
			"from": [9.5, 0, 6],
			"to": [9.75, 1, 10.75],
			"faces": {
				"north": {"uv": [9.75, 6, 9.5, 6.25], "texture": "#0"},
				"east": {"uv": [9.5, 6, 9.75, 10.75], "rotation": 90, "texture": "#0"},
				"south": {"uv": [9.5, 10.5, 9.75, 10.75], "texture": "#0"},
				"up": {"uv": [9.5, 6, 9.75, 10.75], "texture": "#0"},
				"down": {"uv": [9.5, 10.75, 9.75, 6], "texture": "#0"}
			}
		},
		{
			"name": "LaserGun_35",
			"from": [9.75, 0, 6.25],
			"to": [10.25, 1, 10.25],
			"faces": {
				"north": {"uv": [10.25, 6.25, 9.75, 6.5], "texture": "#0"},
				"east": {"uv": [10, 6.25, 10.25, 10.25], "rotation": 90, "texture": "#0"},
				"south": {"uv": [9.75, 10, 10.25, 10.25], "texture": "#0"},
				"up": {"uv": [9.75, 6.25, 10.25, 10.25], "texture": "#0"},
				"down": {"uv": [9.75, 10.25, 10.25, 6.25], "texture": "#0"}
			}
		},
		{
			"name": "LaserGun_36",
			"from": [10.25, 0, 6.5],
			"to": [10.5, 1, 11],
			"faces": {
				"north": {"uv": [10.5, 6.5, 10.25, 6.75], "texture": "#0"},
				"east": {"uv": [10.25, 6.5, 10.5, 11], "rotation": 90, "texture": "#0"},
				"south": {"uv": [10.25, 10.75, 10.5, 11], "texture": "#0"},
				"west": {"uv": [10.25, 6.5, 10.5, 11], "rotation": 270, "texture": "#0"},
				"up": {"uv": [10.25, 6.5, 10.5, 11], "texture": "#0"},
				"down": {"uv": [10.25, 11, 10.5, 6.5], "texture": "#0"}
			}
		},
		{
			"name": "LaserGun_37",
			"from": [10.5, 0, 6.75],
			"to": [10.75, 1, 14],
			"faces": {
				"north": {"uv": [10.75, 6.75, 10.5, 7], "texture": "#0"},
				"east": {"uv": [10.5, 6.75, 10.75, 14], "rotation": 90, "texture": "#0"},
				"south": {"uv": [10.5, 13.75, 10.75, 14], "texture": "#0"},
				"west": {"uv": [10.5, 6.75, 10.75, 14], "rotation": 270, "texture": "#0"},
				"up": {"uv": [10.5, 6.75, 10.75, 14], "texture": "#0"},
				"down": {"uv": [10.5, 14, 10.75, 6.75], "texture": "#0"}
			}
		},
		{
			"name": "LaserGun_38",
			"from": [2.75, 0, 7.25],
			"to": [3, 1, 7.75],
			"faces": {
				"south": {"uv": [2.75, 7.5, 3, 7.75], "texture": "#0"},
				"west": {"uv": [2.75, 7.25, 3, 7.75], "rotation": 270, "texture": "#0"},
				"up": {"uv": [2.75, 7.25, 3, 7.75], "texture": "#0"},
				"down": {"uv": [2.75, 7.75, 3, 7.25], "texture": "#0"}
			}
		},
		{
			"name": "LaserGun_39",
			"from": [3.5, 0, 8.25],
			"to": [3.75, 1, 8.5],
			"faces": {
				"south": {"uv": [3.5, 8.25, 3.75, 8.5], "texture": "#0"},
				"west": {"uv": [3.5, 8.25, 3.75, 8.5], "rotation": 270, "texture": "#0"},
				"up": {"uv": [3.5, 8.25, 3.75, 8.5], "texture": "#0"},
				"down": {"uv": [3.5, 8.5, 3.75, 8.25], "texture": "#0"}
			}
		},
		{
			"name": "LaserGun_40",
			"from": [10.75, 0, 8.25],
			"to": [11, 1, 14.25],
			"faces": {
				"north": {"uv": [11, 8.25, 10.75, 8.5], "texture": "#0"},
				"east": {"uv": [10.75, 8.25, 11, 14.25], "rotation": 90, "texture": "#0"},
				"south": {"uv": [10.75, 14, 11, 14.25], "texture": "#0"},
				"west": {"uv": [10.75, 8.25, 11, 14.25], "rotation": 270, "texture": "#0"},
				"up": {"uv": [10.75, 8.25, 11, 14.25], "texture": "#0"},
				"down": {"uv": [10.75, 14.25, 11, 8.25], "texture": "#0"}
			}
		},
		{
			"name": "LaserGun_41",
			"from": [11, 0, 8.5],
			"to": [11.25, 1, 14.5],
			"faces": {
				"north": {"uv": [11.25, 8.5, 11, 8.75], "texture": "#0"},
				"east": {"uv": [11, 8.5, 11.25, 14.5], "rotation": 90, "texture": "#0"},
				"south": {"uv": [11, 14.25, 11.25, 14.5], "texture": "#0"},
				"west": {"uv": [11, 8.5, 11.25, 14.5], "rotation": 270, "texture": "#0"},
				"up": {"uv": [11, 8.5, 11.25, 14.5], "texture": "#0"},
				"down": {"uv": [11, 14.5, 11.25, 8.5], "texture": "#0"}
			}
		},
		{
			"name": "LaserGun_42",
			"from": [11.25, 0, 8.75],
			"to": [11.5, 1, 14.5],
			"faces": {
				"north": {"uv": [11.5, 8.75, 11.25, 9], "texture": "#0"},
				"east": {"uv": [11.25, 8.75, 11.5, 14.5], "rotation": 90, "texture": "#0"},
				"south": {"uv": [11.25, 14.25, 11.5, 14.5], "texture": "#0"},
				"up": {"uv": [11.25, 8.75, 11.5, 14.5], "texture": "#0"},
				"down": {"uv": [11.25, 14.5, 11.5, 8.75], "texture": "#0"}
			}
		},
		{
			"name": "LaserGun_43",
			"from": [11.5, 0, 9],
			"to": [11.75, 1, 14.75],
			"faces": {
				"north": {"uv": [11.75, 9, 11.5, 9.25], "texture": "#0"},
				"east": {"uv": [11.5, 9, 11.75, 14.75], "rotation": 90, "texture": "#0"},
				"south": {"uv": [11.5, 14.5, 11.75, 14.75], "texture": "#0"},
				"west": {"uv": [11.5, 9, 11.75, 14.75], "rotation": 270, "texture": "#0"},
				"up": {"uv": [11.5, 9, 11.75, 14.75], "texture": "#0"},
				"down": {"uv": [11.5, 14.75, 11.75, 9], "texture": "#0"}
			}
		},
		{
			"name": "LaserGun_44",
			"from": [4.25, 0, 9.25],
			"to": [4.5, 1, 9.5],
			"faces": {
				"south": {"uv": [4.25, 9.25, 4.5, 9.5], "texture": "#0"},
				"west": {"uv": [4.25, 9.25, 4.5, 9.5], "rotation": 270, "texture": "#0"},
				"up": {"uv": [4.25, 9.25, 4.5, 9.5], "texture": "#0"},
				"down": {"uv": [4.25, 9.5, 4.5, 9.25], "texture": "#0"}
			}
		},
		{
			"name": "LaserGun_45",
			"from": [11.75, 0, 9.25],
			"to": [12, 1, 15],
			"faces": {
				"north": {"uv": [12, 9.25, 11.75, 9.5], "texture": "#0"},
				"east": {"uv": [11.75, 9.25, 12, 15], "rotation": 90, "texture": "#0"},
				"south": {"uv": [11.75, 14.75, 12, 15], "texture": "#0"},
				"west": {"uv": [11.75, 9.25, 12, 15], "rotation": 270, "texture": "#0"},
				"up": {"uv": [11.75, 9.25, 12, 15], "texture": "#0"},
				"down": {"uv": [11.75, 15, 12, 9.25], "texture": "#0"}
			}
		},
		{
			"name": "LaserGun_46",
			"from": [7.5, 0, 9.5],
			"to": [7.75, 1, 9.75],
			"faces": {
				"south": {"uv": [7.5, 9.5, 7.75, 9.75], "texture": "#0"},
				"west": {"uv": [7.5, 9.5, 7.75, 9.75], "rotation": 270, "texture": "#0"},
				"up": {"uv": [7.5, 9.5, 7.75, 9.75], "texture": "#0"},
				"down": {"uv": [7.5, 9.75, 7.75, 9.5], "texture": "#0"}
			}
		},
		{
			"name": "LaserGun_47",
			"from": [12, 0, 9.5],
			"to": [12.25, 1, 15.25],
			"faces": {
				"north": {"uv": [12.25, 9.5, 12, 9.75], "texture": "#0"},
				"east": {"uv": [12, 9.5, 12.25, 15.25], "rotation": 90, "texture": "#0"},
				"south": {"uv": [12, 15, 12.25, 15.25], "texture": "#0"},
				"west": {"uv": [12, 9.5, 12.25, 15.25], "rotation": 270, "texture": "#0"},
				"up": {"uv": [12, 9.5, 12.25, 15.25], "texture": "#0"},
				"down": {"uv": [12, 15.25, 12.25, 9.5], "texture": "#0"}
			}
		},
		{
			"name": "LaserGun_48",
			"from": [12.25, 0, 9.75],
			"to": [12.5, 1, 15.75],
			"faces": {
				"north": {"uv": [12.5, 9.75, 12.25, 10], "texture": "#0"},
				"east": {"uv": [12.25, 9.75, 12.5, 15.75], "rotation": 90, "texture": "#0"},
				"south": {"uv": [12.25, 15.5, 12.5, 15.75], "texture": "#0"},
				"west": {"uv": [12.25, 9.75, 12.5, 15.75], "rotation": 270, "texture": "#0"},
				"up": {"uv": [12.25, 9.75, 12.5, 15.75], "texture": "#0"},
				"down": {"uv": [12.25, 15.75, 12.5, 9.75], "texture": "#0"}
			}
		},
		{
			"name": "LaserGun_49",
			"from": [12.5, 0, 10],
			"to": [12.75, 1, 16],
			"faces": {
				"north": {"uv": [12.75, 10, 12.5, 10.25], "texture": "#0"},
				"east": {"uv": [12.5, 10, 12.75, 16], "rotation": 90, "texture": "#0"},
				"south": {"uv": [12.5, 15.75, 12.75, 16], "texture": "#0"},
				"west": {"uv": [12.5, 10, 12.75, 16], "rotation": 270, "texture": "#0"},
				"up": {"uv": [12.5, 10, 12.75, 16], "texture": "#0"},
				"down": {"uv": [12.5, 16, 12.75, 10], "texture": "#0"}
			}
		},
		{
			"name": "LaserGun_50",
			"from": [10, 0, 10.25],
			"to": [10.25, 1, 10.5],
			"faces": {
				"south": {"uv": [10, 10.25, 10.25, 10.5], "texture": "#0"},
				"west": {"uv": [10, 10.25, 10.25, 10.5], "rotation": 270, "texture": "#0"},
				"up": {"uv": [10, 10.25, 10.25, 10.5], "texture": "#0"},
				"down": {"uv": [10, 10.5, 10.25, 10.25], "texture": "#0"}
			}
		},
		{
			"name": "LaserGun_51",
			"from": [12.75, 0, 10.25],
			"to": [13, 1, 16],
			"faces": {
				"north": {"uv": [13, 10.25, 12.75, 10.5], "texture": "#0"},
				"east": {"uv": [12.75, 10.25, 13, 16], "rotation": 90, "texture": "#0"},
				"south": {"uv": [12.75, 15.75, 13, 16], "texture": "#0"},
				"up": {"uv": [12.75, 10.25, 13, 16], "texture": "#0"},
				"down": {"uv": [12.75, 16, 13, 10.25], "texture": "#0"}
			}
		},
		{
			"name": "LaserGun_52",
			"from": [13, 0, 10.5],
			"to": [13.25, 1, 16],
			"faces": {
				"north": {"uv": [13.25, 10.5, 13, 10.75], "texture": "#0"},
				"east": {"uv": [13, 10.5, 13.25, 16], "rotation": 90, "texture": "#0"},
				"south": {"uv": [13, 15.75, 13.25, 16], "texture": "#0"},
				"up": {"uv": [13, 10.5, 13.25, 16], "texture": "#0"},
				"down": {"uv": [13, 16, 13.25, 10.5], "texture": "#0"}
			}
		},
		{
			"name": "LaserGun_53",
			"from": [13.25, 0, 10.75],
			"to": [13.5, 1, 16],
			"faces": {
				"north": {"uv": [13.5, 10.75, 13.25, 11], "texture": "#0"},
				"east": {"uv": [13.25, 10.75, 13.5, 16], "rotation": 90, "texture": "#0"},
				"south": {"uv": [13.25, 15.75, 13.5, 16], "texture": "#0"},
				"up": {"uv": [13.25, 10.75, 13.5, 16], "texture": "#0"},
				"down": {"uv": [13.25, 16, 13.5, 10.75], "texture": "#0"}
			}
		},
		{
			"name": "LaserGun_54",
			"from": [8, 0, 11],
			"to": [8.25, 1, 12.25],
			"faces": {
				"north": {"uv": [8.25, 11, 8, 11.25], "texture": "#0"},
				"south": {"uv": [8, 12, 8.25, 12.25], "texture": "#0"},
				"west": {"uv": [8, 11, 8.25, 12.25], "rotation": 270, "texture": "#0"},
				"up": {"uv": [8, 11, 8.25, 12.25], "texture": "#0"},
				"down": {"uv": [8, 12.25, 8.25, 11], "texture": "#0"}
			}
		},
		{
			"name": "LaserGun_55",
			"from": [13.5, 0, 11],
			"to": [13.75, 1, 16],
			"faces": {
				"north": {"uv": [13.75, 11, 13.5, 11.25], "texture": "#0"},
				"east": {"uv": [13.5, 11, 13.75, 16], "rotation": 90, "texture": "#0"},
				"south": {"uv": [13.5, 15.75, 13.75, 16], "texture": "#0"},
				"up": {"uv": [13.5, 11, 13.75, 16], "texture": "#0"},
				"down": {"uv": [13.5, 16, 13.75, 11], "texture": "#0"}
			}
		},
		{
			"name": "LaserGun_56",
			"from": [9.5, 0, 11.25],
			"to": [9.75, 1, 13],
			"faces": {
				"north": {"uv": [9.75, 11.25, 9.5, 11.5], "texture": "#0"},
				"east": {"uv": [9.5, 11.25, 9.75, 13], "rotation": 90, "texture": "#0"},
				"south": {"uv": [9.5, 12.75, 9.75, 13], "texture": "#0"},
				"up": {"uv": [9.5, 11.25, 9.75, 13], "texture": "#0"},
				"down": {"uv": [9.5, 13, 9.75, 11.25], "texture": "#0"}
			}
		},
		{
			"name": "LaserGun_57",
			"from": [10.25, 0, 11.25],
			"to": [10.5, 1, 13.75],
			"faces": {
				"north": {"uv": [10.5, 11.25, 10.25, 11.5], "texture": "#0"},
				"south": {"uv": [10.25, 13.5, 10.5, 13.75], "texture": "#0"},
				"west": {"uv": [10.25, 11.25, 10.5, 13.75], "rotation": 270, "texture": "#0"},
				"up": {"uv": [10.25, 11.25, 10.5, 13.75], "texture": "#0"},
				"down": {"uv": [10.25, 13.75, 10.5, 11.25], "texture": "#0"}
			}
		},
		{
			"name": "LaserGun_58",
			"from": [13.75, 0, 11.25],
			"to": [14, 1, 16],
			"faces": {
				"north": {"uv": [14, 11.25, 13.75, 11.5], "texture": "#0"},
				"east": {"uv": [13.75, 11.25, 14, 16], "rotation": 90, "texture": "#0"},
				"south": {"uv": [13.75, 15.75, 14, 16], "texture": "#0"},
				"up": {"uv": [13.75, 11.25, 14, 16], "texture": "#0"},
				"down": {"uv": [13.75, 16, 14, 11.25], "texture": "#0"}
			}
		},
		{
			"name": "LaserGun_59",
			"from": [14, 0, 11.5],
			"to": [14.25, 1, 16],
			"faces": {
				"north": {"uv": [14.25, 11.5, 14, 11.75], "texture": "#0"},
				"east": {"uv": [14, 11.5, 14.25, 16], "rotation": 90, "texture": "#0"},
				"south": {"uv": [14, 15.75, 14.25, 16], "texture": "#0"},
				"up": {"uv": [14, 11.5, 14.25, 16], "texture": "#0"},
				"down": {"uv": [14, 16, 14.25, 11.5], "texture": "#0"}
			}
		},
		{
			"name": "LaserGun_60",
			"from": [7.75, 0, 11.75],
			"to": [8, 1, 12],
			"faces": {
				"north": {"uv": [8, 11.75, 7.75, 12], "texture": "#0"},
				"south": {"uv": [7.75, 11.75, 8, 12], "texture": "#0"},
				"west": {"uv": [7.75, 11.75, 8, 12], "rotation": 270, "texture": "#0"},
				"up": {"uv": [7.75, 11.75, 8, 12], "texture": "#0"},
				"down": {"uv": [7.75, 12, 8, 11.75], "texture": "#0"}
			}
		},
		{
			"name": "LaserGun_61",
			"from": [9.75, 0, 11.75],
			"to": [10.25, 1, 13.25],
			"faces": {
				"north": {"uv": [10.25, 11.75, 9.75, 12], "texture": "#0"},
				"south": {"uv": [9.75, 13, 10.25, 13.25], "texture": "#0"},
				"west": {"uv": [9.75, 11.75, 10, 13.25], "rotation": 270, "texture": "#0"},
				"up": {"uv": [9.75, 11.75, 10.25, 13.25], "texture": "#0"},
				"down": {"uv": [9.75, 13.25, 10.25, 11.75], "texture": "#0"}
			}
		},
		{
			"name": "LaserGun_62",
			"from": [14.25, 0, 11.75],
			"to": [14.5, 1, 15.5],
			"faces": {
				"north": {"uv": [14.5, 11.75, 14.25, 12], "texture": "#0"},
				"east": {"uv": [14.25, 11.75, 14.5, 15.5], "rotation": 90, "texture": "#0"},
				"south": {"uv": [14.25, 15.25, 14.5, 15.5], "texture": "#0"},
				"up": {"uv": [14.25, 11.75, 14.5, 15.5], "texture": "#0"},
				"down": {"uv": [14.25, 15.5, 14.5, 11.75], "texture": "#0"}
			}
		},
		{
			"name": "LaserGun_63",
			"from": [14.5, 0, 12],
			"to": [14.75, 1, 15.25],
			"faces": {
				"north": {"uv": [14.75, 12, 14.5, 12.25], "texture": "#0"},
				"east": {"uv": [14.5, 12, 14.75, 15.25], "rotation": 90, "texture": "#0"},
				"south": {"uv": [14.5, 15, 14.75, 15.25], "texture": "#0"},
				"up": {"uv": [14.5, 12, 14.75, 15.25], "texture": "#0"},
				"down": {"uv": [14.5, 15.25, 14.75, 12], "texture": "#0"}
			}
		},
		{
			"name": "LaserGun_64",
			"from": [14.75, 0, 12.25],
			"to": [15, 1, 15],
			"faces": {
				"north": {"uv": [15, 12.25, 14.75, 12.5], "texture": "#0"},
				"east": {"uv": [14.75, 12.25, 15, 15], "rotation": 90, "texture": "#0"},
				"south": {"uv": [14.75, 14.75, 15, 15], "texture": "#0"},
				"up": {"uv": [14.75, 12.25, 15, 15], "texture": "#0"},
				"down": {"uv": [14.75, 15, 15, 12.25], "texture": "#0"}
			}
		},
		{
			"name": "LaserGun_65",
			"from": [15, 0, 12.5],
			"to": [15.5, 1, 14.5],
			"faces": {
				"north": {"uv": [15.5, 12.5, 15, 12.75], "texture": "#0"},
				"east": {"uv": [15.25, 12.5, 15.5, 14.5], "rotation": 90, "texture": "#0"},
				"south": {"uv": [15, 14.25, 15.5, 14.5], "texture": "#0"},
				"up": {"uv": [15, 12.5, 15.5, 14.5], "texture": "#0"},
				"down": {"uv": [15, 14.5, 15.5, 12.5], "texture": "#0"}
			}
		},
		{
			"name": "LaserGun_66",
			"from": [15.5, 0, 12.75],
			"to": [15.75, 1, 14.25],
			"faces": {
				"north": {"uv": [15.75, 12.75, 15.5, 13], "texture": "#0"},
				"east": {"uv": [15.5, 12.75, 15.75, 14.25], "rotation": 90, "texture": "#0"},
				"south": {"uv": [15.5, 14, 15.75, 14.25], "texture": "#0"},
				"up": {"uv": [15.5, 12.75, 15.75, 14.25], "texture": "#0"},
				"down": {"uv": [15.5, 14.25, 15.75, 12.75], "texture": "#0"}
			}
		},
		{
			"name": "LaserGun_67",
			"from": [15.75, 0, 13],
			"to": [16, 1, 14],
			"faces": {
				"north": {"uv": [16, 13, 15.75, 13.25], "texture": "#0"},
				"east": {"uv": [15.75, 13, 16, 14], "rotation": 90, "texture": "#0"},
				"south": {"uv": [15.75, 13.75, 16, 14], "texture": "#0"},
				"up": {"uv": [15.75, 13, 16, 14], "texture": "#0"},
				"down": {"uv": [15.75, 14, 16, 13], "texture": "#0"}
			}
		},
		{
			"name": "LaserGun_68",
			"from": [10, 0, 13.25],
			"to": [10.25, 1, 13.5],
			"faces": {
				"south": {"uv": [10, 13.25, 10.25, 13.5], "texture": "#0"},
				"west": {"uv": [10, 13.25, 10.25, 13.5], "rotation": 270, "texture": "#0"},
				"up": {"uv": [10, 13.25, 10.25, 13.5], "texture": "#0"},
				"down": {"uv": [10, 13.5, 10.25, 13.25], "texture": "#0"}
			}
		}
	],
	"display": {
		"thirdperson_righthand": {
			"rotation": [45, 0, 90],
			"translation": [-7.5, 2, 0.75]
		},
		"thirdperson_lefthand": {
			"rotation": [45, 0, -90],
			"translation": [7.5, 2, 0.75]
		},
		"firstperson_righthand": {
			"rotation": [55, 0, 90],
			"translation": [-6.25, 2.5, 0]
		},
		"firstperson_lefthand": {
			"rotation": [55, 0, -90],
			"translation": [8.75, 2.5, 0]
		},
		"ground": {
			"rotation": [90, 0, 90],
			"translation": [-4, 0, 0],
			"scale": [0.5, 0.5, 0.5]
		},
		"gui": {
			"rotation": [90, 0, 0],
			"translation": [0.5, 0.5, 0]
		},
		"head": {
			"rotation": [45, 0, 90],
			"translation": [-7.5, 8.25, -1.5]
		},
		"fixed": {
			"rotation": [90, 0, 0],
			"translation": [0, 0, 7]
		}
	},
	"groups": [
		{
			"name": "LaserGun",
			"origin": [8, 8, 8],
			"children": [0, 1, 2, 3, 4, 5, 6, 7, 8, 9, 10, 11, 12, 13, 14, 15, 16, 17, 18, 19, 20, 21, 22, 23, 24, 25, 26, 27, 28, 29, 30, 31, 32, 33, 34, 35, 36, 37, 38, 39, 40, 41, 42, 43, 44, 45, 46, 47, 48, 49, 50, 51, 52, 53, 54, 55, 56, 57, 58, 59, 60, 61, 62, 63, 64, 65, 66, 67, 68]
		}
	]
}