{
	"credit": "Made with Blockbench",
	"textures": {
		"0": "gun_textures/m32",
		"particle": "gun_textures/m32"
	},
	"elements": [
		{
			"name": "m32_0",
			"from": [0.75, 0, 0],
			"to": [1.25, 1.25, 1.75],
			"faces": {
				"north": {"uv": [1.25, 0, 0.75, 0.25], "texture": "#0"},
				"east": {"uv": [1, 0, 1.25, 1.75], "rotation": 90, "texture": "#0"},
				"south": {"uv": [0.75, 1.5, 1.25, 1.75], "texture": "#0"},
				"west": {"uv": [0.75, 0, 1, 1.75], "rotation": 270, "texture": "#0"},
				"up": {"uv": [0.75, 0, 1.25, 1.75], "texture": "#0"},
				"down": {"uv": [0.75, 1.75, 1.25, 0], "texture": "#0"}
			}
		},
		{
			"name": "m32_1",
			"from": [0.5, 0, 0.25],
			"to": [0.75, 1.25, 1.5],
			"faces": {
				"north": {"uv": [0.75, 0.25, 0.5, 0.5], "texture": "#0"},
				"east": {"uv": [0.5, 0.25, 0.75, 1.5], "rotation": 90, "texture": "#0"},
				"south": {"uv": [0.5, 1.25, 0.75, 1.5], "texture": "#0"},
				"west": {"uv": [0.5, 0.25, 0.75, 1.5], "rotation": 270, "texture": "#0"},
				"up": {"uv": [0.5, 0.25, 0.75, 1.5], "texture": "#0"},
				"down": {"uv": [0.5, 1.5, 0.75, 0.25], "texture": "#0"}
			}
		},
		{
			"name": "m32_2",
			"from": [1.25, 0, 0.25],
			"to": [1.5, 1.25, 2.25],
			"faces": {
				"north": {"uv": [1.5, 0.25, 1.25, 0.5], "texture": "#0"},
				"east": {"uv": [1.25, 0.25, 1.5, 2.25], "rotation": 90, "texture": "#0"},
				"south": {"uv": [1.25, 2, 1.5, 2.25], "texture": "#0"},
				"west": {"uv": [1.25, 0.25, 1.5, 2.25], "rotation": 270, "texture": "#0"},
				"up": {"uv": [1.25, 0.25, 1.5, 2.25], "texture": "#0"},
				"down": {"uv": [1.25, 2.25, 1.5, 0.25], "texture": "#0"}
			}
		},
		{
			"name": "m32_3",
			"from": [0.25, 0, 0.5],
			"to": [0.5, 1.25, 1.25],
			"faces": {
				"north": {"uv": [0.5, 0.5, 0.25, 0.75], "texture": "#0"},
				"east": {"uv": [0.25, 0.5, 0.5, 1.25], "rotation": 90, "texture": "#0"},
				"south": {"uv": [0.25, 1, 0.5, 1.25], "texture": "#0"},
				"west": {"uv": [0.25, 0.5, 0.5, 1.25], "rotation": 270, "texture": "#0"},
				"up": {"uv": [0.25, 0.5, 0.5, 1.25], "texture": "#0"},
				"down": {"uv": [0.25, 1.25, 0.5, 0.5], "texture": "#0"}
			}
		},
		{
			"name": "m32_4",
			"from": [1.5, 0, 0.5],
			"to": [1.75, 1.25, 2.5],
			"faces": {
				"north": {"uv": [1.75, 0.5, 1.5, 0.75], "texture": "#0"},
				"east": {"uv": [1.5, 0.5, 1.75, 2.5], "rotation": 90, "texture": "#0"},
				"south": {"uv": [1.5, 2.25, 1.75, 2.5], "texture": "#0"},
				"west": {"uv": [1.5, 0.5, 1.75, 2.5], "rotation": 270, "texture": "#0"},
				"up": {"uv": [1.5, 0.5, 1.75, 2.5], "texture": "#0"},
				"down": {"uv": [1.5, 2.5, 1.75, 0.5], "texture": "#0"}
			}
		},
		{
			"name": "m32_5",
			"from": [0, 0, 0.75],
			"to": [0.25, 1.25, 1],
			"faces": {
				"north": {"uv": [0.25, 0.75, 0, 1], "texture": "#0"},
				"east": {"uv": [0, 0.75, 0.25, 1], "rotation": 90, "texture": "#0"},
				"south": {"uv": [0, 0.75, 0.25, 1], "texture": "#0"},
				"west": {"uv": [0, 0.75, 0.25, 1], "rotation": 270, "texture": "#0"},
				"up": {"uv": [0, 0.75, 0.25, 1], "texture": "#0"},
				"down": {"uv": [0, 1, 0.25, 0.75], "texture": "#0"}
			}
		},
		{
			"name": "m32_6",
			"from": [1.75, 0, 0.75],
			"to": [2, 1.25, 3.5],
			"faces": {
				"north": {"uv": [2, 0.75, 1.75, 1], "texture": "#0"},
				"east": {"uv": [1.75, 0.75, 2, 3.5], "rotation": 90, "texture": "#0"},
				"south": {"uv": [1.75, 3.25, 2, 3.5], "texture": "#0"},
				"west": {"uv": [1.75, 0.75, 2, 3.5], "rotation": 270, "texture": "#0"},
				"up": {"uv": [1.75, 0.75, 2, 3.5], "texture": "#0"},
				"down": {"uv": [1.75, 3.5, 2, 0.75], "texture": "#0"}
			}
		},
		{
			"name": "m32_7",
			"from": [2, 0, 1],
			"to": [2.25, 1.25, 3.75],
			"faces": {
				"north": {"uv": [2.25, 1, 2, 1.25], "texture": "#0"},
				"east": {"uv": [2, 1, 2.25, 3.75], "rotation": 90, "texture": "#0"},
				"south": {"uv": [2, 3.5, 2.25, 3.75], "texture": "#0"},
				"west": {"uv": [2, 1, 2.25, 3.75], "rotation": 270, "texture": "#0"},
				"up": {"uv": [2, 1, 2.25, 3.75], "texture": "#0"},
				"down": {"uv": [2, 3.75, 2.25, 1], "texture": "#0"}
			}
		},
		{
			"name": "m32_8",
			"from": [2.25, 0, 1.25],
			"to": [2.5, 1.25, 5.75],
			"faces": {
				"north": {"uv": [2.5, 1.25, 2.25, 1.5], "texture": "#0"},
				"east": {"uv": [2.25, 1.25, 2.5, 5.75], "rotation": 90, "texture": "#0"},
				"south": {"uv": [2.25, 5.5, 2.5, 5.75], "texture": "#0"},
				"west": {"uv": [2.25, 1.25, 2.5, 5.75], "rotation": 270, "texture": "#0"},
				"up": {"uv": [2.25, 1.25, 2.5, 5.75], "texture": "#0"},
				"down": {"uv": [2.25, 5.75, 2.5, 1.25], "texture": "#0"}
			}
		},
		{
			"name": "m32_9",
			"from": [2.5, 0, 1.5],
			"to": [2.75, 1.25, 5.5],
			"faces": {
				"north": {"uv": [2.75, 1.5, 2.5, 1.75], "texture": "#0"},
				"east": {"uv": [2.5, 1.5, 2.75, 5.5], "rotation": 90, "texture": "#0"},
				"south": {"uv": [2.5, 5.25, 2.75, 5.5], "texture": "#0"},
				"west": {"uv": [2.5, 1.5, 2.75, 5.5], "rotation": 270, "texture": "#0"},
				"up": {"uv": [2.5, 1.5, 2.75, 5.5], "texture": "#0"},
				"down": {"uv": [2.5, 5.5, 2.75, 1.5], "texture": "#0"}
			}
		},
		{
			"name": "m32_10",
			"from": [3, 0, 1.5],
			"to": [3.5, 1.25, 5],
			"faces": {
				"north": {"uv": [3.5, 1.5, 3, 1.75], "texture": "#0"},
				"east": {"uv": [3.25, 1.5, 3.5, 5], "rotation": 90, "texture": "#0"},
				"south": {"uv": [3, 4.75, 3.5, 5], "texture": "#0"},
				"west": {"uv": [3, 1.5, 3.25, 5], "rotation": 270, "texture": "#0"},
				"up": {"uv": [3, 1.5, 3.5, 5], "texture": "#0"},
				"down": {"uv": [3, 5, 3.5, 1.5], "texture": "#0"}
			}
		},
		{
			"name": "m32_11",
			"from": [1, 0, 1.75],
			"to": [1.25, 1.25, 2],
			"faces": {
				"north": {"uv": [1.25, 1.75, 1, 2], "texture": "#0"},
				"east": {"uv": [1, 1.75, 1.25, 2], "rotation": 90, "texture": "#0"},
				"south": {"uv": [1, 1.75, 1.25, 2], "texture": "#0"},
				"west": {"uv": [1, 1.75, 1.25, 2], "rotation": 270, "texture": "#0"},
				"up": {"uv": [1, 1.75, 1.25, 2], "texture": "#0"},
				"down": {"uv": [1, 2, 1.25, 1.75], "texture": "#0"}
			}
		},
		{
			"name": "m32_12",
			"from": [2.75, 0, 1.75],
			"to": [3, 1.25, 5.25],
			"faces": {
				"north": {"uv": [3, 1.75, 2.75, 2], "texture": "#0"},
				"east": {"uv": [2.75, 1.75, 3, 5.25], "rotation": 90, "texture": "#0"},
				"south": {"uv": [2.75, 5, 3, 5.25], "texture": "#0"},
				"west": {"uv": [2.75, 1.75, 3, 5.25], "rotation": 270, "texture": "#0"},
				"up": {"uv": [2.75, 1.75, 3, 5.25], "texture": "#0"},
				"down": {"uv": [2.75, 5.25, 3, 1.75], "texture": "#0"}
			}
		},
		{
			"name": "m32_13",
			"from": [3.5, 0, 1.75],
			"to": [3.75, 1.25, 5],
			"faces": {
				"north": {"uv": [3.75, 1.75, 3.5, 2], "texture": "#0"},
				"east": {"uv": [3.5, 1.75, 3.75, 5], "rotation": 90, "texture": "#0"},
				"south": {"uv": [3.5, 4.75, 3.75, 5], "texture": "#0"},
				"west": {"uv": [3.5, 1.75, 3.75, 5], "rotation": 270, "texture": "#0"},
				"up": {"uv": [3.5, 1.75, 3.75, 5], "texture": "#0"},
				"down": {"uv": [3.5, 5, 3.75, 1.75], "texture": "#0"}
			}
		},
		{
			"name": "m32_14",
			"from": [3.75, 0, 2],
			"to": [4, 1.25, 5],
			"faces": {
				"north": {"uv": [4, 2, 3.75, 2.25], "texture": "#0"},
				"east": {"uv": [3.75, 2, 4, 5], "rotation": 90, "texture": "#0"},
				"south": {"uv": [3.75, 4.75, 4, 5], "texture": "#0"},
				"west": {"uv": [3.75, 2, 4, 5], "rotation": 270, "texture": "#0"},
				"up": {"uv": [3.75, 2, 4, 5], "texture": "#0"},
				"down": {"uv": [3.75, 5, 4, 2], "texture": "#0"}
			}
		},
		{
			"name": "m32_15",
			"from": [4, 0, 2.25],
			"to": [4.25, 1.25, 5],
			"faces": {
				"north": {"uv": [4.25, 2.25, 4, 2.5], "texture": "#0"},
				"east": {"uv": [4, 2.25, 4.25, 5], "rotation": 90, "texture": "#0"},
				"south": {"uv": [4, 4.75, 4.25, 5], "texture": "#0"},
				"west": {"uv": [4, 2.25, 4.25, 5], "rotation": 270, "texture": "#0"},
				"up": {"uv": [4, 2.25, 4.25, 5], "texture": "#0"},
				"down": {"uv": [4, 5, 4.25, 2.25], "texture": "#0"}
			}
		},
		{
			"name": "m32_16",
			"from": [4.25, 0, 2.5],
			"to": [4.5, 1.25, 5.25],
			"faces": {
				"north": {"uv": [4.5, 2.5, 4.25, 2.75], "texture": "#0"},
				"east": {"uv": [4.25, 2.5, 4.5, 5.25], "rotation": 90, "texture": "#0"},
				"south": {"uv": [4.25, 5, 4.5, 5.25], "texture": "#0"},
				"west": {"uv": [4.25, 2.5, 4.5, 5.25], "rotation": 270, "texture": "#0"},
				"up": {"uv": [4.25, 2.5, 4.5, 5.25], "texture": "#0"},
				"down": {"uv": [4.25, 5.25, 4.5, 2.5], "texture": "#0"}
			}
		},
		{
			"name": "m32_17",
			"from": [4.5, 0, 2.75],
			"to": [4.75, 1.25, 5.5],
			"faces": {
				"north": {"uv": [4.75, 2.75, 4.5, 3], "texture": "#0"},
				"east": {"uv": [4.5, 2.75, 4.75, 5.5], "rotation": 90, "texture": "#0"},
				"south": {"uv": [4.5, 5.25, 4.75, 5.5], "texture": "#0"},
				"west": {"uv": [4.5, 2.75, 4.75, 5.5], "rotation": 270, "texture": "#0"},
				"up": {"uv": [4.5, 2.75, 4.75, 5.5], "texture": "#0"},
				"down": {"uv": [4.5, 5.5, 4.75, 2.75], "texture": "#0"}
			}
		},
		{
			"name": "m32_18",
			"from": [4.75, 0, 3],
			"to": [5, 1.25, 5.75],
			"faces": {
				"north": {"uv": [5, 3, 4.75, 3.25], "texture": "#0"},
				"east": {"uv": [4.75, 3, 5, 5.75], "rotation": 90, "texture": "#0"},
				"south": {"uv": [4.75, 5.5, 5, 5.75], "texture": "#0"},
				"west": {"uv": [4.75, 3, 5, 5.75], "rotation": 270, "texture": "#0"},
				"up": {"uv": [4.75, 3, 5, 5.75], "texture": "#0"},
				"down": {"uv": [4.75, 5.75, 5, 3], "texture": "#0"}
			}
		},
		{
			"name": "m32_19",
			"from": [5, 0, 3.25],
			"to": [5.25, 1.25, 6],
			"faces": {
				"north": {"uv": [5.25, 3.25, 5, 3.5], "texture": "#0"},
				"east": {"uv": [5, 3.25, 5.25, 6], "rotation": 90, "texture": "#0"},
				"south": {"uv": [5, 5.75, 5.25, 6], "texture": "#0"},
				"west": {"uv": [5, 3.25, 5.25, 6], "rotation": 270, "texture": "#0"},
				"up": {"uv": [5, 3.25, 5.25, 6], "texture": "#0"},
				"down": {"uv": [5, 6, 5.25, 3.25], "texture": "#0"}
			}
		},
		{
			"name": "m32_20",
			"from": [5.25, 0, 3.5],
			"to": [5.5, 1.25, 10.75],
			"faces": {
				"north": {"uv": [5.5, 3.5, 5.25, 3.75], "texture": "#0"},
				"east": {"uv": [5.25, 3.5, 5.5, 10.75], "rotation": 90, "texture": "#0"},
				"south": {"uv": [5.25, 10.5, 5.5, 10.75], "texture": "#0"},
				"west": {"uv": [5.25, 3.5, 5.5, 10.75], "rotation": 270, "texture": "#0"},
				"up": {"uv": [5.25, 3.5, 5.5, 10.75], "texture": "#0"},
				"down": {"uv": [5.25, 10.75, 5.5, 3.5], "texture": "#0"}
			}
		},
		{
			"name": "m32_21",
			"from": [5.5, 0, 3.75],
			"to": [5.75, 1.25, 10.5],
			"faces": {
				"north": {"uv": [5.75, 3.75, 5.5, 4], "texture": "#0"},
				"east": {"uv": [5.5, 3.75, 5.75, 10.5], "rotation": 90, "texture": "#0"},
				"south": {"uv": [5.5, 10.25, 5.75, 10.5], "texture": "#0"},
				"west": {"uv": [5.5, 3.75, 5.75, 10.5], "rotation": 270, "texture": "#0"},
				"up": {"uv": [5.5, 3.75, 5.75, 10.5], "texture": "#0"},
				"down": {"uv": [5.5, 10.5, 5.75, 3.75], "texture": "#0"}
			}
		},
		{
			"name": "m32_22",
			"from": [5.75, 0, 4],
			"to": [6, 1.25, 10.75],
			"faces": {
				"north": {"uv": [6, 4, 5.75, 4.25], "texture": "#0"},
				"east": {"uv": [5.75, 4, 6, 10.75], "rotation": 90, "texture": "#0"},
				"south": {"uv": [5.75, 10.5, 6, 10.75], "texture": "#0"},
				"west": {"uv": [5.75, 4, 6, 10.75], "rotation": 270, "texture": "#0"},
				"up": {"uv": [5.75, 4, 6, 10.75], "texture": "#0"},
				"down": {"uv": [5.75, 10.75, 6, 4], "texture": "#0"}
			}
		},
		{
			"name": "m32_23",
			"from": [6, 0, 4.25],
			"to": [6.25, 1.25, 10.75],
			"faces": {
				"north": {"uv": [6.25, 4.25, 6, 4.5], "texture": "#0"},
				"east": {"uv": [6, 4.25, 6.25, 10.75], "rotation": 90, "texture": "#0"},
				"south": {"uv": [6, 10.5, 6.25, 10.75], "texture": "#0"},
				"west": {"uv": [6, 4.25, 6.25, 10.75], "rotation": 270, "texture": "#0"},
				"up": {"uv": [6, 4.25, 6.25, 10.75], "texture": "#0"},
				"down": {"uv": [6, 10.75, 6.25, 4.25], "texture": "#0"}
			}
		},
		{
			"name": "m32_24",
			"from": [2, 0, 4.5],
			"to": [2.25, 1.25, 6],
			"faces": {
				"north": {"uv": [2.25, 4.5, 2, 4.75], "texture": "#0"},
				"east": {"uv": [2, 4.5, 2.25, 6], "rotation": 90, "texture": "#0"},
				"south": {"uv": [2, 5.75, 2.25, 6], "texture": "#0"},
				"west": {"uv": [2, 4.5, 2.25, 6], "rotation": 270, "texture": "#0"},
				"up": {"uv": [2, 4.5, 2.25, 6], "texture": "#0"},
				"down": {"uv": [2, 6, 2.25, 4.5], "texture": "#0"}
			}
		},
		{
			"name": "m32_25",
			"from": [6.25, 0, 4.5],
			"to": [6.5, 1.25, 11],
			"faces": {
				"north": {"uv": [6.5, 4.5, 6.25, 4.75], "texture": "#0"},
				"east": {"uv": [6.25, 4.5, 6.5, 11], "rotation": 90, "texture": "#0"},
				"south": {"uv": [6.25, 10.75, 6.5, 11], "texture": "#0"},
				"west": {"uv": [6.25, 4.5, 6.5, 11], "rotation": 270, "texture": "#0"},
				"up": {"uv": [6.25, 4.5, 6.5, 11], "texture": "#0"},
				"down": {"uv": [6.25, 11, 6.5, 4.5], "texture": "#0"}
			}
		},
		{
			"name": "m32_26",
			"from": [1.75, 0, 4.75],
			"to": [2, 1.25, 6.25],
			"faces": {
				"north": {"uv": [2, 4.75, 1.75, 5], "texture": "#0"},
				"east": {"uv": [1.75, 4.75, 2, 6.25], "rotation": 90, "texture": "#0"},
				"south": {"uv": [1.75, 6, 2, 6.25], "texture": "#0"},
				"west": {"uv": [1.75, 4.75, 2, 6.25], "rotation": 270, "texture": "#0"},
				"up": {"uv": [1.75, 4.75, 2, 6.25], "texture": "#0"},
				"down": {"uv": [1.75, 6.25, 2, 4.75], "texture": "#0"}
			}
		},
		{
			"name": "m32_27",
			"from": [7.25, 0, 4.75],
			"to": [7.75, 1.25, 5.75],
			"faces": {
				"north": {"uv": [7.75, 4.75, 7.25, 5], "texture": "#0"},
				"east": {"uv": [7.5, 4.75, 7.75, 5.75], "rotation": 90, "texture": "#0"},
				"south": {"uv": [7.25, 5.5, 7.75, 5.75], "texture": "#0"},
				"west": {"uv": [7.25, 4.75, 7.5, 5.75], "rotation": 270, "texture": "#0"},
				"up": {"uv": [7.25, 4.75, 7.75, 5.75], "texture": "#0"},
				"down": {"uv": [7.25, 5.75, 7.75, 4.75], "texture": "#0"}
			}
		},
		{
			"name": "m32_28",
			"from": [1.5, 0, 5],
			"to": [1.75, 1.25, 6.5],
			"faces": {
				"north": {"uv": [1.75, 5, 1.5, 5.25], "texture": "#0"},
				"east": {"uv": [1.5, 5, 1.75, 6.5], "rotation": 90, "texture": "#0"},
				"south": {"uv": [1.5, 6.25, 1.75, 6.5], "texture": "#0"},
				"west": {"uv": [1.5, 5, 1.75, 6.5], "rotation": 270, "texture": "#0"},
				"up": {"uv": [1.5, 5, 1.75, 6.5], "texture": "#0"},
				"down": {"uv": [1.5, 6.5, 1.75, 5], "texture": "#0"}
			}
		},
		{
			"name": "m32_29",
			"from": [3, 0, 5],
			"to": [3.25, 1.25, 5.25],
			"faces": {
				"north": {"uv": [3.25, 5, 3, 5.25], "texture": "#0"},
				"east": {"uv": [3, 5, 3.25, 5.25], "rotation": 90, "texture": "#0"},
				"south": {"uv": [3, 5, 3.25, 5.25], "texture": "#0"},
				"west": {"uv": [3, 5, 3.25, 5.25], "rotation": 270, "texture": "#0"},
				"up": {"uv": [3, 5, 3.25, 5.25], "texture": "#0"},
				"down": {"uv": [3, 5.25, 3.25, 5], "texture": "#0"}
			}
		},
		{
			"name": "m32_30",
			"from": [7, 0, 5],
			"to": [7.25, 1.25, 11],
			"faces": {
				"north": {"uv": [7.25, 5, 7, 5.25], "texture": "#0"},
				"east": {"uv": [7, 5, 7.25, 11], "rotation": 90, "texture": "#0"},
				"south": {"uv": [7, 10.75, 7.25, 11], "texture": "#0"},
				"west": {"uv": [7, 5, 7.25, 11], "rotation": 270, "texture": "#0"},
				"up": {"uv": [7, 5, 7.25, 11], "texture": "#0"},
				"down": {"uv": [7, 11, 7.25, 5], "texture": "#0"}
			}
		},
		{
			"name": "m32_31",
			"from": [7.75, 0, 5],
			"to": [8, 1.25, 6],
			"faces": {
				"north": {"uv": [8, 5, 7.75, 5.25], "texture": "#0"},
				"east": {"uv": [7.75, 5, 8, 6], "rotation": 90, "texture": "#0"},
				"south": {"uv": [7.75, 5.75, 8, 6], "texture": "#0"},
				"west": {"uv": [7.75, 5, 8, 6], "rotation": 270, "texture": "#0"},
				"up": {"uv": [7.75, 5, 8, 6], "texture": "#0"},
				"down": {"uv": [7.75, 6, 8, 5], "texture": "#0"}
			}
		},
		{
			"name": "m32_32",
			"from": [1.25, 0, 5.25],
			"to": [1.5, 1.25, 6.75],
			"faces": {
				"north": {"uv": [1.5, 5.25, 1.25, 5.5], "texture": "#0"},
				"east": {"uv": [1.25, 5.25, 1.5, 6.75], "rotation": 90, "texture": "#0"},
				"south": {"uv": [1.25, 6.5, 1.5, 6.75], "texture": "#0"},
				"west": {"uv": [1.25, 5.25, 1.5, 6.75], "rotation": 270, "texture": "#0"},
				"up": {"uv": [1.25, 5.25, 1.5, 6.75], "texture": "#0"},
				"down": {"uv": [1.25, 6.75, 1.5, 5.25], "texture": "#0"}
			}
		},
		{
			"name": "m32_33",
			"from": [6.75, 0, 5.25],
			"to": [7, 1.25, 11],
			"faces": {
				"north": {"uv": [7, 5.25, 6.75, 5.5], "texture": "#0"},
				"east": {"uv": [6.75, 5.25, 7, 11], "rotation": 90, "texture": "#0"},
				"south": {"uv": [6.75, 10.75, 7, 11], "texture": "#0"},
				"west": {"uv": [6.75, 5.25, 7, 11], "rotation": 270, "texture": "#0"},
				"up": {"uv": [6.75, 5.25, 7, 11], "texture": "#0"},
				"down": {"uv": [6.75, 11, 7, 5.25], "texture": "#0"}
			}
		},
		{
			"name": "m32_34",
			"from": [8, 0, 5.25],
			"to": [8.25, 1.25, 6.25],
			"faces": {
				"north": {"uv": [8.25, 5.25, 8, 5.5], "texture": "#0"},
				"east": {"uv": [8, 5.25, 8.25, 6.25], "rotation": 90, "texture": "#0"},
				"south": {"uv": [8, 6, 8.25, 6.25], "texture": "#0"},
				"west": {"uv": [8, 5.25, 8.25, 6.25], "rotation": 270, "texture": "#0"},
				"up": {"uv": [8, 5.25, 8.25, 6.25], "texture": "#0"},
				"down": {"uv": [8, 6.25, 8.25, 5.25], "texture": "#0"}
			}
		},
		{
			"name": "m32_35",
			"from": [1, 0, 5.5],
			"to": [1.25, 1.25, 6.75],
			"faces": {
				"north": {"uv": [1.25, 5.5, 1, 5.75], "texture": "#0"},
				"east": {"uv": [1, 5.5, 1.25, 6.75], "rotation": 90, "texture": "#0"},
				"south": {"uv": [1, 6.5, 1.25, 6.75], "texture": "#0"},
				"west": {"uv": [1, 5.5, 1.25, 6.75], "rotation": 270, "texture": "#0"},
				"up": {"uv": [1, 5.5, 1.25, 6.75], "texture": "#0"},
				"down": {"uv": [1, 6.75, 1.25, 5.5], "texture": "#0"}
			}
		},
		{
			"name": "m32_36",
			"from": [6.5, 0, 5.5],
			"to": [6.75, 1.25, 11],
			"faces": {
				"north": {"uv": [6.75, 5.5, 6.5, 5.75], "texture": "#0"},
				"east": {"uv": [6.5, 5.5, 6.75, 11], "rotation": 90, "texture": "#0"},
				"south": {"uv": [6.5, 10.75, 6.75, 11], "texture": "#0"},
				"west": {"uv": [6.5, 5.5, 6.75, 11], "rotation": 270, "texture": "#0"},
				"up": {"uv": [6.5, 5.5, 6.75, 11], "texture": "#0"},
				"down": {"uv": [6.5, 11, 6.75, 5.5], "texture": "#0"}
			}
		},
		{
			"name": "m32_37",
			"from": [8.25, 0, 5.5],
			"to": [8.5, 1.25, 6.5],
			"faces": {
				"north": {"uv": [8.5, 5.5, 8.25, 5.75], "texture": "#0"},
				"east": {"uv": [8.25, 5.5, 8.5, 6.5], "rotation": 90, "texture": "#0"},
				"south": {"uv": [8.25, 6.25, 8.5, 6.5], "texture": "#0"},
				"west": {"uv": [8.25, 5.5, 8.5, 6.5], "rotation": 270, "texture": "#0"},
				"up": {"uv": [8.25, 5.5, 8.5, 6.5], "texture": "#0"},
				"down": {"uv": [8.25, 6.5, 8.5, 5.5], "texture": "#0"}
			}
		},
		{
			"name": "m32_38",
			"from": [0.75, 0, 5.75],
			"to": [1, 1.25, 7],
			"faces": {
				"north": {"uv": [1, 5.75, 0.75, 6], "texture": "#0"},
				"east": {"uv": [0.75, 5.75, 1, 7], "rotation": 90, "texture": "#0"},
				"south": {"uv": [0.75, 6.75, 1, 7], "texture": "#0"},
				"west": {"uv": [0.75, 5.75, 1, 7], "rotation": 270, "texture": "#0"},
				"up": {"uv": [0.75, 5.75, 1, 7], "texture": "#0"},
				"down": {"uv": [0.75, 7, 1, 5.75], "texture": "#0"}
			}
		},
		{
			"name": "m32_39",
			"from": [7.25, 0, 5.75],
			"to": [7.5, 1.25, 11],
			"faces": {
				"north": {"uv": [7.5, 5.75, 7.25, 6], "texture": "#0"},
				"east": {"uv": [7.25, 5.75, 7.5, 11], "rotation": 90, "texture": "#0"},
				"south": {"uv": [7.25, 10.75, 7.5, 11], "texture": "#0"},
				"west": {"uv": [7.25, 5.75, 7.5, 11], "rotation": 270, "texture": "#0"},
				"up": {"uv": [7.25, 5.75, 7.5, 11], "texture": "#0"},
				"down": {"uv": [7.25, 11, 7.5, 5.75], "texture": "#0"}
			}
		},
		{
			"name": "m32_40",
			"from": [8.5, 0, 5.75],
			"to": [8.75, 1.25, 6.75],
			"faces": {
				"north": {"uv": [8.75, 5.75, 8.5, 6], "texture": "#0"},
				"east": {"uv": [8.5, 5.75, 8.75, 6.75], "rotation": 90, "texture": "#0"},
				"south": {"uv": [8.5, 6.5, 8.75, 6.75], "texture": "#0"},
				"west": {"uv": [8.5, 5.75, 8.75, 6.75], "rotation": 270, "texture": "#0"},
				"up": {"uv": [8.5, 5.75, 8.75, 6.75], "texture": "#0"},
				"down": {"uv": [8.5, 6.75, 8.75, 5.75], "texture": "#0"}
			}
		},
		{
			"name": "m32_41",
			"from": [0.5, 0, 6],
			"to": [0.75, 1.25, 6.75],
			"faces": {
				"north": {"uv": [0.75, 6, 0.5, 6.25], "texture": "#0"},
				"east": {"uv": [0.5, 6, 0.75, 6.75], "rotation": 90, "texture": "#0"},
				"south": {"uv": [0.5, 6.5, 0.75, 6.75], "texture": "#0"},
				"west": {"uv": [0.5, 6, 0.75, 6.75], "rotation": 270, "texture": "#0"},
				"up": {"uv": [0.5, 6, 0.75, 6.75], "texture": "#0"},
				"down": {"uv": [0.5, 6.75, 0.75, 6], "texture": "#0"}
			}
		},
		{
			"name": "m32_42",
			"from": [8.75, 0, 6],
			"to": [9, 1.25, 7],
			"faces": {
				"north": {"uv": [9, 6, 8.75, 6.25], "texture": "#0"},
				"east": {"uv": [8.75, 6, 9, 7], "rotation": 90, "texture": "#0"},
				"south": {"uv": [8.75, 6.75, 9, 7], "texture": "#0"},
				"west": {"uv": [8.75, 6, 9, 7], "rotation": 270, "texture": "#0"},
				"up": {"uv": [8.75, 6, 9, 7], "texture": "#0"},
				"down": {"uv": [8.75, 7, 9, 6], "texture": "#0"}
			}
		},
		{
			"name": "m32_43",
			"from": [0.25, 0, 6.25],
			"to": [0.5, 1.25, 6.5],
			"faces": {
				"north": {"uv": [0.5, 6.25, 0.25, 6.5], "texture": "#0"},
				"east": {"uv": [0.25, 6.25, 0.5, 6.5], "rotation": 90, "texture": "#0"},
				"south": {"uv": [0.25, 6.25, 0.5, 6.5], "texture": "#0"},
				"west": {"uv": [0.25, 6.25, 0.5, 6.5], "rotation": 270, "texture": "#0"},
				"up": {"uv": [0.25, 6.25, 0.5, 6.5], "texture": "#0"},
				"down": {"uv": [0.25, 6.5, 0.5, 6.25], "texture": "#0"}
			}
		},
		{
			"name": "m32_44",
			"from": [9, 0, 6.25],
			"to": [9.25, 1.25, 7.25],
			"faces": {
				"north": {"uv": [9.25, 6.25, 9, 6.5], "texture": "#0"},
				"east": {"uv": [9, 6.25, 9.25, 7.25], "rotation": 90, "texture": "#0"},
				"south": {"uv": [9, 7, 9.25, 7.25], "texture": "#0"},
				"west": {"uv": [9, 6.25, 9.25, 7.25], "rotation": 270, "texture": "#0"},
				"up": {"uv": [9, 6.25, 9.25, 7.25], "texture": "#0"},
				"down": {"uv": [9, 7.25, 9.25, 6.25], "texture": "#0"}
			}
		},
		{
			"name": "m32_45",
			"from": [5, 0, 6.5],
			"to": [5.25, 1.25, 10.75],
			"faces": {
				"north": {"uv": [5.25, 6.5, 5, 6.75], "texture": "#0"},
				"east": {"uv": [5, 6.5, 5.25, 10.75], "rotation": 90, "texture": "#0"},
				"south": {"uv": [5, 10.5, 5.25, 10.75], "texture": "#0"},
				"west": {"uv": [5, 6.5, 5.25, 10.75], "rotation": 270, "texture": "#0"},
				"up": {"uv": [5, 6.5, 5.25, 10.75], "texture": "#0"},
				"down": {"uv": [5, 10.75, 5.25, 6.5], "texture": "#0"}
			}
		},
		{
			"name": "m32_46",
			"from": [7.5, 0, 6.5],
			"to": [7.75, 1.25, 11],
			"faces": {
				"north": {"uv": [7.75, 6.5, 7.5, 6.75], "texture": "#0"},
				"east": {"uv": [7.5, 6.5, 7.75, 11], "rotation": 90, "texture": "#0"},
				"south": {"uv": [7.5, 10.75, 7.75, 11], "texture": "#0"},
				"west": {"uv": [7.5, 6.5, 7.75, 11], "rotation": 270, "texture": "#0"},
				"up": {"uv": [7.5, 6.5, 7.75, 11], "texture": "#0"},
				"down": {"uv": [7.5, 11, 7.75, 6.5], "texture": "#0"}
			}
		},
		{
			"name": "m32_47",
			"from": [9.25, 0, 6.5],
			"to": [9.5, 1.25, 7.5],
			"faces": {
				"north": {"uv": [9.5, 6.5, 9.25, 6.75], "texture": "#0"},
				"east": {"uv": [9.25, 6.5, 9.5, 7.5], "rotation": 90, "texture": "#0"},
				"south": {"uv": [9.25, 7.25, 9.5, 7.5], "texture": "#0"},
				"west": {"uv": [9.25, 6.5, 9.5, 7.5], "rotation": 270, "texture": "#0"},
				"up": {"uv": [9.25, 6.5, 9.5, 7.5], "texture": "#0"},
				"down": {"uv": [9.25, 7.5, 9.5, 6.5], "texture": "#0"}
			}
		},
		{
			"name": "m32_48",
			"from": [7.75, 0, 6.75],
			"to": [8, 1.25, 10.25],
			"faces": {
				"north": {"uv": [8, 6.75, 7.75, 7], "texture": "#0"},
				"east": {"uv": [7.75, 6.75, 8, 10.25], "rotation": 90, "texture": "#0"},
				"south": {"uv": [7.75, 10, 8, 10.25], "texture": "#0"},
				"west": {"uv": [7.75, 6.75, 8, 10.25], "rotation": 270, "texture": "#0"},
				"up": {"uv": [7.75, 6.75, 8, 10.25], "texture": "#0"},
				"down": {"uv": [7.75, 10.25, 8, 6.75], "texture": "#0"}
			}
		},
		{
			"name": "m32_49",
			"from": [9.5, 0, 6.75],
			"to": [9.75, 1.25, 7.75],
			"faces": {
				"north": {"uv": [9.75, 6.75, 9.5, 7], "texture": "#0"},
				"east": {"uv": [9.5, 6.75, 9.75, 7.75], "rotation": 90, "texture": "#0"},
				"south": {"uv": [9.5, 7.5, 9.75, 7.75], "texture": "#0"},
				"west": {"uv": [9.5, 6.75, 9.75, 7.75], "rotation": 270, "texture": "#0"},
				"up": {"uv": [9.5, 6.75, 9.75, 7.75], "texture": "#0"},
				"down": {"uv": [9.5, 7.75, 9.75, 6.75], "texture": "#0"}
			}
		},
		{
			"name": "m32_50",
			"from": [8, 0, 7],
			"to": [8.25, 1.25, 10],
			"faces": {
				"north": {"uv": [8.25, 7, 8, 7.25], "texture": "#0"},
				"east": {"uv": [8, 7, 8.25, 10], "rotation": 90, "texture": "#0"},
				"south": {"uv": [8, 9.75, 8.25, 10], "texture": "#0"},
				"west": {"uv": [8, 7, 8.25, 10], "rotation": 270, "texture": "#0"},
				"up": {"uv": [8, 7, 8.25, 10], "texture": "#0"},
				"down": {"uv": [8, 10, 8.25, 7], "texture": "#0"}
			}
		},
		{
			"name": "m32_51",
			"from": [9.75, 0, 7],
			"to": [10, 1.25, 14],
			"faces": {
				"north": {"uv": [10, 7, 9.75, 7.25], "texture": "#0"},
				"east": {"uv": [9.75, 7, 10, 14], "rotation": 90, "texture": "#0"},
				"south": {"uv": [9.75, 13.75, 10, 14], "texture": "#0"},
				"west": {"uv": [9.75, 7, 10, 14], "rotation": 270, "texture": "#0"},
				"up": {"uv": [9.75, 7, 10, 14], "texture": "#0"},
				"down": {"uv": [9.75, 14, 10, 7], "texture": "#0"}
			}
		},
		{
			"name": "m32_52",
			"from": [8.25, 0, 7.25],
			"to": [8.5, 1.25, 10],
			"faces": {
				"north": {"uv": [8.5, 7.25, 8.25, 7.5], "texture": "#0"},
				"east": {"uv": [8.25, 7.25, 8.5, 10], "rotation": 90, "texture": "#0"},
				"south": {"uv": [8.25, 9.75, 8.5, 10], "texture": "#0"},
				"west": {"uv": [8.25, 7.25, 8.5, 10], "rotation": 270, "texture": "#0"},
				"up": {"uv": [8.25, 7.25, 8.5, 10], "texture": "#0"},
				"down": {"uv": [8.25, 10, 8.5, 7.25], "texture": "#0"}
			}
		},
		{
			"name": "m32_53",
			"from": [10, 0, 7.25],
			"to": [10.25, 1.25, 9.25],
			"faces": {
				"north": {"uv": [10.25, 7.25, 10, 7.5], "texture": "#0"},
				"east": {"uv": [10, 7.25, 10.25, 9.25], "rotation": 90, "texture": "#0"},
				"south": {"uv": [10, 9, 10.25, 9.25], "texture": "#0"},
				"west": {"uv": [10, 7.25, 10.25, 9.25], "rotation": 270, "texture": "#0"},
				"up": {"uv": [10, 7.25, 10.25, 9.25], "texture": "#0"},
				"down": {"uv": [10, 9.25, 10.25, 7.25], "texture": "#0"}
			}
		},
		{
			"name": "m32_54",
			"from": [4.75, 0, 7.5],
			"to": [5, 1.25, 10.5],
			"faces": {
				"north": {"uv": [5, 7.5, 4.75, 7.75], "texture": "#0"},
				"east": {"uv": [4.75, 7.5, 5, 10.5], "rotation": 90, "texture": "#0"},
				"south": {"uv": [4.75, 10.25, 5, 10.5], "texture": "#0"},
				"west": {"uv": [4.75, 7.5, 5, 10.5], "rotation": 270, "texture": "#0"},
				"up": {"uv": [4.75, 7.5, 5, 10.5], "texture": "#0"},
				"down": {"uv": [4.75, 10.5, 5, 7.5], "texture": "#0"}
			}
		},
		{
			"name": "m32_55",
			"from": [8.5, 0, 7.5],
			"to": [8.75, 1.25, 10],
			"faces": {
				"north": {"uv": [8.75, 7.5, 8.5, 7.75], "texture": "#0"},
				"east": {"uv": [8.5, 7.5, 8.75, 10], "rotation": 90, "texture": "#0"},
				"south": {"uv": [8.5, 9.75, 8.75, 10], "texture": "#0"},
				"west": {"uv": [8.5, 7.5, 8.75, 10], "rotation": 270, "texture": "#0"},
				"up": {"uv": [8.5, 7.5, 8.75, 10], "texture": "#0"},
				"down": {"uv": [8.5, 10, 8.75, 7.5], "texture": "#0"}
			}
		},
		{
			"name": "m32_56",
			"from": [10.25, 0, 7.5],
			"to": [10.5, 1.25, 9.25],
			"faces": {
				"north": {"uv": [10.5, 7.5, 10.25, 7.75], "texture": "#0"},
				"east": {"uv": [10.25, 7.5, 10.5, 9.25], "rotation": 90, "texture": "#0"},
				"south": {"uv": [10.25, 9, 10.5, 9.25], "texture": "#0"},
				"west": {"uv": [10.25, 7.5, 10.5, 9.25], "rotation": 270, "texture": "#0"},
				"up": {"uv": [10.25, 7.5, 10.5, 9.25], "texture": "#0"},
				"down": {"uv": [10.25, 9.25, 10.5, 7.5], "texture": "#0"}
			}
		},
		{
			"name": "m32_57",
			"from": [4.5, 0, 7.75],
			"to": [4.75, 1.25, 9.5],
			"faces": {
				"north": {"uv": [4.75, 7.75, 4.5, 8], "texture": "#0"},
				"east": {"uv": [4.5, 7.75, 4.75, 9.5], "rotation": 90, "texture": "#0"},
				"south": {"uv": [4.5, 9.25, 4.75, 9.5], "texture": "#0"},
				"west": {"uv": [4.5, 7.75, 4.75, 9.5], "rotation": 270, "texture": "#0"},
				"up": {"uv": [4.5, 7.75, 4.75, 9.5], "texture": "#0"},
				"down": {"uv": [4.5, 9.5, 4.75, 7.75], "texture": "#0"}
			}
		},
		{
			"name": "m32_58",
			"from": [8.75, 0, 7.75],
			"to": [9, 1.25, 10.5],
			"faces": {
				"north": {"uv": [9, 7.75, 8.75, 8], "texture": "#0"},
				"east": {"uv": [8.75, 7.75, 9, 10.5], "rotation": 90, "texture": "#0"},
				"south": {"uv": [8.75, 10.25, 9, 10.5], "texture": "#0"},
				"west": {"uv": [8.75, 7.75, 9, 10.5], "rotation": 270, "texture": "#0"},
				"up": {"uv": [8.75, 7.75, 9, 10.5], "texture": "#0"},
				"down": {"uv": [8.75, 10.5, 9, 7.75], "texture": "#0"}
			}
		},
		{
			"name": "m32_59",
			"from": [10.5, 0, 7.75],
			"to": [10.75, 1.25, 9.5],
			"faces": {
				"north": {"uv": [10.75, 7.75, 10.5, 8], "texture": "#0"},
				"east": {"uv": [10.5, 7.75, 10.75, 9.5], "rotation": 90, "texture": "#0"},
				"south": {"uv": [10.5, 9.25, 10.75, 9.5], "texture": "#0"},
				"west": {"uv": [10.5, 7.75, 10.75, 9.5], "rotation": 270, "texture": "#0"},
				"up": {"uv": [10.5, 7.75, 10.75, 9.5], "texture": "#0"},
				"down": {"uv": [10.5, 9.5, 10.75, 7.75], "texture": "#0"}
			}
		},
		{
			"name": "m32_60",
			"from": [4.25, 0, 8],
			"to": [4.5, 1.25, 9.25],
			"faces": {
				"north": {"uv": [4.5, 8, 4.25, 8.25], "texture": "#0"},
				"east": {"uv": [4.25, 8, 4.5, 9.25], "rotation": 90, "texture": "#0"},
				"south": {"uv": [4.25, 9, 4.5, 9.25], "texture": "#0"},
				"west": {"uv": [4.25, 8, 4.5, 9.25], "rotation": 270, "texture": "#0"},
				"up": {"uv": [4.25, 8, 4.5, 9.25], "texture": "#0"},
				"down": {"uv": [4.25, 9.25, 4.5, 8], "texture": "#0"}
			}
		},
		{
			"name": "m32_61",
			"from": [9, 0, 8],
			"to": [9.25, 1.25, 10.5],
			"faces": {
				"north": {"uv": [9.25, 8, 9, 8.25], "texture": "#0"},
				"east": {"uv": [9, 8, 9.25, 10.5], "rotation": 90, "texture": "#0"},
				"south": {"uv": [9, 10.25, 9.25, 10.5], "texture": "#0"},
				"west": {"uv": [9, 8, 9.25, 10.5], "rotation": 270, "texture": "#0"},
				"up": {"uv": [9, 8, 9.25, 10.5], "texture": "#0"},
				"down": {"uv": [9, 10.5, 9.25, 8], "texture": "#0"}
			}
		},
		{
			"name": "m32_62",
			"from": [9.5, 0, 8],
			"to": [9.75, 1.25, 14],
			"faces": {
				"north": {"uv": [9.75, 8, 9.5, 8.25], "texture": "#0"},
				"east": {"uv": [9.5, 8, 9.75, 14], "rotation": 90, "texture": "#0"},
				"south": {"uv": [9.5, 13.75, 9.75, 14], "texture": "#0"},
				"west": {"uv": [9.5, 8, 9.75, 14], "rotation": 270, "texture": "#0"},
				"up": {"uv": [9.5, 8, 9.75, 14], "texture": "#0"},
				"down": {"uv": [9.5, 14, 9.75, 8], "texture": "#0"}
			}
		},
		{
			"name": "m32_63",
			"from": [10.75, 0, 8],
			"to": [11, 1.25, 8.5],
			"faces": {
				"north": {"uv": [11, 8, 10.75, 8.25], "texture": "#0"},
				"east": {"uv": [10.75, 8, 11, 8.5], "rotation": 90, "texture": "#0"},
				"south": {"uv": [10.75, 8.25, 11, 8.5], "texture": "#0"},
				"west": {"uv": [10.75, 8, 11, 8.5], "rotation": 270, "texture": "#0"},
				"up": {"uv": [10.75, 8, 11, 8.5], "texture": "#0"},
				"down": {"uv": [10.75, 8.5, 11, 8], "texture": "#0"}
			}
		},
		{
			"name": "m32_64",
			"from": [4, 0, 8.25],
			"to": [4.25, 1.25, 8.75],
			"faces": {
				"north": {"uv": [4.25, 8.25, 4, 8.5], "texture": "#0"},
				"east": {"uv": [4, 8.25, 4.25, 8.75], "rotation": 90, "texture": "#0"},
				"south": {"uv": [4, 8.5, 4.25, 8.75], "texture": "#0"},
				"west": {"uv": [4, 8.25, 4.25, 8.75], "rotation": 270, "texture": "#0"},
				"up": {"uv": [4, 8.25, 4.25, 8.75], "texture": "#0"},
				"down": {"uv": [4, 8.75, 4.25, 8.25], "texture": "#0"}
			}
		},
		{
			"name": "m32_65",
			"from": [9.25, 0, 8.25],
			"to": [9.5, 1.25, 14],
			"faces": {
				"north": {"uv": [9.5, 8.25, 9.25, 8.5], "texture": "#0"},
				"east": {"uv": [9.25, 8.25, 9.5, 14], "rotation": 90, "texture": "#0"},
				"south": {"uv": [9.25, 13.75, 9.5, 14], "texture": "#0"},
				"west": {"uv": [9.25, 8.25, 9.5, 14], "rotation": 270, "texture": "#0"},
				"up": {"uv": [9.25, 8.25, 9.5, 14], "texture": "#0"},
				"down": {"uv": [9.25, 14, 9.5, 8.25], "texture": "#0"}
			}
		},
		{
			"name": "m32_66",
			"from": [10.75, 0, 9],
			"to": [11, 1.25, 9.75],
			"faces": {
				"north": {"uv": [11, 9, 10.75, 9.25], "texture": "#0"},
				"east": {"uv": [10.75, 9, 11, 9.75], "rotation": 90, "texture": "#0"},
				"south": {"uv": [10.75, 9.5, 11, 9.75], "texture": "#0"},
				"west": {"uv": [10.75, 9, 11, 9.75], "rotation": 270, "texture": "#0"},
				"up": {"uv": [10.75, 9, 11, 9.75], "texture": "#0"},
				"down": {"uv": [10.75, 9.75, 11, 9], "texture": "#0"}
			}
		},
		{
			"name": "m32_67",
			"from": [11, 0, 9.25],
			"to": [11.25, 1.25, 10],
			"faces": {
				"north": {"uv": [11.25, 9.25, 11, 9.5], "texture": "#0"},
				"east": {"uv": [11, 9.25, 11.25, 10], "rotation": 90, "texture": "#0"},
				"south": {"uv": [11, 9.75, 11.25, 10], "texture": "#0"},
				"west": {"uv": [11, 9.25, 11.25, 10], "rotation": 270, "texture": "#0"},
				"up": {"uv": [11, 9.25, 11.25, 10], "texture": "#0"},
				"down": {"uv": [11, 10, 11.25, 9.25], "texture": "#0"}
			}
		},
		{
			"name": "m32_68",
			"from": [10, 0, 9.5],
			"to": [10.25, 1.25, 14],
			"faces": {
				"north": {"uv": [10.25, 9.5, 10, 9.75], "texture": "#0"},
				"east": {"uv": [10, 9.5, 10.25, 14], "rotation": 90, "texture": "#0"},
				"south": {"uv": [10, 13.75, 10.25, 14], "texture": "#0"},
				"west": {"uv": [10, 9.5, 10.25, 14], "rotation": 270, "texture": "#0"},
				"up": {"uv": [10, 9.5, 10.25, 14], "texture": "#0"},
				"down": {"uv": [10, 14, 10.25, 9.5], "texture": "#0"}
			}
		},
		{
			"name": "m32_69",
			"from": [11.25, 0, 9.5],
			"to": [11.5, 1.25, 10.25],
			"faces": {
				"north": {"uv": [11.5, 9.5, 11.25, 9.75], "texture": "#0"},
				"east": {"uv": [11.25, 9.5, 11.5, 10.25], "rotation": 90, "texture": "#0"},
				"south": {"uv": [11.25, 10, 11.5, 10.25], "texture": "#0"},
				"west": {"uv": [11.25, 9.5, 11.5, 10.25], "rotation": 270, "texture": "#0"},
				"up": {"uv": [11.25, 9.5, 11.5, 10.25], "texture": "#0"},
				"down": {"uv": [11.25, 10.25, 11.5, 9.5], "texture": "#0"}
			}
		},
		{
			"name": "m32_70",
			"from": [4.5, 0, 9.75],
			"to": [4.75, 1.25, 10.25],
			"faces": {
				"north": {"uv": [4.75, 9.75, 4.5, 10], "texture": "#0"},
				"east": {"uv": [4.5, 9.75, 4.75, 10.25], "rotation": 90, "texture": "#0"},
				"south": {"uv": [4.5, 10, 4.75, 10.25], "texture": "#0"},
				"west": {"uv": [4.5, 9.75, 4.75, 10.25], "rotation": 270, "texture": "#0"},
				"up": {"uv": [4.5, 9.75, 4.75, 10.25], "texture": "#0"},
				"down": {"uv": [4.5, 10.25, 4.75, 9.75], "texture": "#0"}
			}
		},
		{
			"name": "m32_71",
			"from": [10.25, 0, 9.75],
			"to": [10.5, 1.25, 11.75],
			"faces": {
				"north": {"uv": [10.5, 9.75, 10.25, 10], "texture": "#0"},
				"east": {"uv": [10.25, 9.75, 10.5, 11.75], "rotation": 90, "texture": "#0"},
				"south": {"uv": [10.25, 11.5, 10.5, 11.75], "texture": "#0"},
				"west": {"uv": [10.25, 9.75, 10.5, 11.75], "rotation": 270, "texture": "#0"},
				"up": {"uv": [10.25, 9.75, 10.5, 11.75], "texture": "#0"},
				"down": {"uv": [10.25, 11.75, 10.5, 9.75], "texture": "#0"}
			}
		},
		{
			"name": "m32_72",
			"from": [11.5, 0, 9.75],
			"to": [11.75, 1.25, 12.75],
			"faces": {
				"north": {"uv": [11.75, 9.75, 11.5, 10], "texture": "#0"},
				"east": {"uv": [11.5, 9.75, 11.75, 12.75], "rotation": 90, "texture": "#0"},
				"south": {"uv": [11.5, 12.5, 11.75, 12.75], "texture": "#0"},
				"west": {"uv": [11.5, 9.75, 11.75, 12.75], "rotation": 270, "texture": "#0"},
				"up": {"uv": [11.5, 9.75, 11.75, 12.75], "texture": "#0"},
				"down": {"uv": [11.5, 12.75, 11.75, 9.75], "texture": "#0"}
			}
		},
		{
			"name": "m32_73",
			"from": [10.5, 0, 10],
			"to": [10.75, 1.25, 11.25],
			"faces": {
				"north": {"uv": [10.75, 10, 10.5, 10.25], "texture": "#0"},
				"east": {"uv": [10.5, 10, 10.75, 11.25], "rotation": 90, "texture": "#0"},
				"south": {"uv": [10.5, 11, 10.75, 11.25], "texture": "#0"},
				"west": {"uv": [10.5, 10, 10.75, 11.25], "rotation": 270, "texture": "#0"},
				"up": {"uv": [10.5, 10, 10.75, 11.25], "texture": "#0"},
				"down": {"uv": [10.5, 11.25, 10.75, 10], "texture": "#0"}
			}
		},
		{
			"name": "m32_74",
			"from": [11.75, 0, 10],
			"to": [12, 1.25, 12.75],
			"faces": {
				"north": {"uv": [12, 10, 11.75, 10.25], "texture": "#0"},
				"east": {"uv": [11.75, 10, 12, 12.75], "rotation": 90, "texture": "#0"},
				"south": {"uv": [11.75, 12.5, 12, 12.75], "texture": "#0"},
				"west": {"uv": [11.75, 10, 12, 12.75], "rotation": 270, "texture": "#0"},
				"up": {"uv": [11.75, 10, 12, 12.75], "texture": "#0"},
				"down": {"uv": [11.75, 12.75, 12, 10], "texture": "#0"}
			}
		},
		{
			"name": "m32_75",
			"from": [8.5, 0, 10.25],
			"to": [8.75, 1.25, 10.75],
			"faces": {
				"north": {"uv": [8.75, 10.25, 8.5, 10.5], "texture": "#0"},
				"east": {"uv": [8.5, 10.25, 8.75, 10.75], "rotation": 90, "texture": "#0"},
				"south": {"uv": [8.5, 10.5, 8.75, 10.75], "texture": "#0"},
				"west": {"uv": [8.5, 10.25, 8.75, 10.75], "rotation": 270, "texture": "#0"},
				"up": {"uv": [8.5, 10.25, 8.75, 10.75], "texture": "#0"},
				"down": {"uv": [8.5, 10.75, 8.75, 10.25], "texture": "#0"}
			}
		},
		{
			"name": "m32_76",
			"from": [10.75, 0, 10.25],
			"to": [11, 1.25, 11.5],
			"faces": {
				"north": {"uv": [11, 10.25, 10.75, 10.5], "texture": "#0"},
				"east": {"uv": [10.75, 10.25, 11, 11.5], "rotation": 90, "texture": "#0"},
				"south": {"uv": [10.75, 11.25, 11, 11.5], "texture": "#0"},
				"west": {"uv": [10.75, 10.25, 11, 11.5], "rotation": 270, "texture": "#0"},
				"up": {"uv": [10.75, 10.25, 11, 11.5], "texture": "#0"},
				"down": {"uv": [10.75, 11.5, 11, 10.25], "texture": "#0"}
			}
		},
		{
			"name": "m32_77",
			"from": [12, 0, 10.25],
			"to": [12.25, 1.25, 13],
			"faces": {
				"north": {"uv": [12.25, 10.25, 12, 10.5], "texture": "#0"},
				"east": {"uv": [12, 10.25, 12.25, 13], "rotation": 90, "texture": "#0"},
				"south": {"uv": [12, 12.75, 12.25, 13], "texture": "#0"},
				"west": {"uv": [12, 10.25, 12.25, 13], "rotation": 270, "texture": "#0"},
				"up": {"uv": [12, 10.25, 12.25, 13], "texture": "#0"},
				"down": {"uv": [12, 13, 12.25, 10.25], "texture": "#0"}
			}
		},
		{
			"name": "m32_78",
			"from": [8, 0, 10.5],
			"to": [8.5, 1.25, 10.75],
			"faces": {
				"north": {"uv": [8.5, 10.5, 8, 10.75], "texture": "#0"},
				"east": {"uv": [8.25, 10.5, 8.5, 10.75], "rotation": 90, "texture": "#0"},
				"south": {"uv": [8, 10.5, 8.5, 10.75], "texture": "#0"},
				"west": {"uv": [8, 10.5, 8.25, 10.75], "rotation": 270, "texture": "#0"},
				"up": {"uv": [8, 10.5, 8.5, 10.75], "texture": "#0"},
				"down": {"uv": [8, 10.75, 8.5, 10.5], "texture": "#0"}
			}
		},
		{
			"name": "m32_79",
			"from": [11, 0, 10.5],
			"to": [11.25, 1.25, 11.5],
			"faces": {
				"north": {"uv": [11.25, 10.5, 11, 10.75], "texture": "#0"},
				"east": {"uv": [11, 10.5, 11.25, 11.5], "rotation": 90, "texture": "#0"},
				"south": {"uv": [11, 11.25, 11.25, 11.5], "texture": "#0"},
				"west": {"uv": [11, 10.5, 11.25, 11.5], "rotation": 270, "texture": "#0"},
				"up": {"uv": [11, 10.5, 11.25, 11.5], "texture": "#0"},
				"down": {"uv": [11, 11.5, 11.25, 10.5], "texture": "#0"}
			}
		},
		{
			"name": "m32_80",
			"from": [12.25, 0, 10.5],
			"to": [12.5, 1.25, 13.25],
			"faces": {
				"north": {"uv": [12.5, 10.5, 12.25, 10.75], "texture": "#0"},
				"east": {"uv": [12.25, 10.5, 12.5, 13.25], "rotation": 90, "texture": "#0"},
				"south": {"uv": [12.25, 13, 12.5, 13.25], "texture": "#0"},
				"west": {"uv": [12.25, 10.5, 12.5, 13.25], "rotation": 270, "texture": "#0"},
				"up": {"uv": [12.25, 10.5, 12.5, 13.25], "texture": "#0"},
				"down": {"uv": [12.25, 13.25, 12.5, 10.5], "texture": "#0"}
			}
		},
		{
			"name": "m32_81",
			"from": [7.75, 0, 10.75],
			"to": [8, 1.25, 11],
			"faces": {
				"north": {"uv": [8, 10.75, 7.75, 11], "texture": "#0"},
				"east": {"uv": [7.75, 10.75, 8, 11], "rotation": 90, "texture": "#0"},
				"south": {"uv": [7.75, 10.75, 8, 11], "texture": "#0"},
				"west": {"uv": [7.75, 10.75, 8, 11], "rotation": 270, "texture": "#0"},
				"up": {"uv": [7.75, 10.75, 8, 11], "texture": "#0"},
				"down": {"uv": [7.75, 11, 8, 10.75], "texture": "#0"}
			}
		},
		{
			"name": "m32_82",
			"from": [11.25, 0, 10.75],
			"to": [11.5, 1.25, 12],
			"faces": {
				"north": {"uv": [11.5, 10.75, 11.25, 11], "texture": "#0"},
				"east": {"uv": [11.25, 10.75, 11.5, 12], "rotation": 90, "texture": "#0"},
				"south": {"uv": [11.25, 11.75, 11.5, 12], "texture": "#0"},
				"west": {"uv": [11.25, 10.75, 11.5, 12], "rotation": 270, "texture": "#0"},
				"up": {"uv": [11.25, 10.75, 11.5, 12], "texture": "#0"},
				"down": {"uv": [11.25, 12, 11.5, 10.75], "texture": "#0"}
			}
		},
		{
			"name": "m32_83",
			"from": [12.5, 0, 10.75],
			"to": [12.75, 1.25, 12.75],
			"faces": {
				"north": {"uv": [12.75, 10.75, 12.5, 11], "texture": "#0"},
				"east": {"uv": [12.5, 10.75, 12.75, 12.75], "rotation": 90, "texture": "#0"},
				"south": {"uv": [12.5, 12.5, 12.75, 12.75], "texture": "#0"},
				"west": {"uv": [12.5, 10.75, 12.75, 12.75], "rotation": 270, "texture": "#0"},
				"up": {"uv": [12.5, 10.75, 12.75, 12.75], "texture": "#0"},
				"down": {"uv": [12.5, 12.75, 12.75, 10.75], "texture": "#0"}
			}
		},
		{
			"name": "m32_84",
			"from": [8, 0, 11],
			"to": [8.25, 1.25, 11.25],
			"faces": {
				"north": {"uv": [8.25, 11, 8, 11.25], "texture": "#0"},
				"east": {"uv": [8, 11, 8.25, 11.25], "rotation": 90, "texture": "#0"},
				"south": {"uv": [8, 11, 8.25, 11.25], "texture": "#0"},
				"west": {"uv": [8, 11, 8.25, 11.25], "rotation": 270, "texture": "#0"},
				"up": {"uv": [8, 11, 8.25, 11.25], "texture": "#0"},
				"down": {"uv": [8, 11.25, 8.25, 11], "texture": "#0"}
			}
		},
		{
			"name": "m32_85",
			"from": [12.75, 0, 11],
			"to": [13, 1.25, 13],
			"faces": {
				"north": {"uv": [13, 11, 12.75, 11.25], "texture": "#0"},
				"east": {"uv": [12.75, 11, 13, 13], "rotation": 90, "texture": "#0"},
				"south": {"uv": [12.75, 12.75, 13, 13], "texture": "#0"},
				"west": {"uv": [12.75, 11, 13, 13], "rotation": 270, "texture": "#0"},
				"up": {"uv": [12.75, 11, 13, 13], "texture": "#0"},
				"down": {"uv": [12.75, 13, 13, 11], "texture": "#0"}
			}
		},
		{
			"name": "m32_86",
			"from": [8.25, 0, 11.25],
			"to": [9.25, 1.25, 11.5],
			"faces": {
				"north": {"uv": [9.25, 11.25, 8.25, 11.5], "texture": "#0"},
				"east": {"uv": [9, 11.25, 9.25, 11.5], "rotation": 90, "texture": "#0"},
				"south": {"uv": [8.25, 11.25, 9.25, 11.5], "texture": "#0"},
				"west": {"uv": [8.25, 11.25, 8.5, 11.5], "rotation": 270, "texture": "#0"},
				"up": {"uv": [8.25, 11.25, 9.25, 11.5], "texture": "#0"},
				"down": {"uv": [8.25, 11.5, 9.25, 11.25], "texture": "#0"}
			}
		},
		{
			"name": "m32_87",
			"from": [13, 0, 11.25],
			"to": [13.25, 1.25, 13.25],
			"faces": {
				"north": {"uv": [13.25, 11.25, 13, 11.5], "texture": "#0"},
				"east": {"uv": [13, 11.25, 13.25, 13.25], "rotation": 90, "texture": "#0"},
				"south": {"uv": [13, 13, 13.25, 13.25], "texture": "#0"},
				"west": {"uv": [13, 11.25, 13.25, 13.25], "rotation": 270, "texture": "#0"},
				"up": {"uv": [13, 11.25, 13.25, 13.25], "texture": "#0"},
				"down": {"uv": [13, 13.25, 13.25, 11.25], "texture": "#0"}
			}
		},
		{
			"name": "m32_88",
			"from": [9, 0, 11.5],
			"to": [9.25, 1.25, 14],
			"faces": {
				"north": {"uv": [9.25, 11.5, 9, 11.75], "texture": "#0"},
				"east": {"uv": [9, 11.5, 9.25, 14], "rotation": 90, "texture": "#0"},
				"south": {"uv": [9, 13.75, 9.25, 14], "texture": "#0"},
				"west": {"uv": [9, 11.5, 9.25, 14], "rotation": 270, "texture": "#0"},
				"up": {"uv": [9, 11.5, 9.25, 14], "texture": "#0"},
				"down": {"uv": [9, 14, 9.25, 11.5], "texture": "#0"}
			}
		},
		{
			"name": "m32_89",
			"from": [13.25, 0, 11.5],
			"to": [13.5, 1.25, 13.5],
			"faces": {
				"north": {"uv": [13.5, 11.5, 13.25, 11.75], "texture": "#0"},
				"east": {"uv": [13.25, 11.5, 13.5, 13.5], "rotation": 90, "texture": "#0"},
				"south": {"uv": [13.25, 13.25, 13.5, 13.5], "texture": "#0"},
				"west": {"uv": [13.25, 11.5, 13.5, 13.5], "rotation": 270, "texture": "#0"},
				"up": {"uv": [13.25, 11.5, 13.5, 13.5], "texture": "#0"},
				"down": {"uv": [13.25, 13.5, 13.5, 11.5], "texture": "#0"}
			}
		},
		{
			"name": "m32_90",
			"from": [13.5, 0, 11.75],
			"to": [13.75, 1.25, 13.75],
			"faces": {
				"north": {"uv": [13.75, 11.75, 13.5, 12], "texture": "#0"},
				"east": {"uv": [13.5, 11.75, 13.75, 13.75], "rotation": 90, "texture": "#0"},
				"south": {"uv": [13.5, 13.5, 13.75, 13.75], "texture": "#0"},
				"west": {"uv": [13.5, 11.75, 13.75, 13.75], "rotation": 270, "texture": "#0"},
				"up": {"uv": [13.5, 11.75, 13.75, 13.75], "texture": "#0"},
				"down": {"uv": [13.5, 13.75, 13.75, 11.75], "texture": "#0"}
			}
		},
		{
			"name": "m32_91",
			"from": [13.75, 0, 12],
			"to": [14, 1.25, 15],
			"faces": {
				"north": {"uv": [14, 12, 13.75, 12.25], "texture": "#0"},
				"east": {"uv": [13.75, 12, 14, 15], "rotation": 90, "texture": "#0"},
				"south": {"uv": [13.75, 14.75, 14, 15], "texture": "#0"},
				"west": {"uv": [13.75, 12, 14, 15], "rotation": 270, "texture": "#0"},
				"up": {"uv": [13.75, 12, 14, 15], "texture": "#0"},
				"down": {"uv": [13.75, 15, 14, 12], "texture": "#0"}
			}
		},
		{
			"name": "m32_92",
			"from": [8.75, 0, 12.25],
			"to": [9, 1.25, 13.75],
			"faces": {
				"north": {"uv": [9, 12.25, 8.75, 12.5], "texture": "#0"},
				"east": {"uv": [8.75, 12.25, 9, 13.75], "rotation": 90, "texture": "#0"},
				"south": {"uv": [8.75, 13.5, 9, 13.75], "texture": "#0"},
				"west": {"uv": [8.75, 12.25, 9, 13.75], "rotation": 270, "texture": "#0"},
				"up": {"uv": [8.75, 12.25, 9, 13.75], "texture": "#0"},
				"down": {"uv": [8.75, 13.75, 9, 12.25], "texture": "#0"}
			}
		},
		{
			"name": "m32_93",
			"from": [14, 0, 12.25],
			"to": [14.25, 1.25, 14.75],
			"faces": {
				"north": {"uv": [14.25, 12.25, 14, 12.5], "texture": "#0"},
				"east": {"uv": [14, 12.25, 14.25, 14.75], "rotation": 90, "texture": "#0"},
				"south": {"uv": [14, 14.5, 14.25, 14.75], "texture": "#0"},
				"west": {"uv": [14, 12.25, 14.25, 14.75], "rotation": 270, "texture": "#0"},
				"up": {"uv": [14, 12.25, 14.25, 14.75], "texture": "#0"},
				"down": {"uv": [14, 14.75, 14.25, 12.25], "texture": "#0"}
			}
		},
		{
			"name": "m32_94",
			"from": [14.25, 0, 12.5],
			"to": [14.5, 1.25, 14.75],
			"faces": {
				"north": {"uv": [14.5, 12.5, 14.25, 12.75], "texture": "#0"},
				"east": {"uv": [14.25, 12.5, 14.5, 14.75], "rotation": 90, "texture": "#0"},
				"south": {"uv": [14.25, 14.5, 14.5, 14.75], "texture": "#0"},
				"west": {"uv": [14.25, 12.5, 14.5, 14.75], "rotation": 270, "texture": "#0"},
				"up": {"uv": [14.25, 12.5, 14.5, 14.75], "texture": "#0"},
				"down": {"uv": [14.25, 14.75, 14.5, 12.5], "texture": "#0"}
			}
		},
		{
			"name": "m32_95",
			"from": [14.5, 0, 12.75],
			"to": [14.75, 1.25, 14.5],
			"faces": {
				"north": {"uv": [14.75, 12.75, 14.5, 13], "texture": "#0"},
				"east": {"uv": [14.5, 12.75, 14.75, 14.5], "rotation": 90, "texture": "#0"},
				"south": {"uv": [14.5, 14.25, 14.75, 14.5], "texture": "#0"},
				"west": {"uv": [14.5, 12.75, 14.75, 14.5], "rotation": 270, "texture": "#0"},
				"up": {"uv": [14.5, 12.75, 14.75, 14.5], "texture": "#0"},
				"down": {"uv": [14.5, 14.5, 14.75, 12.75], "texture": "#0"}
			}
		},
		{
			"name": "m32_96",
			"from": [8.5, 0, 13],
			"to": [8.75, 1.25, 13.5],
			"faces": {
				"north": {"uv": [8.75, 13, 8.5, 13.25], "texture": "#0"},
				"east": {"uv": [8.5, 13, 8.75, 13.5], "rotation": 90, "texture": "#0"},
				"south": {"uv": [8.5, 13.25, 8.75, 13.5], "texture": "#0"},
				"west": {"uv": [8.5, 13, 8.75, 13.5], "rotation": 270, "texture": "#0"},
				"up": {"uv": [8.5, 13, 8.75, 13.5], "texture": "#0"},
				"down": {"uv": [8.5, 13.5, 8.75, 13], "texture": "#0"}
			}
		},
		{
			"name": "m32_97",
			"from": [12.5, 0, 13],
			"to": [12.75, 1.25, 16],
			"faces": {
				"north": {"uv": [12.75, 13, 12.5, 13.25], "texture": "#0"},
				"east": {"uv": [12.5, 13, 12.75, 16], "rotation": 90, "texture": "#0"},
				"south": {"uv": [12.5, 15.75, 12.75, 16], "texture": "#0"},
				"west": {"uv": [12.5, 13, 12.75, 16], "rotation": 270, "texture": "#0"},
				"up": {"uv": [12.5, 13, 12.75, 16], "texture": "#0"},
				"down": {"uv": [12.5, 16, 12.75, 13], "texture": "#0"}
			}
		},
		{
			"name": "m32_98",
			"from": [14.75, 0, 13],
			"to": [15, 1.25, 14.25],
			"faces": {
				"north": {"uv": [15, 13, 14.75, 13.25], "texture": "#0"},
				"east": {"uv": [14.75, 13, 15, 14.25], "rotation": 90, "texture": "#0"},
				"south": {"uv": [14.75, 14, 15, 14.25], "texture": "#0"},
				"west": {"uv": [14.75, 13, 15, 14.25], "rotation": 270, "texture": "#0"},
				"up": {"uv": [14.75, 13, 15, 14.25], "texture": "#0"},
				"down": {"uv": [14.75, 14.25, 15, 13], "texture": "#0"}
			}
		},
		{
			"name": "m32_99",
			"from": [12.75, 0, 13.25],
			"to": [13, 1.25, 16],
			"faces": {
				"north": {"uv": [13, 13.25, 12.75, 13.5], "texture": "#0"},
				"east": {"uv": [12.75, 13.25, 13, 16], "rotation": 90, "texture": "#0"},
				"south": {"uv": [12.75, 15.75, 13, 16], "texture": "#0"},
				"west": {"uv": [12.75, 13.25, 13, 16], "rotation": 270, "texture": "#0"},
				"up": {"uv": [12.75, 13.25, 13, 16], "texture": "#0"},
				"down": {"uv": [12.75, 16, 13, 13.25], "texture": "#0"}
			}
		},
		{
			"name": "m32_100",
			"from": [15, 0, 13.25],
			"to": [15.5, 1.25, 13.75],
			"faces": {
				"north": {"uv": [15.5, 13.25, 15, 13.5], "texture": "#0"},
				"east": {"uv": [15.25, 13.25, 15.5, 13.75], "rotation": 90, "texture": "#0"},
				"south": {"uv": [15, 13.5, 15.5, 13.75], "texture": "#0"},
				"west": {"uv": [15, 13.25, 15.25, 13.75], "rotation": 270, "texture": "#0"},
				"up": {"uv": [15, 13.25, 15.5, 13.75], "texture": "#0"},
				"down": {"uv": [15, 13.75, 15.5, 13.25], "texture": "#0"}
			}
		},
		{
			"name": "m32_101",
			"from": [13, 0, 13.5],
			"to": [13.25, 1.25, 14],
			"faces": {
				"north": {"uv": [13.25, 13.5, 13, 13.75], "texture": "#0"},
				"east": {"uv": [13, 13.5, 13.25, 14], "rotation": 90, "texture": "#0"},
				"south": {"uv": [13, 13.75, 13.25, 14], "texture": "#0"},
				"west": {"uv": [13, 13.5, 13.25, 14], "rotation": 270, "texture": "#0"},
				"up": {"uv": [13, 13.5, 13.25, 14], "texture": "#0"},
				"down": {"uv": [13, 14, 13.25, 13.5], "texture": "#0"}
			}
		},
		{
			"name": "m32_102",
			"from": [13.25, 0, 13.75],
			"to": [13.5, 1.25, 15.5],
			"faces": {
				"north": {"uv": [13.5, 13.75, 13.25, 14], "texture": "#0"},
				"east": {"uv": [13.25, 13.75, 13.5, 15.5], "rotation": 90, "texture": "#0"},
				"south": {"uv": [13.25, 15.25, 13.5, 15.5], "texture": "#0"},
				"west": {"uv": [13.25, 13.75, 13.5, 15.5], "rotation": 270, "texture": "#0"},
				"up": {"uv": [13.25, 13.75, 13.5, 15.5], "texture": "#0"},
				"down": {"uv": [13.25, 15.5, 13.5, 13.75], "texture": "#0"}
			}
		},
		{
			"name": "m32_103",
			"from": [15, 0, 13.75],
			"to": [15.25, 1.25, 14],
			"faces": {
				"north": {"uv": [15.25, 13.75, 15, 14], "texture": "#0"},
				"east": {"uv": [15, 13.75, 15.25, 14], "rotation": 90, "texture": "#0"},
				"south": {"uv": [15, 13.75, 15.25, 14], "texture": "#0"},
				"west": {"uv": [15, 13.75, 15.25, 14], "rotation": 270, "texture": "#0"},
				"up": {"uv": [15, 13.75, 15.25, 14], "texture": "#0"},
				"down": {"uv": [15, 14, 15.25, 13.75], "texture": "#0"}
			}
		},
		{
			"name": "m32_104",
			"from": [13.5, 0, 14],
			"to": [13.75, 1.25, 15.25],
			"faces": {
				"north": {"uv": [13.75, 14, 13.5, 14.25], "texture": "#0"},
				"east": {"uv": [13.5, 14, 13.75, 15.25], "rotation": 90, "texture": "#0"},
				"south": {"uv": [13.5, 15, 13.75, 15.25], "texture": "#0"},
				"west": {"uv": [13.5, 14, 13.75, 15.25], "rotation": 270, "texture": "#0"},
				"up": {"uv": [13.5, 14, 13.75, 15.25], "texture": "#0"},
				"down": {"uv": [13.5, 15.25, 13.75, 14], "texture": "#0"}
			}
		},
		{
			"name": "m32_105",
			"from": [13, 0, 14.25],
			"to": [13.25, 1.25, 15.75],
			"faces": {
				"north": {"uv": [13.25, 14.25, 13, 14.5], "texture": "#0"},
				"east": {"uv": [13, 14.25, 13.25, 15.75], "rotation": 90, "texture": "#0"},
				"south": {"uv": [13, 15.5, 13.25, 15.75], "texture": "#0"},
				"west": {"uv": [13, 14.25, 13.25, 15.75], "rotation": 270, "texture": "#0"},
				"up": {"uv": [13, 14.25, 13.25, 15.75], "texture": "#0"},
				"down": {"uv": [13, 15.75, 13.25, 14.25], "texture": "#0"}
			}
		},
		{
			"name": "m32_106",
			"from": [12.25, 0, 15.25],
			"to": [12.5, 1.25, 15.75],
			"faces": {
				"north": {"uv": [12.5, 15.25, 12.25, 15.5], "texture": "#0"},
				"east": {"uv": [12.25, 15.25, 12.5, 15.75], "rotation": 90, "texture": "#0"},
				"south": {"uv": [12.25, 15.5, 12.5, 15.75], "texture": "#0"},
				"west": {"uv": [12.25, 15.25, 12.5, 15.75], "rotation": 270, "texture": "#0"},
				"up": {"uv": [12.25, 15.25, 12.5, 15.75], "texture": "#0"},
				"down": {"uv": [12.25, 15.75, 12.5, 15.25], "texture": "#0"}
			}
		}
	],
	"display": {
		"thirdperson_righthand": {
			"rotation": [45, 0, 90],
			"translation": [-7.5, 1.25, -0.75]
		},
		"thirdperson_lefthand": {
			"rotation": [45, 0, -90],
			"translation": [7.5, 1.25, -0.75]
		},
		"firstperson_righthand": {
			"rotation": [45, 0, 90],
			"translation": [-8, 2.5, 0]
		},
		"firstperson_lefthand": {
			"rotation": [45, 0, -90],
			"translation": [8, 2.5, 0]
		},
		"ground": {
			"rotation": [90, 0, 90],
			"translation": [-4, 0, 0],
			"scale": [0.5, 0.5, 0.5]
		},
		"gui": {
			"rotation": [90, 0, 0],
			"translation": [0.25, 0.5, 0]
		},
		"head": {
			"rotation": [45, 0, 90],
			"translation": [-7.5, 8.25, -1.5]
		},
		"fixed": {
			"rotation": [90, 0, 0],
			"translation": [0, 0, 7]
		}
	},
	"groups": [
		{
			"name": "m32",
			"origin": [8, 8, 8],
			"children": [0, 1, 2, 3, 4, 5, 6, 7, 8, 9, 10, 11, 12, 13, 14, 15, 16, 17, 18, 19, 20, 21, 22, 23, 24, 25, 26, 27, 28, 29, 30, 31, 32, 33, 34, 35, 36, 37, 38, 39, 40, 41, 42, 43, 44, 45, 46, 47, 48, 49, 50, 51, 52, 53, 54, 55, 56, 57, 58, 59, 60, 61, 62, 63, 64, 65, 66, 67, 68, 69, 70, 71, 72, 73, 74, 75, 76, 77, 78, 79, 80, 81, 82, 83, 84, 85, 86, 87, 88, 89, 90, 91, 92, 93, 94, 95, 96, 97, 98, 99, 100, 101, 102, 103, 104, 105, 106]
		}
	]
}