{
	"credit": "Made with Blockbench",
	"textures": {
		"0": "gun_textures/mosin-nagant",
		"particle": "gun_textures/mosin-nagant"
	},
	"elements": [
		{
			"name": "Mosin-Nagant_0",
			"from": [0, 0, 0],
			"to": [0.5, 1, 0.25],
			"faces": {
				"north": {"uv": [0.5, 0, 0, 0.25], "texture": "#0"},
				"east": {"uv": [0.25, 0, 0.5, 0.25], "rotation": 90, "texture": "#0"},
				"south": {"uv": [0, 0, 0.5, 0.25], "texture": "#0"},
				"west": {"uv": [0, 0, 0.25, 0.25], "rotation": 270, "texture": "#0"},
				"up": {"uv": [0, 0, 0.5, 0.25], "texture": "#0"},
				"down": {"uv": [0, 0.25, 0.5, 0], "texture": "#0"}
			}
		},
		{
			"name": "Mosin-Nagant_1",
			"from": [0.25, 0, 0.25],
			"to": [0.75, 1, 0.5],
			"faces": {
				"north": {"uv": [0.75, 0.25, 0.25, 0.5], "texture": "#0"},
				"east": {"uv": [0.5, 0.25, 0.75, 0.5], "rotation": 90, "texture": "#0"},
				"south": {"uv": [0.25, 0.25, 0.75, 0.5], "texture": "#0"},
				"west": {"uv": [0.25, 0.25, 0.5, 0.5], "rotation": 270, "texture": "#0"},
				"up": {"uv": [0.25, 0.25, 0.75, 0.5], "texture": "#0"},
				"down": {"uv": [0.25, 0.5, 0.75, 0.25], "texture": "#0"}
			}
		},
		{
			"name": "Mosin-Nagant_2",
			"from": [0.5, 0, 0.5],
			"to": [1, 1, 0.75],
			"faces": {
				"north": {"uv": [1, 0.5, 0.5, 0.75], "texture": "#0"},
				"east": {"uv": [0.75, 0.5, 1, 0.75], "rotation": 90, "texture": "#0"},
				"south": {"uv": [0.5, 0.5, 1, 0.75], "texture": "#0"},
				"west": {"uv": [0.5, 0.5, 0.75, 0.75], "rotation": 270, "texture": "#0"},
				"up": {"uv": [0.5, 0.5, 1, 0.75], "texture": "#0"},
				"down": {"uv": [0.5, 0.75, 1, 0.5], "texture": "#0"}
			}
		},
		{
			"name": "Mosin-Nagant_3",
			"from": [0.25, 0, 0.75],
			"to": [0.5, 1, 1.25],
			"faces": {
				"north": {"uv": [0.5, 0.75, 0.25, 1], "texture": "#0"},
				"east": {"uv": [0.25, 0.75, 0.5, 1.25], "rotation": 90, "texture": "#0"},
				"south": {"uv": [0.25, 1, 0.5, 1.25], "texture": "#0"},
				"west": {"uv": [0.25, 0.75, 0.5, 1.25], "rotation": 270, "texture": "#0"},
				"up": {"uv": [0.25, 0.75, 0.5, 1.25], "texture": "#0"},
				"down": {"uv": [0.25, 1.25, 0.5, 0.75], "texture": "#0"}
			}
		},
		{
			"name": "Mosin-Nagant_4",
			"from": [0.75, 0, 0.75],
			"to": [1.25, 1, 1],
			"faces": {
				"north": {"uv": [1.25, 0.75, 0.75, 1], "texture": "#0"},
				"east": {"uv": [1, 0.75, 1.25, 1], "rotation": 90, "texture": "#0"},
				"south": {"uv": [0.75, 0.75, 1.25, 1], "texture": "#0"},
				"west": {"uv": [0.75, 0.75, 1, 1], "rotation": 270, "texture": "#0"},
				"up": {"uv": [0.75, 0.75, 1.25, 1], "texture": "#0"},
				"down": {"uv": [0.75, 1, 1.25, 0.75], "texture": "#0"}
			}
		},
		{
			"name": "Mosin-Nagant_5",
			"from": [0.5, 0, 1],
			"to": [0.75, 1, 1.5],
			"faces": {
				"north": {"uv": [0.75, 1, 0.5, 1.25], "texture": "#0"},
				"east": {"uv": [0.5, 1, 0.75, 1.5], "rotation": 90, "texture": "#0"},
				"south": {"uv": [0.5, 1.25, 0.75, 1.5], "texture": "#0"},
				"west": {"uv": [0.5, 1, 0.75, 1.5], "rotation": 270, "texture": "#0"},
				"up": {"uv": [0.5, 1, 0.75, 1.5], "texture": "#0"},
				"down": {"uv": [0.5, 1.5, 0.75, 1], "texture": "#0"}
			}
		},
		{
			"name": "Mosin-Nagant_6",
			"from": [1, 0, 1],
			"to": [1.5, 1, 2.25],
			"faces": {
				"north": {"uv": [1.5, 1, 1, 1.25], "texture": "#0"},
				"east": {"uv": [1.25, 1, 1.5, 2.25], "rotation": 90, "texture": "#0"},
				"south": {"uv": [1, 2, 1.5, 2.25], "texture": "#0"},
				"west": {"uv": [1, 1, 1.25, 2.25], "rotation": 270, "texture": "#0"},
				"up": {"uv": [1, 1, 1.5, 2.25], "texture": "#0"},
				"down": {"uv": [1, 2.25, 1.5, 1], "texture": "#0"}
			}
		},
		{
			"name": "Mosin-Nagant_7",
			"from": [0.75, 0, 1.25],
			"to": [1, 1, 2],
			"faces": {
				"north": {"uv": [1, 1.25, 0.75, 1.5], "texture": "#0"},
				"south": {"uv": [0.75, 1.75, 1, 2], "texture": "#0"},
				"west": {"uv": [0.75, 1.25, 1, 2], "rotation": 270, "texture": "#0"},
				"up": {"uv": [0.75, 1.25, 1, 2], "texture": "#0"},
				"down": {"uv": [0.75, 2, 1, 1.25], "texture": "#0"}
			}
		},
		{
			"name": "Mosin-Nagant_8",
			"from": [1.5, 0, 1.25],
			"to": [1.75, 1, 2.75],
			"faces": {
				"north": {"uv": [1.75, 1.25, 1.5, 1.5], "texture": "#0"},
				"east": {"uv": [1.5, 1.25, 1.75, 2.75], "rotation": 90, "texture": "#0"},
				"south": {"uv": [1.5, 2.5, 1.75, 2.75], "texture": "#0"},
				"west": {"uv": [1.5, 1.25, 1.75, 2.75], "rotation": 270, "texture": "#0"},
				"up": {"uv": [1.5, 1.25, 1.75, 2.75], "texture": "#0"},
				"down": {"uv": [1.5, 2.75, 1.75, 1.25], "texture": "#0"}
			}
		},
		{
			"name": "Mosin-Nagant_9",
			"from": [1.75, 0, 1.5],
			"to": [2, 1, 3],
			"faces": {
				"north": {"uv": [2, 1.5, 1.75, 1.75], "texture": "#0"},
				"east": {"uv": [1.75, 1.5, 2, 3], "rotation": 90, "texture": "#0"},
				"south": {"uv": [1.75, 2.75, 2, 3], "texture": "#0"},
				"west": {"uv": [1.75, 1.5, 2, 3], "rotation": 270, "texture": "#0"},
				"up": {"uv": [1.75, 1.5, 2, 3], "texture": "#0"},
				"down": {"uv": [1.75, 3, 2, 1.5], "texture": "#0"}
			}
		},
		{
			"name": "Mosin-Nagant_10",
			"from": [2, 0, 1.75],
			"to": [2.25, 1, 3.25],
			"faces": {
				"north": {"uv": [2.25, 1.75, 2, 2], "texture": "#0"},
				"east": {"uv": [2, 1.75, 2.25, 3.25], "rotation": 90, "texture": "#0"},
				"south": {"uv": [2, 3, 2.25, 3.25], "texture": "#0"},
				"west": {"uv": [2, 1.75, 2.25, 3.25], "rotation": 270, "texture": "#0"},
				"up": {"uv": [2, 1.75, 2.25, 3.25], "texture": "#0"},
				"down": {"uv": [2, 3.25, 2.25, 1.75], "texture": "#0"}
			}
		},
		{
			"name": "Mosin-Nagant_11",
			"from": [2.25, 0, 2],
			"to": [2.5, 1, 3.5],
			"faces": {
				"north": {"uv": [2.5, 2, 2.25, 2.25], "texture": "#0"},
				"east": {"uv": [2.25, 2, 2.5, 3.5], "rotation": 90, "texture": "#0"},
				"south": {"uv": [2.25, 3.25, 2.5, 3.5], "texture": "#0"},
				"west": {"uv": [2.25, 2, 2.5, 3.5], "rotation": 270, "texture": "#0"},
				"up": {"uv": [2.25, 2, 2.5, 3.5], "texture": "#0"},
				"down": {"uv": [2.25, 3.5, 2.5, 2], "texture": "#0"}
			}
		},
		{
			"name": "Mosin-Nagant_12",
			"from": [1.25, 0, 2.25],
			"to": [1.5, 1, 2.5],
			"faces": {
				"south": {"uv": [1.25, 2.25, 1.5, 2.5], "texture": "#0"},
				"west": {"uv": [1.25, 2.25, 1.5, 2.5], "rotation": 270, "texture": "#0"},
				"up": {"uv": [1.25, 2.25, 1.5, 2.5], "texture": "#0"},
				"down": {"uv": [1.25, 2.5, 1.5, 2.25], "texture": "#0"}
			}
		},
		{
			"name": "Mosin-Nagant_13",
			"from": [2.5, 0, 2.25],
			"to": [2.75, 1, 3.75],
			"faces": {
				"north": {"uv": [2.75, 2.25, 2.5, 2.5], "texture": "#0"},
				"east": {"uv": [2.5, 2.25, 2.75, 3.75], "rotation": 90, "texture": "#0"},
				"south": {"uv": [2.5, 3.5, 2.75, 3.75], "texture": "#0"},
				"west": {"uv": [2.5, 2.25, 2.75, 3.75], "rotation": 270, "texture": "#0"},
				"up": {"uv": [2.5, 2.25, 2.75, 3.75], "texture": "#0"},
				"down": {"uv": [2.5, 3.75, 2.75, 2.25], "texture": "#0"}
			}
		},
		{
			"name": "Mosin-Nagant_14",
			"from": [2.75, 0, 2.5],
			"to": [3, 1, 4],
			"faces": {
				"north": {"uv": [3, 2.5, 2.75, 2.75], "texture": "#0"},
				"east": {"uv": [2.75, 2.5, 3, 4], "rotation": 90, "texture": "#0"},
				"south": {"uv": [2.75, 3.75, 3, 4], "texture": "#0"},
				"west": {"uv": [2.75, 2.5, 3, 4], "rotation": 270, "texture": "#0"},
				"up": {"uv": [2.75, 2.5, 3, 4], "texture": "#0"},
				"down": {"uv": [2.75, 4, 3, 2.5], "texture": "#0"}
			}
		},
		{
			"name": "Mosin-Nagant_15",
			"from": [3, 0, 2.75],
			"to": [3.25, 1, 4.25],
			"faces": {
				"north": {"uv": [3.25, 2.75, 3, 3], "texture": "#0"},
				"east": {"uv": [3, 2.75, 3.25, 4.25], "rotation": 90, "texture": "#0"},
				"south": {"uv": [3, 4, 3.25, 4.25], "texture": "#0"},
				"west": {"uv": [3, 2.75, 3.25, 4.25], "rotation": 270, "texture": "#0"},
				"up": {"uv": [3, 2.75, 3.25, 4.25], "texture": "#0"},
				"down": {"uv": [3, 4.25, 3.25, 2.75], "texture": "#0"}
			}
		},
		{
			"name": "Mosin-Nagant_16",
			"from": [3.25, 0, 3],
			"to": [3.5, 1, 4.75],
			"faces": {
				"north": {"uv": [3.5, 3, 3.25, 3.25], "texture": "#0"},
				"east": {"uv": [3.25, 3, 3.5, 4.75], "rotation": 90, "texture": "#0"},
				"south": {"uv": [3.25, 4.5, 3.5, 4.75], "texture": "#0"},
				"west": {"uv": [3.25, 3, 3.5, 4.75], "rotation": 270, "texture": "#0"},
				"up": {"uv": [3.25, 3, 3.5, 4.75], "texture": "#0"},
				"down": {"uv": [3.25, 4.75, 3.5, 3], "texture": "#0"}
			}
		},
		{
			"name": "Mosin-Nagant_17",
			"from": [3.5, 0, 3.25],
			"to": [3.75, 1, 5],
			"faces": {
				"north": {"uv": [3.75, 3.25, 3.5, 3.5], "texture": "#0"},
				"east": {"uv": [3.5, 3.25, 3.75, 5], "rotation": 90, "texture": "#0"},
				"south": {"uv": [3.5, 4.75, 3.75, 5], "texture": "#0"},
				"west": {"uv": [3.5, 3.25, 3.75, 5], "rotation": 270, "texture": "#0"},
				"up": {"uv": [3.5, 3.25, 3.75, 5], "texture": "#0"},
				"down": {"uv": [3.5, 5, 3.75, 3.25], "texture": "#0"}
			}
		},
		{
			"name": "Mosin-Nagant_18",
			"from": [3.75, 0, 3.5],
			"to": [4, 1, 5.25],
			"faces": {
				"north": {"uv": [4, 3.5, 3.75, 3.75], "texture": "#0"},
				"east": {"uv": [3.75, 3.5, 4, 5.25], "rotation": 90, "texture": "#0"},
				"south": {"uv": [3.75, 5, 4, 5.25], "texture": "#0"},
				"west": {"uv": [3.75, 3.5, 4, 5.25], "rotation": 270, "texture": "#0"},
				"up": {"uv": [3.75, 3.5, 4, 5.25], "texture": "#0"},
				"down": {"uv": [3.75, 5.25, 4, 3.5], "texture": "#0"}
			}
		},
		{
			"name": "Mosin-Nagant_19",
			"from": [4, 0, 3.75],
			"to": [4.25, 1, 5.5],
			"faces": {
				"north": {"uv": [4.25, 3.75, 4, 4], "texture": "#0"},
				"east": {"uv": [4, 3.75, 4.25, 5.5], "rotation": 90, "texture": "#0"},
				"south": {"uv": [4, 5.25, 4.25, 5.5], "texture": "#0"},
				"west": {"uv": [4, 3.75, 4.25, 5.5], "rotation": 270, "texture": "#0"},
				"up": {"uv": [4, 3.75, 4.25, 5.5], "texture": "#0"},
				"down": {"uv": [4, 5.5, 4.25, 3.75], "texture": "#0"}
			}
		},
		{
			"name": "Mosin-Nagant_20",
			"from": [4.25, 0, 4],
			"to": [4.5, 1, 5.75],
			"faces": {
				"north": {"uv": [4.5, 4, 4.25, 4.25], "texture": "#0"},
				"east": {"uv": [4.25, 4, 4.5, 5.75], "rotation": 90, "texture": "#0"},
				"south": {"uv": [4.25, 5.5, 4.5, 5.75], "texture": "#0"},
				"west": {"uv": [4.25, 4, 4.5, 5.75], "rotation": 270, "texture": "#0"},
				"up": {"uv": [4.25, 4, 4.5, 5.75], "texture": "#0"},
				"down": {"uv": [4.25, 5.75, 4.5, 4], "texture": "#0"}
			}
		},
		{
			"name": "Mosin-Nagant_21",
			"from": [4.5, 0, 4.25],
			"to": [4.75, 1, 6],
			"faces": {
				"north": {"uv": [4.75, 4.25, 4.5, 4.5], "texture": "#0"},
				"east": {"uv": [4.5, 4.25, 4.75, 6], "rotation": 90, "texture": "#0"},
				"south": {"uv": [4.5, 5.75, 4.75, 6], "texture": "#0"},
				"west": {"uv": [4.5, 4.25, 4.75, 6], "rotation": 270, "texture": "#0"},
				"up": {"uv": [4.5, 4.25, 4.75, 6], "texture": "#0"},
				"down": {"uv": [4.5, 6, 4.75, 4.25], "texture": "#0"}
			}
		},
		{
			"name": "Mosin-Nagant_22",
			"from": [4.75, 0, 4.5],
			"to": [5, 1, 6.25],
			"faces": {
				"north": {"uv": [5, 4.5, 4.75, 4.75], "texture": "#0"},
				"east": {"uv": [4.75, 4.5, 5, 6.25], "rotation": 90, "texture": "#0"},
				"south": {"uv": [4.75, 6, 5, 6.25], "texture": "#0"},
				"west": {"uv": [4.75, 4.5, 5, 6.25], "rotation": 270, "texture": "#0"},
				"up": {"uv": [4.75, 4.5, 5, 6.25], "texture": "#0"},
				"down": {"uv": [4.75, 6.25, 5, 4.5], "texture": "#0"}
			}
		},
		{
			"name": "Mosin-Nagant_23",
			"from": [5, 0, 4.75],
			"to": [5.25, 1, 6.5],
			"faces": {
				"north": {"uv": [5.25, 4.75, 5, 5], "texture": "#0"},
				"east": {"uv": [5, 4.75, 5.25, 6.5], "rotation": 90, "texture": "#0"},
				"south": {"uv": [5, 6.25, 5.25, 6.5], "texture": "#0"},
				"west": {"uv": [5, 4.75, 5.25, 6.5], "rotation": 270, "texture": "#0"},
				"up": {"uv": [5, 4.75, 5.25, 6.5], "texture": "#0"},
				"down": {"uv": [5, 6.5, 5.25, 4.75], "texture": "#0"}
			}
		},
		{
			"name": "Mosin-Nagant_24",
			"from": [5.25, 0, 5],
			"to": [5.75, 1, 6.75],
			"faces": {
				"north": {"uv": [5.75, 5, 5.25, 5.25], "texture": "#0"},
				"east": {"uv": [5.5, 5, 5.75, 6.75], "rotation": 90, "texture": "#0"},
				"south": {"uv": [5.25, 6.5, 5.75, 6.75], "texture": "#0"},
				"west": {"uv": [5.25, 5, 5.5, 6.75], "rotation": 270, "texture": "#0"},
				"up": {"uv": [5.25, 5, 5.75, 6.75], "texture": "#0"},
				"down": {"uv": [5.25, 6.75, 5.75, 5], "texture": "#0"}
			}
		},
		{
			"name": "Mosin-Nagant_25",
			"from": [5.75, 0, 5.25],
			"to": [6, 1, 8.25],
			"faces": {
				"north": {"uv": [6, 5.25, 5.75, 5.5], "texture": "#0"},
				"east": {"uv": [5.75, 5.25, 6, 8.25], "rotation": 90, "texture": "#0"},
				"south": {"uv": [5.75, 8, 6, 8.25], "texture": "#0"},
				"west": {"uv": [5.75, 5.25, 6, 8.25], "rotation": 270, "texture": "#0"},
				"up": {"uv": [5.75, 5.25, 6, 8.25], "texture": "#0"},
				"down": {"uv": [5.75, 8.25, 6, 5.25], "texture": "#0"}
			}
		},
		{
			"name": "Mosin-Nagant_26",
			"from": [6.25, 0, 5.25],
			"to": [6.5, 1, 8.75],
			"faces": {
				"north": {"uv": [6.5, 5.25, 6.25, 5.5], "texture": "#0"},
				"east": {"uv": [6.25, 5.25, 6.5, 8.75], "rotation": 90, "texture": "#0"},
				"south": {"uv": [6.25, 8.5, 6.5, 8.75], "texture": "#0"},
				"west": {"uv": [6.25, 5.25, 6.5, 8.75], "rotation": 270, "texture": "#0"},
				"up": {"uv": [6.25, 5.25, 6.5, 8.75], "texture": "#0"},
				"down": {"uv": [6.25, 8.75, 6.5, 5.25], "texture": "#0"}
			}
		},
		{
			"name": "Mosin-Nagant_27",
			"from": [6, 0, 5.5],
			"to": [6.25, 1, 8.5],
			"faces": {
				"north": {"uv": [6.25, 5.5, 6, 5.75], "texture": "#0"},
				"south": {"uv": [6, 8.25, 6.25, 8.5], "texture": "#0"},
				"west": {"uv": [6, 5.5, 6.25, 8.5], "rotation": 270, "texture": "#0"},
				"up": {"uv": [6, 5.5, 6.25, 8.5], "texture": "#0"},
				"down": {"uv": [6, 8.5, 6.25, 5.5], "texture": "#0"}
			}
		},
		{
			"name": "Mosin-Nagant_28",
			"from": [6.5, 0, 5.5],
			"to": [6.75, 1, 9.25],
			"faces": {
				"north": {"uv": [6.75, 5.5, 6.5, 5.75], "texture": "#0"},
				"east": {"uv": [6.5, 5.5, 6.75, 9.25], "rotation": 90, "texture": "#0"},
				"south": {"uv": [6.5, 9, 6.75, 9.25], "texture": "#0"},
				"west": {"uv": [6.5, 5.5, 6.75, 9.25], "rotation": 270, "texture": "#0"},
				"up": {"uv": [6.5, 5.5, 6.75, 9.25], "texture": "#0"},
				"down": {"uv": [6.5, 9.25, 6.75, 5.5], "texture": "#0"}
			}
		},
		{
			"name": "Mosin-Nagant_29",
			"from": [6.75, 0, 6],
			"to": [7, 1, 9.5],
			"faces": {
				"north": {"uv": [7, 6, 6.75, 6.25], "texture": "#0"},
				"east": {"uv": [6.75, 6, 7, 9.5], "rotation": 90, "texture": "#0"},
				"south": {"uv": [6.75, 9.25, 7, 9.5], "texture": "#0"},
				"west": {"uv": [6.75, 6, 7, 9.5], "rotation": 270, "texture": "#0"},
				"up": {"uv": [6.75, 6, 7, 9.5], "texture": "#0"},
				"down": {"uv": [6.75, 9.5, 7, 6], "texture": "#0"}
			}
		},
		{
			"name": "Mosin-Nagant_30",
			"from": [7, 0, 6.25],
			"to": [7.25, 1, 9.75],
			"faces": {
				"north": {"uv": [7.25, 6.25, 7, 6.5], "texture": "#0"},
				"east": {"uv": [7, 6.25, 7.25, 9.75], "rotation": 90, "texture": "#0"},
				"south": {"uv": [7, 9.5, 7.25, 9.75], "texture": "#0"},
				"west": {"uv": [7, 6.25, 7.25, 9.75], "rotation": 270, "texture": "#0"},
				"up": {"uv": [7, 6.25, 7.25, 9.75], "texture": "#0"},
				"down": {"uv": [7, 9.75, 7.25, 6.25], "texture": "#0"}
			}
		},
		{
			"name": "Mosin-Nagant_31",
			"from": [7.25, 0, 6.5],
			"to": [7.5, 1, 10.25],
			"faces": {
				"north": {"uv": [7.5, 6.5, 7.25, 6.75], "texture": "#0"},
				"east": {"uv": [7.25, 6.5, 7.5, 10.25], "rotation": 90, "texture": "#0"},
				"south": {"uv": [7.25, 10, 7.5, 10.25], "texture": "#0"},
				"west": {"uv": [7.25, 6.5, 7.5, 10.25], "rotation": 270, "texture": "#0"},
				"up": {"uv": [7.25, 6.5, 7.5, 10.25], "texture": "#0"},
				"down": {"uv": [7.25, 10.25, 7.5, 6.5], "texture": "#0"}
			}
		},
		{
			"name": "Mosin-Nagant_32",
			"from": [5.5, 0, 6.75],
			"to": [5.75, 1, 7.75],
			"faces": {
				"south": {"uv": [5.5, 7.5, 5.75, 7.75], "texture": "#0"},
				"west": {"uv": [5.5, 6.75, 5.75, 7.75], "rotation": 270, "texture": "#0"},
				"up": {"uv": [5.5, 6.75, 5.75, 7.75], "texture": "#0"},
				"down": {"uv": [5.5, 7.75, 5.75, 6.75], "texture": "#0"}
			}
		},
		{
			"name": "Mosin-Nagant_33",
			"from": [7.5, 0, 7],
			"to": [7.75, 1, 10.5],
			"faces": {
				"north": {"uv": [7.75, 7, 7.5, 7.25], "texture": "#0"},
				"east": {"uv": [7.5, 7, 7.75, 10.5], "rotation": 90, "texture": "#0"},
				"south": {"uv": [7.5, 10.25, 7.75, 10.5], "texture": "#0"},
				"west": {"uv": [7.5, 7, 7.75, 10.5], "rotation": 270, "texture": "#0"},
				"up": {"uv": [7.5, 7, 7.75, 10.5], "texture": "#0"},
				"down": {"uv": [7.5, 10.5, 7.75, 7], "texture": "#0"}
			}
		},
		{
			"name": "Mosin-Nagant_34",
			"from": [7.75, 0, 7.25],
			"to": [8, 1, 10.75],
			"faces": {
				"north": {"uv": [8, 7.25, 7.75, 7.5], "texture": "#0"},
				"east": {"uv": [7.75, 7.25, 8, 10.75], "rotation": 90, "texture": "#0"},
				"south": {"uv": [7.75, 10.5, 8, 10.75], "texture": "#0"},
				"west": {"uv": [7.75, 7.25, 8, 10.75], "rotation": 270, "texture": "#0"},
				"up": {"uv": [7.75, 7.25, 8, 10.75], "texture": "#0"},
				"down": {"uv": [7.75, 10.75, 8, 7.25], "texture": "#0"}
			}
		},
		{
			"name": "Mosin-Nagant_35",
			"from": [9.25, 0, 7.25],
			"to": [9.5, 1, 8],
			"faces": {
				"north": {"uv": [9.5, 7.25, 9.25, 7.5], "texture": "#0"},
				"east": {"uv": [9.25, 7.25, 9.5, 8], "rotation": 90, "texture": "#0"},
				"south": {"uv": [9.25, 7.75, 9.5, 8], "texture": "#0"},
				"west": {"uv": [9.25, 7.25, 9.5, 8], "rotation": 270, "texture": "#0"},
				"up": {"uv": [9.25, 7.25, 9.5, 8], "texture": "#0"},
				"down": {"uv": [9.25, 8, 9.5, 7.25], "texture": "#0"}
			}
		},
		{
			"name": "Mosin-Nagant_36",
			"from": [8, 0, 7.5],
			"to": [8.25, 1, 10],
			"faces": {
				"north": {"uv": [8.25, 7.5, 8, 7.75], "texture": "#0"},
				"east": {"uv": [8, 7.5, 8.25, 10], "rotation": 90, "texture": "#0"},
				"south": {"uv": [8, 9.75, 8.25, 10], "texture": "#0"},
				"up": {"uv": [8, 7.5, 8.25, 10], "texture": "#0"},
				"down": {"uv": [8, 10, 8.25, 7.5], "texture": "#0"}
			}
		},
		{
			"name": "Mosin-Nagant_37",
			"from": [9, 0, 7.5],
			"to": [9.25, 1, 8.25],
			"faces": {
				"north": {"uv": [9.25, 7.5, 9, 7.75], "texture": "#0"},
				"east": {"uv": [9, 7.5, 9.25, 8.25], "rotation": 90, "texture": "#0"},
				"south": {"uv": [9, 8, 9.25, 8.25], "texture": "#0"},
				"west": {"uv": [9, 7.5, 9.25, 8.25], "rotation": 270, "texture": "#0"},
				"up": {"uv": [9, 7.5, 9.25, 8.25], "texture": "#0"},
				"down": {"uv": [9, 8.25, 9.25, 7.5], "texture": "#0"}
			}
		},
		{
			"name": "Mosin-Nagant_38",
			"from": [9.5, 0, 7.5],
			"to": [9.75, 1, 7.75],
			"faces": {
				"north": {"uv": [9.75, 7.5, 9.5, 7.75], "texture": "#0"},
				"east": {"uv": [9.5, 7.5, 9.75, 7.75], "rotation": 90, "texture": "#0"},
				"south": {"uv": [9.5, 7.5, 9.75, 7.75], "texture": "#0"},
				"up": {"uv": [9.5, 7.5, 9.75, 7.75], "texture": "#0"},
				"down": {"uv": [9.5, 7.75, 9.75, 7.5], "texture": "#0"}
			}
		},
		{
			"name": "Mosin-Nagant_39",
			"from": [8.25, 0, 7.75],
			"to": [8.5, 1, 11.25],
			"faces": {
				"north": {"uv": [8.5, 7.75, 8.25, 8], "texture": "#0"},
				"east": {"uv": [8.25, 7.75, 8.5, 11.25], "rotation": 90, "texture": "#0"},
				"south": {"uv": [8.25, 11, 8.5, 11.25], "texture": "#0"},
				"west": {"uv": [8.25, 7.75, 8.5, 11.25], "rotation": 270, "texture": "#0"},
				"up": {"uv": [8.25, 7.75, 8.5, 11.25], "texture": "#0"},
				"down": {"uv": [8.25, 11.25, 8.5, 7.75], "texture": "#0"}
			}
		},
		{
			"name": "Mosin-Nagant_40",
			"from": [8.75, 0, 7.75],
			"to": [9, 1, 11.25],
			"faces": {
				"north": {"uv": [9, 7.75, 8.75, 8], "texture": "#0"},
				"east": {"uv": [8.75, 7.75, 9, 11.25], "rotation": 90, "texture": "#0"},
				"south": {"uv": [8.75, 11, 9, 11.25], "texture": "#0"},
				"west": {"uv": [8.75, 7.75, 9, 11.25], "rotation": 270, "texture": "#0"},
				"up": {"uv": [8.75, 7.75, 9, 11.25], "texture": "#0"},
				"down": {"uv": [8.75, 11.25, 9, 7.75], "texture": "#0"}
			}
		},
		{
			"name": "Mosin-Nagant_41",
			"from": [8.5, 0, 8],
			"to": [8.75, 1, 10.5],
			"faces": {
				"north": {"uv": [8.75, 8, 8.5, 8.25], "texture": "#0"},
				"south": {"uv": [8.5, 10.25, 8.75, 10.5], "texture": "#0"},
				"up": {"uv": [8.5, 8, 8.75, 10.5], "texture": "#0"},
				"down": {"uv": [8.5, 10.5, 8.75, 8], "texture": "#0"}
			}
		},
		{
			"name": "Mosin-Nagant_42",
			"from": [9, 0, 8.5],
			"to": [9.25, 1, 11.25],
			"faces": {
				"north": {"uv": [9.25, 8.5, 9, 8.75], "texture": "#0"},
				"east": {"uv": [9, 8.5, 9.25, 11.25], "rotation": 90, "texture": "#0"},
				"south": {"uv": [9, 11, 9.25, 11.25], "texture": "#0"},
				"up": {"uv": [9, 8.5, 9.25, 11.25], "texture": "#0"},
				"down": {"uv": [9, 11.25, 9.25, 8.5], "texture": "#0"}
			}
		},
		{
			"name": "Mosin-Nagant_43",
			"from": [9.25, 0, 8.75],
			"to": [9.5, 1, 11.5],
			"faces": {
				"north": {"uv": [9.5, 8.75, 9.25, 9], "texture": "#0"},
				"east": {"uv": [9.25, 8.75, 9.5, 11.5], "rotation": 90, "texture": "#0"},
				"south": {"uv": [9.25, 11.25, 9.5, 11.5], "texture": "#0"},
				"west": {"uv": [9.25, 8.75, 9.5, 11.5], "rotation": 270, "texture": "#0"},
				"up": {"uv": [9.25, 8.75, 9.5, 11.5], "texture": "#0"},
				"down": {"uv": [9.25, 11.5, 9.5, 8.75], "texture": "#0"}
			}
		},
		{
			"name": "Mosin-Nagant_44",
			"from": [9.5, 0, 9],
			"to": [9.75, 1, 12],
			"faces": {
				"north": {"uv": [9.75, 9, 9.5, 9.25], "texture": "#0"},
				"east": {"uv": [9.5, 9, 9.75, 12], "rotation": 90, "texture": "#0"},
				"south": {"uv": [9.5, 11.75, 9.75, 12], "texture": "#0"},
				"west": {"uv": [9.5, 9, 9.75, 12], "rotation": 270, "texture": "#0"},
				"up": {"uv": [9.5, 9, 9.75, 12], "texture": "#0"},
				"down": {"uv": [9.5, 12, 9.75, 9], "texture": "#0"}
			}
		},
		{
			"name": "Mosin-Nagant_45",
			"from": [9.75, 0, 9.25],
			"to": [10, 1, 12.5],
			"faces": {
				"north": {"uv": [10, 9.25, 9.75, 9.5], "texture": "#0"},
				"east": {"uv": [9.75, 9.25, 10, 12.5], "rotation": 90, "texture": "#0"},
				"south": {"uv": [9.75, 12.25, 10, 12.5], "texture": "#0"},
				"west": {"uv": [9.75, 9.25, 10, 12.5], "rotation": 270, "texture": "#0"},
				"up": {"uv": [9.75, 9.25, 10, 12.5], "texture": "#0"},
				"down": {"uv": [9.75, 12.5, 10, 9.25], "texture": "#0"}
			}
		},
		{
			"name": "Mosin-Nagant_46",
			"from": [10, 0, 9.5],
			"to": [10.25, 1, 10],
			"faces": {
				"north": {"uv": [10.25, 9.5, 10, 9.75], "texture": "#0"},
				"east": {"uv": [10, 9.5, 10.25, 10], "rotation": 90, "texture": "#0"},
				"south": {"uv": [10, 9.75, 10.25, 10], "texture": "#0"},
				"up": {"uv": [10, 9.5, 10.25, 10], "texture": "#0"},
				"down": {"uv": [10, 10, 10.25, 9.5], "texture": "#0"}
			}
		},
		{
			"name": "Mosin-Nagant_47",
			"from": [10, 0, 10.25],
			"to": [10.25, 1, 13],
			"faces": {
				"north": {"uv": [10.25, 10.25, 10, 10.5], "texture": "#0"},
				"east": {"uv": [10, 10.25, 10.25, 13], "rotation": 90, "texture": "#0"},
				"south": {"uv": [10, 12.75, 10.25, 13], "texture": "#0"},
				"west": {"uv": [10, 10.25, 10.25, 13], "rotation": 270, "texture": "#0"},
				"up": {"uv": [10, 10.25, 10.25, 13], "texture": "#0"},
				"down": {"uv": [10, 13, 10.25, 10.25], "texture": "#0"}
			}
		},
		{
			"name": "Mosin-Nagant_48",
			"from": [8, 0, 10.5],
			"to": [8.25, 1, 11],
			"faces": {
				"north": {"uv": [8.25, 10.5, 8, 10.75], "texture": "#0"},
				"south": {"uv": [8, 10.75, 8.25, 11], "texture": "#0"},
				"west": {"uv": [8, 10.5, 8.25, 11], "rotation": 270, "texture": "#0"},
				"up": {"uv": [8, 10.5, 8.25, 11], "texture": "#0"},
				"down": {"uv": [8, 11, 8.25, 10.5], "texture": "#0"}
			}
		},
		{
			"name": "Mosin-Nagant_49",
			"from": [8.5, 0, 10.75],
			"to": [8.75, 1, 11.25],
			"faces": {
				"north": {"uv": [8.75, 10.75, 8.5, 11], "texture": "#0"},
				"south": {"uv": [8.5, 11, 8.75, 11.25], "texture": "#0"},
				"up": {"uv": [8.5, 10.75, 8.75, 11.25], "texture": "#0"},
				"down": {"uv": [8.5, 11.25, 8.75, 10.75], "texture": "#0"}
			}
		},
		{
			"name": "Mosin-Nagant_50",
			"from": [10.25, 0, 10.75],
			"to": [10.5, 1, 13.5],
			"faces": {
				"north": {"uv": [10.5, 10.75, 10.25, 11], "texture": "#0"},
				"east": {"uv": [10.25, 10.75, 10.5, 13.5], "rotation": 90, "texture": "#0"},
				"south": {"uv": [10.25, 13.25, 10.5, 13.5], "texture": "#0"},
				"west": {"uv": [10.25, 10.75, 10.5, 13.5], "rotation": 270, "texture": "#0"},
				"up": {"uv": [10.25, 10.75, 10.5, 13.5], "texture": "#0"},
				"down": {"uv": [10.25, 13.5, 10.5, 10.75], "texture": "#0"}
			}
		},
		{
			"name": "Mosin-Nagant_51",
			"from": [10.5, 0, 11.25],
			"to": [10.75, 1, 14],
			"faces": {
				"north": {"uv": [10.75, 11.25, 10.5, 11.5], "texture": "#0"},
				"east": {"uv": [10.5, 11.25, 10.75, 14], "rotation": 90, "texture": "#0"},
				"south": {"uv": [10.5, 13.75, 10.75, 14], "texture": "#0"},
				"west": {"uv": [10.5, 11.25, 10.75, 14], "rotation": 270, "texture": "#0"},
				"up": {"uv": [10.5, 11.25, 10.75, 14], "texture": "#0"},
				"down": {"uv": [10.5, 14, 10.75, 11.25], "texture": "#0"}
			}
		},
		{
			"name": "Mosin-Nagant_52",
			"from": [10.75, 0, 11.5],
			"to": [11, 1, 14.5],
			"faces": {
				"north": {"uv": [11, 11.5, 10.75, 11.75], "texture": "#0"},
				"east": {"uv": [10.75, 11.5, 11, 14.5], "rotation": 90, "texture": "#0"},
				"south": {"uv": [10.75, 14.25, 11, 14.5], "texture": "#0"},
				"west": {"uv": [10.75, 11.5, 11, 14.5], "rotation": 270, "texture": "#0"},
				"up": {"uv": [10.75, 11.5, 11, 14.5], "texture": "#0"},
				"down": {"uv": [10.75, 14.5, 11, 11.5], "texture": "#0"}
			}
		},
		{
			"name": "Mosin-Nagant_53",
			"from": [11, 0, 11.75],
			"to": [11.25, 1, 15],
			"faces": {
				"north": {"uv": [11.25, 11.75, 11, 12], "texture": "#0"},
				"east": {"uv": [11, 11.75, 11.25, 15], "rotation": 90, "texture": "#0"},
				"south": {"uv": [11, 14.75, 11.25, 15], "texture": "#0"},
				"west": {"uv": [11, 11.75, 11.25, 15], "rotation": 270, "texture": "#0"},
				"up": {"uv": [11, 11.75, 11.25, 15], "texture": "#0"},
				"down": {"uv": [11, 15, 11.25, 11.75], "texture": "#0"}
			}
		},
		{
			"name": "Mosin-Nagant_54",
			"from": [11.25, 0, 12],
			"to": [11.5, 1, 15.5],
			"faces": {
				"north": {"uv": [11.5, 12, 11.25, 12.25], "texture": "#0"},
				"east": {"uv": [11.25, 12, 11.5, 15.5], "rotation": 90, "texture": "#0"},
				"south": {"uv": [11.25, 15.25, 11.5, 15.5], "texture": "#0"},
				"west": {"uv": [11.25, 12, 11.5, 15.5], "rotation": 270, "texture": "#0"},
				"up": {"uv": [11.25, 12, 11.5, 15.5], "texture": "#0"},
				"down": {"uv": [11.25, 15.5, 11.5, 12], "texture": "#0"}
			}
		},
		{
			"name": "Mosin-Nagant_55",
			"from": [11.5, 0, 12.25],
			"to": [11.75, 1, 16],
			"faces": {
				"north": {"uv": [11.75, 12.25, 11.5, 12.5], "texture": "#0"},
				"east": {"uv": [11.5, 12.25, 11.75, 16], "rotation": 90, "texture": "#0"},
				"south": {"uv": [11.5, 15.75, 11.75, 16], "texture": "#0"},
				"west": {"uv": [11.5, 12.25, 11.75, 16], "rotation": 270, "texture": "#0"},
				"up": {"uv": [11.5, 12.25, 11.75, 16], "texture": "#0"},
				"down": {"uv": [11.5, 16, 11.75, 12.25], "texture": "#0"}
			}
		},
		{
			"name": "Mosin-Nagant_56",
			"from": [11.75, 0, 12.5],
			"to": [12, 1, 16],
			"faces": {
				"north": {"uv": [12, 12.5, 11.75, 12.75], "texture": "#0"},
				"east": {"uv": [11.75, 12.5, 12, 16], "rotation": 90, "texture": "#0"},
				"south": {"uv": [11.75, 15.75, 12, 16], "texture": "#0"},
				"up": {"uv": [11.75, 12.5, 12, 16], "texture": "#0"},
				"down": {"uv": [11.75, 16, 12, 12.5], "texture": "#0"}
			}
		},
		{
			"name": "Mosin-Nagant_57",
			"from": [12, 0, 12.75],
			"to": [12.25, 1, 16],
			"faces": {
				"north": {"uv": [12.25, 12.75, 12, 13], "texture": "#0"},
				"east": {"uv": [12, 12.75, 12.25, 16], "rotation": 90, "texture": "#0"},
				"south": {"uv": [12, 15.75, 12.25, 16], "texture": "#0"},
				"up": {"uv": [12, 12.75, 12.25, 16], "texture": "#0"},
				"down": {"uv": [12, 16, 12.25, 12.75], "texture": "#0"}
			}
		},
		{
			"name": "Mosin-Nagant_58",
			"from": [12.25, 0, 13],
			"to": [12.5, 1, 16],
			"faces": {
				"north": {"uv": [12.5, 13, 12.25, 13.25], "texture": "#0"},
				"east": {"uv": [12.25, 13, 12.5, 16], "rotation": 90, "texture": "#0"},
				"south": {"uv": [12.25, 15.75, 12.5, 16], "texture": "#0"},
				"up": {"uv": [12.25, 13, 12.5, 16], "texture": "#0"},
				"down": {"uv": [12.25, 16, 12.5, 13], "texture": "#0"}
			}
		},
		{
			"name": "Mosin-Nagant_59",
			"from": [12.5, 0, 13.25],
			"to": [12.75, 1, 16],
			"faces": {
				"north": {"uv": [12.75, 13.25, 12.5, 13.5], "texture": "#0"},
				"east": {"uv": [12.5, 13.25, 12.75, 16], "rotation": 90, "texture": "#0"},
				"south": {"uv": [12.5, 15.75, 12.75, 16], "texture": "#0"},
				"up": {"uv": [12.5, 13.25, 12.75, 16], "texture": "#0"},
				"down": {"uv": [12.5, 16, 12.75, 13.25], "texture": "#0"}
			}
		},
		{
			"name": "Mosin-Nagant_60",
			"from": [12.75, 0, 13.5],
			"to": [13, 1, 16],
			"faces": {
				"north": {"uv": [13, 13.5, 12.75, 13.75], "texture": "#0"},
				"east": {"uv": [12.75, 13.5, 13, 16], "rotation": 90, "texture": "#0"},
				"south": {"uv": [12.75, 15.75, 13, 16], "texture": "#0"},
				"up": {"uv": [12.75, 13.5, 13, 16], "texture": "#0"},
				"down": {"uv": [12.75, 16, 13, 13.5], "texture": "#0"}
			}
		},
		{
			"name": "Mosin-Nagant_61",
			"from": [13, 0, 13.75],
			"to": [13.25, 1, 15.75],
			"faces": {
				"north": {"uv": [13.25, 13.75, 13, 14], "texture": "#0"},
				"east": {"uv": [13, 13.75, 13.25, 15.75], "rotation": 90, "texture": "#0"},
				"south": {"uv": [13, 15.5, 13.25, 15.75], "texture": "#0"},
				"up": {"uv": [13, 13.75, 13.25, 15.75], "texture": "#0"},
				"down": {"uv": [13, 15.75, 13.25, 13.75], "texture": "#0"}
			}
		},
		{
			"name": "Mosin-Nagant_62",
			"from": [13.25, 0, 14],
			"to": [13.5, 1, 15.5],
			"faces": {
				"north": {"uv": [13.5, 14, 13.25, 14.25], "texture": "#0"},
				"east": {"uv": [13.25, 14, 13.5, 15.5], "rotation": 90, "texture": "#0"},
				"south": {"uv": [13.25, 15.25, 13.5, 15.5], "texture": "#0"},
				"up": {"uv": [13.25, 14, 13.5, 15.5], "texture": "#0"},
				"down": {"uv": [13.25, 15.5, 13.5, 14], "texture": "#0"}
			}
		},
		{
			"name": "Mosin-Nagant_63",
			"from": [13.5, 0, 14.25],
			"to": [13.75, 1, 15.5],
			"faces": {
				"north": {"uv": [13.75, 14.25, 13.5, 14.5], "texture": "#0"},
				"east": {"uv": [13.5, 14.25, 13.75, 15.5], "rotation": 90, "texture": "#0"},
				"south": {"uv": [13.5, 15.25, 13.75, 15.5], "texture": "#0"},
				"up": {"uv": [13.5, 14.25, 13.75, 15.5], "texture": "#0"},
				"down": {"uv": [13.5, 15.5, 13.75, 14.25], "texture": "#0"}
			}
		},
		{
			"name": "Mosin-Nagant_64",
			"from": [13.75, 0, 14.5],
			"to": [14, 1, 15.25],
			"faces": {
				"north": {"uv": [14, 14.5, 13.75, 14.75], "texture": "#0"},
				"east": {"uv": [13.75, 14.5, 14, 15.25], "rotation": 90, "texture": "#0"},
				"south": {"uv": [13.75, 15, 14, 15.25], "texture": "#0"},
				"up": {"uv": [13.75, 14.5, 14, 15.25], "texture": "#0"},
				"down": {"uv": [13.75, 15.25, 14, 14.5], "texture": "#0"}
			}
		},
		{
			"name": "Mosin-Nagant_65",
			"from": [14, 0, 14.75],
			"to": [14.25, 1, 15.25],
			"faces": {
				"north": {"uv": [14.25, 14.75, 14, 15], "texture": "#0"},
				"east": {"uv": [14, 14.75, 14.25, 15.25], "rotation": 90, "texture": "#0"},
				"south": {"uv": [14, 15, 14.25, 15.25], "texture": "#0"},
				"up": {"uv": [14, 14.75, 14.25, 15.25], "texture": "#0"},
				"down": {"uv": [14, 15.25, 14.25, 14.75], "texture": "#0"}
			}
		}
	],
	"display": {
		"thirdperson_righthand": {
			"rotation": [45, 0, 90],
			"translation": [-7.5, 2, 0]
		},
		"thirdperson_lefthand": {
			"rotation": [45, 0, -90],
			"translation": [7.5, 2, 0]
		},
		"firstperson_righthand": {
			"rotation": [55, 0, 90],
			"translation": [-6.25, 2.5, 0]
		},
		"firstperson_lefthand": {
			"rotation": [55, 0, -90],
			"translation": [8.75, 2.5, 0]
		},
		"ground": {
			"rotation": [90, 0, 90],
			"translation": [-4, 0, 0],
			"scale": [0.5, 0.5, 0.5]
		},
		"gui": {
			"rotation": [90, 0, 0],
			"translation": [0.5, 0.5, 0]
		},
		"head": {
			"rotation": [45, 0, 90],
			"translation": [-7.5, 8.25, -1.5]
		},
		"fixed": {
			"rotation": [90, 0, 0],
			"translation": [0, 0, 7]
		}
	},
	"groups": [
		{
			"name": "Mosin-Nagant",
			"origin": [8, 8, 8],
			"children": [0, 1, 2, 3, 4, 5, 6, 7, 8, 9, 10, 11, 12, 13, 14, 15, 16, 17, 18, 19, 20, 21, 22, 23, 24, 25, 26, 27, 28, 29, 30, 31, 32, 33, 34, 35, 36, 37, 38, 39, 40, 41, 42, 43, 44, 45, 46, 47, 48, 49, 50, 51, 52, 53, 54, 55, 56, 57, 58, 59, 60, 61, 62, 63, 64, 65]
		}
	]
}