{
	"credit": "Made with Blockbench",
	"textures": {
		"0": "gun_textures/mp5",
		"particle": "gun_textures/mp5"
	},
	"elements": [
		{
			"name": "MP5_0",
			"from": [3.75, 0, 1.5],
			"to": [4.25, 1, 2],
			"faces": {
				"north": {"uv": [4.25, 1.5, 3.75, 1.75], "texture": "#0"},
				"east": {"uv": [4, 1.5, 4.25, 2], "rotation": 90, "texture": "#0"},
				"south": {"uv": [3.75, 1.75, 4.25, 2], "texture": "#0"},
				"west": {"uv": [3.75, 1.5, 4, 2], "rotation": 270, "texture": "#0"},
				"up": {"uv": [3.75, 1.5, 4.25, 2], "texture": "#0"},
				"down": {"uv": [3.75, 2, 4.25, 1.5], "texture": "#0"}
			}
		},
		{
			"name": "MP5_1",
			"from": [1.75, 0, 1.75],
			"to": [2.25, 1, 2.5],
			"faces": {
				"north": {"uv": [2.25, 1.75, 1.75, 2], "texture": "#0"},
				"east": {"uv": [2, 1.75, 2.25, 2.5], "rotation": 90, "texture": "#0"},
				"south": {"uv": [1.75, 2.25, 2.25, 2.5], "texture": "#0"},
				"west": {"uv": [1.75, 1.75, 2, 2.5], "rotation": 270, "texture": "#0"},
				"up": {"uv": [1.75, 1.75, 2.25, 2.5], "texture": "#0"},
				"down": {"uv": [1.75, 2.5, 2.25, 1.75], "texture": "#0"}
			}
		},
		{
			"name": "MP5_2",
			"from": [3.5, 0, 1.75],
			"to": [3.75, 1, 5.25],
			"faces": {
				"north": {"uv": [3.75, 1.75, 3.5, 2], "texture": "#0"},
				"east": {"uv": [3.5, 1.75, 3.75, 5.25], "rotation": 90, "texture": "#0"},
				"south": {"uv": [3.5, 5, 3.75, 5.25], "texture": "#0"},
				"west": {"uv": [3.5, 1.75, 3.75, 5.25], "rotation": 270, "texture": "#0"},
				"up": {"uv": [3.5, 1.75, 3.75, 5.25], "texture": "#0"},
				"down": {"uv": [3.5, 5.25, 3.75, 1.75], "texture": "#0"}
			}
		},
		{
			"name": "MP5_3",
			"from": [1.5, 0, 2],
			"to": [1.75, 1, 2.25],
			"faces": {
				"north": {"uv": [1.75, 2, 1.5, 2.25], "texture": "#0"},
				"south": {"uv": [1.5, 2, 1.75, 2.25], "texture": "#0"},
				"west": {"uv": [1.5, 2, 1.75, 2.25], "rotation": 270, "texture": "#0"},
				"up": {"uv": [1.5, 2, 1.75, 2.25], "texture": "#0"},
				"down": {"uv": [1.5, 2.25, 1.75, 2], "texture": "#0"}
			}
		},
		{
			"name": "MP5_4",
			"from": [2.25, 0, 2],
			"to": [2.5, 1, 4],
			"faces": {
				"north": {"uv": [2.5, 2, 2.25, 2.25], "texture": "#0"},
				"east": {"uv": [2.25, 2, 2.5, 4], "rotation": 90, "texture": "#0"},
				"south": {"uv": [2.25, 3.75, 2.5, 4], "texture": "#0"},
				"west": {"uv": [2.25, 2, 2.5, 4], "rotation": 270, "texture": "#0"},
				"up": {"uv": [2.25, 2, 2.5, 4], "texture": "#0"},
				"down": {"uv": [2.25, 4, 2.5, 2], "texture": "#0"}
			}
		},
		{
			"name": "MP5_5",
			"from": [3, 0, 2],
			"to": [3.5, 1, 4.75],
			"faces": {
				"north": {"uv": [3.5, 2, 3, 2.25], "texture": "#0"},
				"south": {"uv": [3, 4.5, 3.5, 4.75], "texture": "#0"},
				"west": {"uv": [3, 2, 3.25, 4.75], "rotation": 270, "texture": "#0"},
				"up": {"uv": [3, 2, 3.5, 4.75], "texture": "#0"},
				"down": {"uv": [3, 4.75, 3.5, 2], "texture": "#0"}
			}
		},
		{
			"name": "MP5_6",
			"from": [3.75, 0, 2],
			"to": [4, 1, 2.25],
			"faces": {
				"east": {"uv": [3.75, 2, 4, 2.25], "rotation": 90, "texture": "#0"},
				"south": {"uv": [3.75, 2, 4, 2.25], "texture": "#0"},
				"up": {"uv": [3.75, 2, 4, 2.25], "texture": "#0"},
				"down": {"uv": [3.75, 2.25, 4, 2], "texture": "#0"}
			}
		},
		{
			"name": "MP5_7",
			"from": [2.5, 0, 2.25],
			"to": [3, 1, 4.25],
			"faces": {
				"north": {"uv": [3, 2.25, 2.5, 2.5], "texture": "#0"},
				"south": {"uv": [2.5, 4, 3, 4.25], "texture": "#0"},
				"west": {"uv": [2.5, 2.25, 2.75, 4.25], "rotation": 270, "texture": "#0"},
				"up": {"uv": [2.5, 2.25, 3, 4.25], "texture": "#0"},
				"down": {"uv": [2.5, 4.25, 3, 2.25], "texture": "#0"}
			}
		},
		{
			"name": "MP5_8",
			"from": [2, 0, 2.5],
			"to": [2.25, 1, 2.75],
			"faces": {
				"south": {"uv": [2, 2.5, 2.25, 2.75], "texture": "#0"},
				"west": {"uv": [2, 2.5, 2.25, 2.75], "rotation": 270, "texture": "#0"},
				"up": {"uv": [2, 2.5, 2.25, 2.75], "texture": "#0"},
				"down": {"uv": [2, 2.75, 2.25, 2.5], "texture": "#0"}
			}
		},
		{
			"name": "MP5_9",
			"from": [3.75, 0, 2.5],
			"to": [4, 1, 5.5],
			"faces": {
				"north": {"uv": [4, 2.5, 3.75, 2.75], "texture": "#0"},
				"east": {"uv": [3.75, 2.5, 4, 5.5], "rotation": 90, "texture": "#0"},
				"south": {"uv": [3.75, 5.25, 4, 5.5], "texture": "#0"},
				"west": {"uv": [3.75, 2.5, 4, 5.5], "rotation": 270, "texture": "#0"},
				"up": {"uv": [3.75, 2.5, 4, 5.5], "texture": "#0"},
				"down": {"uv": [3.75, 5.5, 4, 2.5], "texture": "#0"}
			}
		},
		{
			"name": "MP5_10",
			"from": [4.25, 0, 2.5],
			"to": [4.75, 1, 3],
			"faces": {
				"north": {"uv": [4.75, 2.5, 4.25, 2.75], "texture": "#0"},
				"east": {"uv": [4.5, 2.5, 4.75, 3], "rotation": 90, "texture": "#0"},
				"south": {"uv": [4.25, 2.75, 4.75, 3], "texture": "#0"},
				"west": {"uv": [4.25, 2.5, 4.5, 3], "rotation": 270, "texture": "#0"},
				"up": {"uv": [4.25, 2.5, 4.75, 3], "texture": "#0"},
				"down": {"uv": [4.25, 3, 4.75, 2.5], "texture": "#0"}
			}
		},
		{
			"name": "MP5_11",
			"from": [4, 0, 2.75],
			"to": [4.25, 1, 5.75],
			"faces": {
				"north": {"uv": [4.25, 2.75, 4, 3], "texture": "#0"},
				"south": {"uv": [4, 5.5, 4.25, 5.75], "texture": "#0"},
				"west": {"uv": [4, 2.75, 4.25, 5.75], "rotation": 270, "texture": "#0"},
				"up": {"uv": [4, 2.75, 4.25, 5.75], "texture": "#0"},
				"down": {"uv": [4, 5.75, 4.25, 2.75], "texture": "#0"}
			}
		},
		{
			"name": "MP5_12",
			"from": [2, 0, 3],
			"to": [2.25, 1, 3.75],
			"faces": {
				"north": {"uv": [2.25, 3, 2, 3.25], "texture": "#0"},
				"south": {"uv": [2, 3.5, 2.25, 3.75], "texture": "#0"},
				"west": {"uv": [2, 3, 2.25, 3.75], "rotation": 270, "texture": "#0"},
				"up": {"uv": [2, 3, 2.25, 3.75], "texture": "#0"},
				"down": {"uv": [2, 3.75, 2.25, 3], "texture": "#0"}
			}
		},
		{
			"name": "MP5_13",
			"from": [4.25, 0, 3],
			"to": [4.5, 1, 6],
			"faces": {
				"east": {"uv": [4.25, 3, 4.5, 6], "rotation": 90, "texture": "#0"},
				"south": {"uv": [4.25, 5.75, 4.5, 6], "texture": "#0"},
				"west": {"uv": [4.25, 3, 4.5, 6], "rotation": 270, "texture": "#0"},
				"up": {"uv": [4.25, 3, 4.5, 6], "texture": "#0"},
				"down": {"uv": [4.25, 6, 4.5, 3], "texture": "#0"}
			}
		},
		{
			"name": "MP5_14",
			"from": [4.5, 0, 3.25],
			"to": [4.75, 1, 6.25],
			"faces": {
				"north": {"uv": [4.75, 3.25, 4.5, 3.5], "texture": "#0"},
				"east": {"uv": [4.5, 3.25, 4.75, 6.25], "rotation": 90, "texture": "#0"},
				"south": {"uv": [4.5, 6, 4.75, 6.25], "texture": "#0"},
				"west": {"uv": [4.5, 3.25, 4.75, 6.25], "rotation": 270, "texture": "#0"},
				"up": {"uv": [4.5, 3.25, 4.75, 6.25], "texture": "#0"},
				"down": {"uv": [4.5, 6.25, 4.75, 3.25], "texture": "#0"}
			}
		},
		{
			"name": "MP5_15",
			"from": [4.75, 0, 3.5],
			"to": [5, 1, 6.5],
			"faces": {
				"north": {"uv": [5, 3.5, 4.75, 3.75], "texture": "#0"},
				"east": {"uv": [4.75, 3.5, 5, 6.5], "rotation": 90, "texture": "#0"},
				"south": {"uv": [4.75, 6.25, 5, 6.5], "texture": "#0"},
				"west": {"uv": [4.75, 3.5, 5, 6.5], "rotation": 270, "texture": "#0"},
				"up": {"uv": [4.75, 3.5, 5, 6.5], "texture": "#0"},
				"down": {"uv": [4.75, 6.5, 5, 3.5], "texture": "#0"}
			}
		},
		{
			"name": "MP5_16",
			"from": [5, 0, 3.75],
			"to": [5.25, 1, 6.75],
			"faces": {
				"north": {"uv": [5.25, 3.75, 5, 4], "texture": "#0"},
				"east": {"uv": [5, 3.75, 5.25, 6.75], "rotation": 90, "texture": "#0"},
				"south": {"uv": [5, 6.5, 5.25, 6.75], "texture": "#0"},
				"west": {"uv": [5, 3.75, 5.25, 6.75], "rotation": 270, "texture": "#0"},
				"up": {"uv": [5, 3.75, 5.25, 6.75], "texture": "#0"},
				"down": {"uv": [5, 6.75, 5.25, 3.75], "texture": "#0"}
			}
		},
		{
			"name": "MP5_17",
			"from": [5.25, 0, 4],
			"to": [5.5, 1, 7],
			"faces": {
				"north": {"uv": [5.5, 4, 5.25, 4.25], "texture": "#0"},
				"east": {"uv": [5.25, 4, 5.5, 7], "rotation": 90, "texture": "#0"},
				"south": {"uv": [5.25, 6.75, 5.5, 7], "texture": "#0"},
				"west": {"uv": [5.25, 4, 5.5, 7], "rotation": 270, "texture": "#0"},
				"up": {"uv": [5.25, 4, 5.5, 7], "texture": "#0"},
				"down": {"uv": [5.25, 7, 5.5, 4], "texture": "#0"}
			}
		},
		{
			"name": "MP5_18",
			"from": [2.75, 0, 4.25],
			"to": [3, 1, 4.5],
			"faces": {
				"south": {"uv": [2.75, 4.25, 3, 4.5], "texture": "#0"},
				"west": {"uv": [2.75, 4.25, 3, 4.5], "rotation": 270, "texture": "#0"},
				"up": {"uv": [2.75, 4.25, 3, 4.5], "texture": "#0"},
				"down": {"uv": [2.75, 4.5, 3, 4.25], "texture": "#0"}
			}
		},
		{
			"name": "MP5_19",
			"from": [5.5, 0, 4.25],
			"to": [5.75, 1, 8.75],
			"faces": {
				"north": {"uv": [5.75, 4.25, 5.5, 4.5], "texture": "#0"},
				"east": {"uv": [5.5, 4.25, 5.75, 8.75], "rotation": 90, "texture": "#0"},
				"south": {"uv": [5.5, 8.5, 5.75, 8.75], "texture": "#0"},
				"west": {"uv": [5.5, 4.25, 5.75, 8.75], "rotation": 270, "texture": "#0"},
				"up": {"uv": [5.5, 4.25, 5.75, 8.75], "texture": "#0"},
				"down": {"uv": [5.5, 8.75, 5.75, 4.25], "texture": "#0"}
			}
		},
		{
			"name": "MP5_20",
			"from": [5.75, 0, 4.5],
			"to": [6, 1, 8.75],
			"faces": {
				"north": {"uv": [6, 4.5, 5.75, 4.75], "texture": "#0"},
				"east": {"uv": [5.75, 4.5, 6, 8.75], "rotation": 90, "texture": "#0"},
				"south": {"uv": [5.75, 8.5, 6, 8.75], "texture": "#0"},
				"up": {"uv": [5.75, 4.5, 6, 8.75], "texture": "#0"},
				"down": {"uv": [5.75, 8.75, 6, 4.5], "texture": "#0"}
			}
		},
		{
			"name": "MP5_21",
			"from": [3.25, 0, 4.75],
			"to": [3.5, 1, 5],
			"faces": {
				"south": {"uv": [3.25, 4.75, 3.5, 5], "texture": "#0"},
				"west": {"uv": [3.25, 4.75, 3.5, 5], "rotation": 270, "texture": "#0"},
				"up": {"uv": [3.25, 4.75, 3.5, 5], "texture": "#0"},
				"down": {"uv": [3.25, 5, 3.5, 4.75], "texture": "#0"}
			}
		},
		{
			"name": "MP5_22",
			"from": [6, 0, 4.75],
			"to": [6.25, 1, 8.5],
			"faces": {
				"north": {"uv": [6.25, 4.75, 6, 5], "texture": "#0"},
				"east": {"uv": [6, 4.75, 6.25, 8.5], "rotation": 90, "texture": "#0"},
				"south": {"uv": [6, 8.25, 6.25, 8.5], "texture": "#0"},
				"up": {"uv": [6, 4.75, 6.25, 8.5], "texture": "#0"},
				"down": {"uv": [6, 8.5, 6.25, 4.75], "texture": "#0"}
			}
		},
		{
			"name": "MP5_23",
			"from": [6.25, 0, 5],
			"to": [6.5, 1, 9.25],
			"faces": {
				"north": {"uv": [6.5, 5, 6.25, 5.25], "texture": "#0"},
				"east": {"uv": [6.25, 5, 6.5, 9.25], "rotation": 90, "texture": "#0"},
				"south": {"uv": [6.25, 9, 6.5, 9.25], "texture": "#0"},
				"west": {"uv": [6.25, 5, 6.5, 9.25], "rotation": 270, "texture": "#0"},
				"up": {"uv": [6.25, 5, 6.5, 9.25], "texture": "#0"},
				"down": {"uv": [6.25, 9.25, 6.5, 5], "texture": "#0"}
			}
		},
		{
			"name": "MP5_24",
			"from": [6.5, 0, 5.25],
			"to": [6.75, 1, 10.25],
			"faces": {
				"north": {"uv": [6.75, 5.25, 6.5, 5.5], "texture": "#0"},
				"east": {"uv": [6.5, 5.25, 6.75, 10.25], "rotation": 90, "texture": "#0"},
				"south": {"uv": [6.5, 10, 6.75, 10.25], "texture": "#0"},
				"west": {"uv": [6.5, 5.25, 6.75, 10.25], "rotation": 270, "texture": "#0"},
				"up": {"uv": [6.5, 5.25, 6.75, 10.25], "texture": "#0"},
				"down": {"uv": [6.5, 10.25, 6.75, 5.25], "texture": "#0"}
			}
		},
		{
			"name": "MP5_25",
			"from": [6.75, 0, 5.5],
			"to": [7, 1, 9.5],
			"faces": {
				"north": {"uv": [7, 5.5, 6.75, 5.75], "texture": "#0"},
				"east": {"uv": [6.75, 5.5, 7, 9.5], "rotation": 90, "texture": "#0"},
				"south": {"uv": [6.75, 9.25, 7, 9.5], "texture": "#0"},
				"up": {"uv": [6.75, 5.5, 7, 9.5], "texture": "#0"},
				"down": {"uv": [6.75, 9.5, 7, 5.5], "texture": "#0"}
			}
		},
		{
			"name": "MP5_26",
			"from": [7, 0, 5.75],
			"to": [7.25, 1, 12.5],
			"faces": {
				"north": {"uv": [7.25, 5.75, 7, 6], "texture": "#0"},
				"east": {"uv": [7, 5.75, 7.25, 12.5], "rotation": 90, "texture": "#0"},
				"south": {"uv": [7, 12.25, 7.25, 12.5], "texture": "#0"},
				"west": {"uv": [7, 5.75, 7.25, 12.5], "rotation": 270, "texture": "#0"},
				"up": {"uv": [7, 5.75, 7.25, 12.5], "texture": "#0"},
				"down": {"uv": [7, 12.5, 7.25, 5.75], "texture": "#0"}
			}
		},
		{
			"name": "MP5_27",
			"from": [7.25, 0, 6],
			"to": [7.5, 1, 12.5],
			"faces": {
				"north": {"uv": [7.5, 6, 7.25, 6.25], "texture": "#0"},
				"east": {"uv": [7.25, 6, 7.5, 12.5], "rotation": 90, "texture": "#0"},
				"south": {"uv": [7.25, 12.25, 7.5, 12.5], "texture": "#0"},
				"up": {"uv": [7.25, 6, 7.5, 12.5], "texture": "#0"},
				"down": {"uv": [7.25, 12.5, 7.5, 6], "texture": "#0"}
			}
		},
		{
			"name": "MP5_28",
			"from": [7.5, 0, 6.25],
			"to": [7.75, 1, 12.25],
			"faces": {
				"north": {"uv": [7.75, 6.25, 7.5, 6.5], "texture": "#0"},
				"east": {"uv": [7.5, 6.25, 7.75, 12.25], "rotation": 90, "texture": "#0"},
				"south": {"uv": [7.5, 12, 7.75, 12.25], "texture": "#0"},
				"up": {"uv": [7.5, 6.25, 7.75, 12.25], "texture": "#0"},
				"down": {"uv": [7.5, 12.25, 7.75, 6.25], "texture": "#0"}
			}
		},
		{
			"name": "MP5_29",
			"from": [7.75, 0, 6.5],
			"to": [8, 1, 11.75],
			"faces": {
				"north": {"uv": [8, 6.5, 7.75, 6.75], "texture": "#0"},
				"east": {"uv": [7.75, 6.5, 8, 11.75], "rotation": 90, "texture": "#0"},
				"south": {"uv": [7.75, 11.5, 8, 11.75], "texture": "#0"},
				"up": {"uv": [7.75, 6.5, 8, 11.75], "texture": "#0"},
				"down": {"uv": [7.75, 11.75, 8, 6.5], "texture": "#0"}
			}
		},
		{
			"name": "MP5_30",
			"from": [8, 0, 6.75],
			"to": [8.25, 1, 10.75],
			"faces": {
				"north": {"uv": [8.25, 6.75, 8, 7], "texture": "#0"},
				"east": {"uv": [8, 6.75, 8.25, 10.75], "rotation": 90, "texture": "#0"},
				"south": {"uv": [8, 10.5, 8.25, 10.75], "texture": "#0"},
				"up": {"uv": [8, 6.75, 8.25, 10.75], "texture": "#0"},
				"down": {"uv": [8, 10.75, 8.25, 6.75], "texture": "#0"}
			}
		},
		{
			"name": "MP5_31",
			"from": [8.25, 0, 7],
			"to": [8.5, 1, 10.5],
			"faces": {
				"north": {"uv": [8.5, 7, 8.25, 7.25], "texture": "#0"},
				"east": {"uv": [8.25, 7, 8.5, 10.5], "rotation": 90, "texture": "#0"},
				"south": {"uv": [8.25, 10.25, 8.5, 10.5], "texture": "#0"},
				"up": {"uv": [8.25, 7, 8.5, 10.5], "texture": "#0"},
				"down": {"uv": [8.25, 10.5, 8.5, 7], "texture": "#0"}
			}
		},
		{
			"name": "MP5_32",
			"from": [5, 0, 7.25],
			"to": [5.5, 1, 9],
			"faces": {
				"north": {"uv": [5.5, 7.25, 5, 7.5], "texture": "#0"},
				"east": {"uv": [5.25, 7.25, 5.5, 9], "rotation": 90, "texture": "#0"},
				"south": {"uv": [5, 8.75, 5.5, 9], "texture": "#0"},
				"west": {"uv": [5, 7.25, 5.25, 9], "rotation": 270, "texture": "#0"},
				"up": {"uv": [5, 7.25, 5.5, 9], "texture": "#0"},
				"down": {"uv": [5, 9, 5.5, 7.25], "texture": "#0"}
			}
		},
		{
			"name": "MP5_33",
			"from": [8.5, 0, 7.25],
			"to": [8.75, 1, 10.25],
			"faces": {
				"north": {"uv": [8.75, 7.25, 8.5, 7.5], "texture": "#0"},
				"east": {"uv": [8.5, 7.25, 8.75, 10.25], "rotation": 90, "texture": "#0"},
				"south": {"uv": [8.5, 10, 8.75, 10.25], "texture": "#0"},
				"up": {"uv": [8.5, 7.25, 8.75, 10.25], "texture": "#0"},
				"down": {"uv": [8.5, 10.25, 8.75, 7.25], "texture": "#0"}
			}
		},
		{
			"name": "MP5_34",
			"from": [4.5, 0, 7.5],
			"to": [5, 1, 9.25],
			"faces": {
				"north": {"uv": [5, 7.5, 4.5, 7.75], "texture": "#0"},
				"east": {"uv": [4.75, 7.5, 5, 9.25], "rotation": 90, "texture": "#0"},
				"south": {"uv": [4.5, 9, 5, 9.25], "texture": "#0"},
				"west": {"uv": [4.5, 7.5, 4.75, 9.25], "rotation": 270, "texture": "#0"},
				"up": {"uv": [4.5, 7.5, 5, 9.25], "texture": "#0"},
				"down": {"uv": [4.5, 9.25, 5, 7.5], "texture": "#0"}
			}
		},
		{
			"name": "MP5_35",
			"from": [8.75, 0, 7.5],
			"to": [9, 1, 10.25],
			"faces": {
				"north": {"uv": [9, 7.5, 8.75, 7.75], "texture": "#0"},
				"east": {"uv": [8.75, 7.5, 9, 10.25], "rotation": 90, "texture": "#0"},
				"south": {"uv": [8.75, 10, 9, 10.25], "texture": "#0"},
				"up": {"uv": [8.75, 7.5, 9, 10.25], "texture": "#0"},
				"down": {"uv": [8.75, 10.25, 9, 7.5], "texture": "#0"}
			}
		},
		{
			"name": "MP5_36",
			"from": [4, 0, 7.75],
			"to": [4.5, 1, 9.5],
			"faces": {
				"north": {"uv": [4.5, 7.75, 4, 8], "texture": "#0"},
				"east": {"uv": [4.25, 7.75, 4.5, 9.5], "rotation": 90, "texture": "#0"},
				"south": {"uv": [4, 9.25, 4.5, 9.5], "texture": "#0"},
				"west": {"uv": [4, 7.75, 4.25, 9.5], "rotation": 270, "texture": "#0"},
				"up": {"uv": [4, 7.75, 4.5, 9.5], "texture": "#0"},
				"down": {"uv": [4, 9.5, 4.5, 7.75], "texture": "#0"}
			}
		},
		{
			"name": "MP5_37",
			"from": [9, 0, 7.75],
			"to": [10, 1, 10.5],
			"faces": {
				"north": {"uv": [10, 7.75, 9, 8], "texture": "#0"},
				"east": {"uv": [9.75, 7.75, 10, 10.5], "rotation": 90, "texture": "#0"},
				"south": {"uv": [9, 10.25, 10, 10.5], "texture": "#0"},
				"west": {"uv": [9, 7.75, 9.25, 10.5], "rotation": 270, "texture": "#0"},
				"up": {"uv": [9, 7.75, 10, 10.5], "texture": "#0"},
				"down": {"uv": [9, 10.5, 10, 7.75], "texture": "#0"}
			}
		},
		{
			"name": "MP5_38",
			"from": [3.5, 0, 8],
			"to": [4, 1, 9.75],
			"faces": {
				"north": {"uv": [4, 8, 3.5, 8.25], "texture": "#0"},
				"east": {"uv": [3.75, 8, 4, 9.75], "rotation": 90, "texture": "#0"},
				"south": {"uv": [3.5, 9.5, 4, 9.75], "texture": "#0"},
				"west": {"uv": [3.5, 8, 3.75, 9.75], "rotation": 270, "texture": "#0"},
				"up": {"uv": [3.5, 8, 4, 9.75], "texture": "#0"},
				"down": {"uv": [3.5, 9.75, 4, 8], "texture": "#0"}
			}
		},
		{
			"name": "MP5_39",
			"from": [10, 0, 8],
			"to": [10.25, 1, 11.25],
			"faces": {
				"north": {"uv": [10.25, 8, 10, 8.25], "texture": "#0"},
				"east": {"uv": [10, 8, 10.25, 11.25], "rotation": 90, "texture": "#0"},
				"south": {"uv": [10, 11, 10.25, 11.25], "texture": "#0"},
				"up": {"uv": [10, 8, 10.25, 11.25], "texture": "#0"},
				"down": {"uv": [10, 11.25, 10.25, 8], "texture": "#0"}
			}
		},
		{
			"name": "MP5_40",
			"from": [3, 0, 8.25],
			"to": [3.5, 1, 10],
			"faces": {
				"north": {"uv": [3.5, 8.25, 3, 8.5], "texture": "#0"},
				"east": {"uv": [3.25, 8.25, 3.5, 10], "rotation": 90, "texture": "#0"},
				"south": {"uv": [3, 9.75, 3.5, 10], "texture": "#0"},
				"west": {"uv": [3, 8.25, 3.25, 10], "rotation": 270, "texture": "#0"},
				"up": {"uv": [3, 8.25, 3.5, 10], "texture": "#0"},
				"down": {"uv": [3, 10, 3.5, 8.25], "texture": "#0"}
			}
		},
		{
			"name": "MP5_41",
			"from": [10.25, 0, 8.25],
			"to": [10.5, 1, 8.75],
			"faces": {
				"north": {"uv": [10.5, 8.25, 10.25, 8.5], "texture": "#0"},
				"east": {"uv": [10.25, 8.25, 10.5, 8.75], "rotation": 90, "texture": "#0"},
				"south": {"uv": [10.25, 8.5, 10.5, 8.75], "texture": "#0"},
				"up": {"uv": [10.25, 8.25, 10.5, 8.75], "texture": "#0"},
				"down": {"uv": [10.25, 8.75, 10.5, 8.25], "texture": "#0"}
			}
		},
		{
			"name": "MP5_42",
			"from": [2.5, 0, 8.5],
			"to": [3, 1, 9.25],
			"faces": {
				"north": {"uv": [3, 8.5, 2.5, 8.75], "texture": "#0"},
				"south": {"uv": [2.5, 9, 3, 9.25], "texture": "#0"},
				"west": {"uv": [2.5, 8.5, 2.75, 9.25], "rotation": 270, "texture": "#0"},
				"up": {"uv": [2.5, 8.5, 3, 9.25], "texture": "#0"},
				"down": {"uv": [2.5, 9.25, 3, 8.5], "texture": "#0"}
			}
		},
		{
			"name": "MP5_43",
			"from": [6, 0, 9],
			"to": [6.25, 1, 9.75],
			"faces": {
				"north": {"uv": [6.25, 9, 6, 9.25], "texture": "#0"},
				"east": {"uv": [6, 9, 6.25, 9.75], "rotation": 90, "texture": "#0"},
				"south": {"uv": [6, 9.5, 6.25, 9.75], "texture": "#0"},
				"west": {"uv": [6, 9, 6.25, 9.75], "rotation": 270, "texture": "#0"},
				"up": {"uv": [6, 9, 6.25, 9.75], "texture": "#0"},
				"down": {"uv": [6, 9.75, 6.25, 9], "texture": "#0"}
			}
		},
		{
			"name": "MP5_44",
			"from": [10.25, 0, 9],
			"to": [10.5, 1, 11.5],
			"faces": {
				"north": {"uv": [10.5, 9, 10.25, 9.25], "texture": "#0"},
				"east": {"uv": [10.25, 9, 10.5, 11.5], "rotation": 90, "texture": "#0"},
				"south": {"uv": [10.25, 11.25, 10.5, 11.5], "texture": "#0"},
				"west": {"uv": [10.25, 9, 10.5, 11.5], "rotation": 270, "texture": "#0"},
				"up": {"uv": [10.25, 9, 10.5, 11.5], "texture": "#0"},
				"down": {"uv": [10.25, 11.5, 10.5, 9], "texture": "#0"}
			}
		},
		{
			"name": "MP5_45",
			"from": [2.75, 0, 9.25],
			"to": [3, 1, 9.75],
			"faces": {
				"south": {"uv": [2.75, 9.5, 3, 9.75], "texture": "#0"},
				"west": {"uv": [2.75, 9.25, 3, 9.75], "rotation": 270, "texture": "#0"},
				"up": {"uv": [2.75, 9.25, 3, 9.75], "texture": "#0"},
				"down": {"uv": [2.75, 9.75, 3, 9.25], "texture": "#0"}
			}
		},
		{
			"name": "MP5_46",
			"from": [10.5, 0, 9.25],
			"to": [10.75, 1, 11.75],
			"faces": {
				"north": {"uv": [10.75, 9.25, 10.5, 9.5], "texture": "#0"},
				"east": {"uv": [10.5, 9.25, 10.75, 11.75], "rotation": 90, "texture": "#0"},
				"south": {"uv": [10.5, 11.5, 10.75, 11.75], "texture": "#0"},
				"west": {"uv": [10.5, 9.25, 10.75, 11.75], "rotation": 270, "texture": "#0"},
				"up": {"uv": [10.5, 9.25, 10.75, 11.75], "texture": "#0"},
				"down": {"uv": [10.5, 11.75, 10.75, 9.25], "texture": "#0"}
			}
		},
		{
			"name": "MP5_47",
			"from": [6.25, 0, 9.5],
			"to": [6.5, 1, 10],
			"faces": {
				"north": {"uv": [6.5, 9.5, 6.25, 9.75], "texture": "#0"},
				"south": {"uv": [6.25, 9.75, 6.5, 10], "texture": "#0"},
				"west": {"uv": [6.25, 9.5, 6.5, 10], "rotation": 270, "texture": "#0"},
				"up": {"uv": [6.25, 9.5, 6.5, 10], "texture": "#0"},
				"down": {"uv": [6.25, 10, 6.5, 9.5], "texture": "#0"}
			}
		},
		{
			"name": "MP5_48",
			"from": [6.75, 0, 10],
			"to": [7, 1, 10.5],
			"faces": {
				"north": {"uv": [7, 10, 6.75, 10.25], "texture": "#0"},
				"south": {"uv": [6.75, 10.25, 7, 10.5], "texture": "#0"},
				"west": {"uv": [6.75, 10, 7, 10.5], "rotation": 270, "texture": "#0"},
				"up": {"uv": [6.75, 10, 7, 10.5], "texture": "#0"},
				"down": {"uv": [6.75, 10.5, 7, 10], "texture": "#0"}
			}
		},
		{
			"name": "MP5_49",
			"from": [9.25, 0, 10.5],
			"to": [10, 1, 10.75],
			"faces": {
				"south": {"uv": [9.25, 10.5, 10, 10.75], "texture": "#0"},
				"west": {"uv": [9.25, 10.5, 9.5, 10.75], "rotation": 270, "texture": "#0"},
				"up": {"uv": [9.25, 10.5, 10, 10.75], "texture": "#0"},
				"down": {"uv": [9.25, 10.75, 10, 10.5], "texture": "#0"}
			}
		},
		{
			"name": "MP5_50",
			"from": [10.75, 0, 10.5],
			"to": [11, 1, 13.5],
			"faces": {
				"north": {"uv": [11, 10.5, 10.75, 10.75], "texture": "#0"},
				"east": {"uv": [10.75, 10.5, 11, 13.5], "rotation": 90, "texture": "#0"},
				"south": {"uv": [10.75, 13.25, 11, 13.5], "texture": "#0"},
				"west": {"uv": [10.75, 10.5, 11, 13.5], "rotation": 270, "texture": "#0"},
				"up": {"uv": [10.75, 10.5, 11, 13.5], "texture": "#0"},
				"down": {"uv": [10.75, 13.5, 11, 10.5], "texture": "#0"}
			}
		},
		{
			"name": "MP5_51",
			"from": [6.75, 0, 10.75],
			"to": [7, 1, 12.25],
			"faces": {
				"north": {"uv": [7, 10.75, 6.75, 11], "texture": "#0"},
				"south": {"uv": [6.75, 12, 7, 12.25], "texture": "#0"},
				"west": {"uv": [6.75, 10.75, 7, 12.25], "rotation": 270, "texture": "#0"},
				"up": {"uv": [6.75, 10.75, 7, 12.25], "texture": "#0"},
				"down": {"uv": [6.75, 12.25, 7, 10.75], "texture": "#0"}
			}
		},
		{
			"name": "MP5_52",
			"from": [9.5, 0, 10.75],
			"to": [10, 1, 11],
			"faces": {
				"south": {"uv": [9.5, 10.75, 10, 11], "texture": "#0"},
				"west": {"uv": [9.5, 10.75, 9.75, 11], "rotation": 270, "texture": "#0"},
				"up": {"uv": [9.5, 10.75, 10, 11], "texture": "#0"},
				"down": {"uv": [9.5, 11, 10, 10.75], "texture": "#0"}
			}
		},
		{
			"name": "MP5_53",
			"from": [11, 0, 10.75],
			"to": [11.25, 1, 13.25],
			"faces": {
				"north": {"uv": [11.25, 10.75, 11, 11], "texture": "#0"},
				"east": {"uv": [11, 10.75, 11.25, 13.25], "rotation": 90, "texture": "#0"},
				"south": {"uv": [11, 13, 11.25, 13.25], "texture": "#0"},
				"up": {"uv": [11, 10.75, 11.25, 13.25], "texture": "#0"},
				"down": {"uv": [11, 13.25, 11.25, 10.75], "texture": "#0"}
			}
		},
		{
			"name": "MP5_54",
			"from": [9.75, 0, 11],
			"to": [10, 1, 11.25],
			"faces": {
				"south": {"uv": [9.75, 11, 10, 11.25], "texture": "#0"},
				"west": {"uv": [9.75, 11, 10, 11.25], "rotation": 270, "texture": "#0"},
				"up": {"uv": [9.75, 11, 10, 11.25], "texture": "#0"},
				"down": {"uv": [9.75, 11.25, 10, 11], "texture": "#0"}
			}
		},
		{
			"name": "MP5_55",
			"from": [11.25, 0, 11],
			"to": [11.5, 1, 13],
			"faces": {
				"north": {"uv": [11.5, 11, 11.25, 11.25], "texture": "#0"},
				"east": {"uv": [11.25, 11, 11.5, 13], "rotation": 90, "texture": "#0"},
				"south": {"uv": [11.25, 12.75, 11.5, 13], "texture": "#0"},
				"up": {"uv": [11.25, 11, 11.5, 13], "texture": "#0"},
				"down": {"uv": [11.25, 13, 11.5, 11], "texture": "#0"}
			}
		},
		{
			"name": "MP5_56",
			"from": [11.5, 0, 11.25],
			"to": [12, 1, 12.5],
			"faces": {
				"north": {"uv": [12, 11.25, 11.5, 11.5], "texture": "#0"},
				"east": {"uv": [11.75, 11.25, 12, 12.5], "rotation": 90, "texture": "#0"},
				"south": {"uv": [11.5, 12.25, 12, 12.5], "texture": "#0"},
				"up": {"uv": [11.5, 11.25, 12, 12.5], "texture": "#0"},
				"down": {"uv": [11.5, 12.5, 12, 11.25], "texture": "#0"}
			}
		},
		{
			"name": "MP5_57",
			"from": [6.5, 0, 11.5],
			"to": [6.75, 1, 12.25],
			"faces": {
				"north": {"uv": [6.75, 11.5, 6.5, 11.75], "texture": "#0"},
				"south": {"uv": [6.5, 12, 6.75, 12.25], "texture": "#0"},
				"west": {"uv": [6.5, 11.5, 6.75, 12.25], "rotation": 270, "texture": "#0"},
				"up": {"uv": [6.5, 11.5, 6.75, 12.25], "texture": "#0"},
				"down": {"uv": [6.5, 12.25, 6.75, 11.5], "texture": "#0"}
			}
		},
		{
			"name": "MP5_58",
			"from": [12, 0, 11.5],
			"to": [12.25, 1, 12.25],
			"faces": {
				"north": {"uv": [12.25, 11.5, 12, 11.75], "texture": "#0"},
				"east": {"uv": [12, 11.5, 12.25, 12.25], "rotation": 90, "texture": "#0"},
				"south": {"uv": [12, 12, 12.25, 12.25], "texture": "#0"},
				"up": {"uv": [12, 11.5, 12.25, 12.25], "texture": "#0"},
				"down": {"uv": [12, 12.25, 12.25, 11.5], "texture": "#0"}
			}
		},
		{
			"name": "MP5_59",
			"from": [12.25, 0, 11.75],
			"to": [12.5, 1, 12],
			"faces": {
				"north": {"uv": [12.5, 11.75, 12.25, 12], "texture": "#0"},
				"east": {"uv": [12.25, 11.75, 12.5, 12], "rotation": 90, "texture": "#0"},
				"south": {"uv": [12.25, 11.75, 12.5, 12], "texture": "#0"},
				"up": {"uv": [12.25, 11.75, 12.5, 12], "texture": "#0"},
				"down": {"uv": [12.25, 12, 12.5, 11.75], "texture": "#0"}
			}
		},
		{
			"name": "MP5_60",
			"from": [10.5, 0, 12.25],
			"to": [10.75, 1, 13.75],
			"faces": {
				"north": {"uv": [10.75, 12.25, 10.5, 12.5], "texture": "#0"},
				"east": {"uv": [10.5, 12.25, 10.75, 13.75], "rotation": 90, "texture": "#0"},
				"south": {"uv": [10.5, 13.5, 10.75, 13.75], "texture": "#0"},
				"west": {"uv": [10.5, 12.25, 10.75, 13.75], "rotation": 270, "texture": "#0"},
				"up": {"uv": [10.5, 12.25, 10.75, 13.75], "texture": "#0"},
				"down": {"uv": [10.5, 13.75, 10.75, 12.25], "texture": "#0"}
			}
		},
		{
			"name": "MP5_61",
			"from": [10.25, 0, 12.5],
			"to": [10.5, 1, 14],
			"faces": {
				"north": {"uv": [10.5, 12.5, 10.25, 12.75], "texture": "#0"},
				"east": {"uv": [10.25, 12.5, 10.5, 14], "rotation": 90, "texture": "#0"},
				"south": {"uv": [10.25, 13.75, 10.5, 14], "texture": "#0"},
				"west": {"uv": [10.25, 12.5, 10.5, 14], "rotation": 270, "texture": "#0"},
				"up": {"uv": [10.25, 12.5, 10.5, 14], "texture": "#0"},
				"down": {"uv": [10.25, 14, 10.5, 12.5], "texture": "#0"}
			}
		},
		{
			"name": "MP5_62",
			"from": [11.5, 0, 12.5],
			"to": [11.75, 1, 12.75],
			"faces": {
				"east": {"uv": [11.5, 12.5, 11.75, 12.75], "rotation": 90, "texture": "#0"},
				"south": {"uv": [11.5, 12.5, 11.75, 12.75], "texture": "#0"},
				"up": {"uv": [11.5, 12.5, 11.75, 12.75], "texture": "#0"},
				"down": {"uv": [11.5, 12.75, 11.75, 12.5], "texture": "#0"}
			}
		},
		{
			"name": "MP5_63",
			"from": [10, 0, 13],
			"to": [10.25, 1, 14],
			"faces": {
				"north": {"uv": [10.25, 13, 10, 13.25], "texture": "#0"},
				"south": {"uv": [10, 13.75, 10.25, 14], "texture": "#0"},
				"west": {"uv": [10, 13, 10.25, 14], "rotation": 270, "texture": "#0"},
				"up": {"uv": [10, 13, 10.25, 14], "texture": "#0"},
				"down": {"uv": [10, 14, 10.25, 13], "texture": "#0"}
			}
		},
		{
			"name": "MP5_64",
			"from": [9.75, 0, 13.5],
			"to": [10, 1, 13.75],
			"faces": {
				"north": {"uv": [10, 13.5, 9.75, 13.75], "texture": "#0"},
				"south": {"uv": [9.75, 13.5, 10, 13.75], "texture": "#0"},
				"west": {"uv": [9.75, 13.5, 10, 13.75], "rotation": 270, "texture": "#0"},
				"up": {"uv": [9.75, 13.5, 10, 13.75], "texture": "#0"},
				"down": {"uv": [9.75, 13.75, 10, 13.5], "texture": "#0"}
			}
		}
	],
	"display": {
		"thirdperson_righthand": {
			"rotation": [45, 0, 90],
			"translation": [-7.5, 2, 0.25]
		},
		"thirdperson_lefthand": {
			"rotation": [45, 0, -90],
			"translation": [7.5, 2, 0.25]
		},
		"firstperson_righthand": {
			"rotation": [55, 0, 90],
			"translation": [-6.25, 2.5, 0]
		},
		"firstperson_lefthand": {
			"rotation": [55, 0, -90],
			"translation": [8.75, 2.5, 0]
		},
		"ground": {
			"rotation": [90, 0, 90],
			"translation": [-4, 0, 0],
			"scale": [0.5, 0.5, 0.5]
		},
		"gui": {
			"rotation": [90, 0, 0],
			"translation": [0.5, 0.5, 0]
		},
		"head": {
			"rotation": [45, 0, 90],
			"translation": [-7.5, 8.25, -1.5]
		},
		"fixed": {
			"rotation": [90, 0, 0],
			"translation": [0, 0, 7]
		}
	},
	"groups": [
		{
			"name": "MP5",
			"origin": [8, 8, 8],
			"children": [0, 1, 2, 3, 4, 5, 6, 7, 8, 9, 10, 11, 12, 13, 14, 15, 16, 17, 18, 19, 20, 21, 22, 23, 24, 25, 26, 27, 28, 29, 30, 31, 32, 33, 34, 35, 36, 37, 38, 39, 40, 41, 42, 43, 44, 45, 46, 47, 48, 49, 50, 51, 52, 53, 54, 55, 56, 57, 58, 59, 60, 61, 62, 63, 64]
		}
	]
}