{
	"credit": "Made with Blockbench",
	"textures": {
		"0": "gun_textures/p226",
		"particle": "gun_textures/p226"
	},
	"elements": [
		{
			"name": "P226_0",
			"from": [5, 0, 3.75],
			"to": [5.75, 1, 6.25],
			"faces": {
				"north": {"uv": [5.75, 3.75, 5, 4], "texture": "#0"},
				"east": {"uv": [5.5, 3.75, 5.75, 6.25], "rotation": 90, "texture": "#0"},
				"south": {"uv": [5, 6, 5.75, 6.25], "texture": "#0"},
				"west": {"uv": [5, 3.75, 5.25, 6.25], "rotation": 270, "texture": "#0"},
				"up": {"uv": [5, 3.75, 5.75, 6.25], "texture": "#0"},
				"down": {"uv": [5, 6.25, 5.75, 3.75], "texture": "#0"}
			}
		},
		{
			"name": "P226_1",
			"from": [4.75, 0, 4],
			"to": [5, 1, 6],
			"faces": {
				"north": {"uv": [5, 4, 4.75, 4.25], "texture": "#0"},
				"south": {"uv": [4.75, 5.75, 5, 6], "texture": "#0"},
				"west": {"uv": [4.75, 4, 5, 6], "rotation": 270, "texture": "#0"},
				"up": {"uv": [4.75, 4, 5, 6], "texture": "#0"},
				"down": {"uv": [4.75, 6, 5, 4], "texture": "#0"}
			}
		},
		{
			"name": "P226_2",
			"from": [5.75, 0, 4],
			"to": [6, 1, 7.5],
			"faces": {
				"north": {"uv": [6, 4, 5.75, 4.25], "texture": "#0"},
				"east": {"uv": [5.75, 4, 6, 7.5], "rotation": 90, "texture": "#0"},
				"south": {"uv": [5.75, 7.25, 6, 7.5], "texture": "#0"},
				"west": {"uv": [5.75, 4, 6, 7.5], "rotation": 270, "texture": "#0"},
				"up": {"uv": [5.75, 4, 6, 7.5], "texture": "#0"},
				"down": {"uv": [5.75, 7.5, 6, 4], "texture": "#0"}
			}
		},
		{
			"name": "P226_3",
			"from": [4.5, 0, 4.25],
			"to": [4.75, 1, 5.75],
			"faces": {
				"north": {"uv": [4.75, 4.25, 4.5, 4.5], "texture": "#0"},
				"south": {"uv": [4.5, 5.5, 4.75, 5.75], "texture": "#0"},
				"west": {"uv": [4.5, 4.25, 4.75, 5.75], "rotation": 270, "texture": "#0"},
				"up": {"uv": [4.5, 4.25, 4.75, 5.75], "texture": "#0"},
				"down": {"uv": [4.5, 5.75, 4.75, 4.25], "texture": "#0"}
			}
		},
		{
			"name": "P226_4",
			"from": [6, 0, 4.5],
			"to": [6.25, 1, 7.5],
			"faces": {
				"north": {"uv": [6.25, 4.5, 6, 4.75], "texture": "#0"},
				"east": {"uv": [6, 4.5, 6.25, 7.5], "rotation": 90, "texture": "#0"},
				"south": {"uv": [6, 7.25, 6.25, 7.5], "texture": "#0"},
				"up": {"uv": [6, 4.5, 6.25, 7.5], "texture": "#0"},
				"down": {"uv": [6, 7.5, 6.25, 4.5], "texture": "#0"}
			}
		},
		{
			"name": "P226_5",
			"from": [4.25, 0, 4.75],
			"to": [4.5, 1, 5.5],
			"faces": {
				"north": {"uv": [4.5, 4.75, 4.25, 5], "texture": "#0"},
				"south": {"uv": [4.25, 5.25, 4.5, 5.5], "texture": "#0"},
				"west": {"uv": [4.25, 4.75, 4.5, 5.5], "rotation": 270, "texture": "#0"},
				"up": {"uv": [4.25, 4.75, 4.5, 5.5], "texture": "#0"},
				"down": {"uv": [4.25, 5.5, 4.5, 4.75], "texture": "#0"}
			}
		},
		{
			"name": "P226_6",
			"from": [6.25, 0, 4.75],
			"to": [6.5, 1, 7.5],
			"faces": {
				"north": {"uv": [6.5, 4.75, 6.25, 5], "texture": "#0"},
				"east": {"uv": [6.25, 4.75, 6.5, 7.5], "rotation": 90, "texture": "#0"},
				"south": {"uv": [6.25, 7.25, 6.5, 7.5], "texture": "#0"},
				"up": {"uv": [6.25, 4.75, 6.5, 7.5], "texture": "#0"},
				"down": {"uv": [6.25, 7.5, 6.5, 4.75], "texture": "#0"}
			}
		},
		{
			"name": "P226_7",
			"from": [6.5, 0, 5],
			"to": [6.75, 1, 8.25],
			"faces": {
				"north": {"uv": [6.75, 5, 6.5, 5.25], "texture": "#0"},
				"east": {"uv": [6.5, 5, 6.75, 8.25], "rotation": 90, "texture": "#0"},
				"south": {"uv": [6.5, 8, 6.75, 8.25], "texture": "#0"},
				"west": {"uv": [6.5, 5, 6.75, 8.25], "rotation": 270, "texture": "#0"},
				"up": {"uv": [6.5, 5, 6.75, 8.25], "texture": "#0"},
				"down": {"uv": [6.5, 8.25, 6.75, 5], "texture": "#0"}
			}
		},
		{
			"name": "P226_8",
			"from": [6.75, 0, 5.25],
			"to": [7, 1, 8],
			"faces": {
				"north": {"uv": [7, 5.25, 6.75, 5.5], "texture": "#0"},
				"east": {"uv": [6.75, 5.25, 7, 8], "rotation": 90, "texture": "#0"},
				"south": {"uv": [6.75, 7.75, 7, 8], "texture": "#0"},
				"up": {"uv": [6.75, 5.25, 7, 8], "texture": "#0"},
				"down": {"uv": [6.75, 8, 7, 5.25], "texture": "#0"}
			}
		},
		{
			"name": "P226_9",
			"from": [7, 0, 5.5],
			"to": [7.25, 1, 8.25],
			"faces": {
				"north": {"uv": [7.25, 5.5, 7, 5.75], "texture": "#0"},
				"east": {"uv": [7, 5.5, 7.25, 8.25], "rotation": 90, "texture": "#0"},
				"south": {"uv": [7, 8, 7.25, 8.25], "texture": "#0"},
				"west": {"uv": [7, 5.5, 7.25, 8.25], "rotation": 270, "texture": "#0"},
				"up": {"uv": [7, 5.5, 7.25, 8.25], "texture": "#0"},
				"down": {"uv": [7, 8.25, 7.25, 5.5], "texture": "#0"}
			}
		},
		{
			"name": "P226_10",
			"from": [7.25, 0, 5.75],
			"to": [7.5, 1, 13.25],
			"faces": {
				"north": {"uv": [7.5, 5.75, 7.25, 6], "texture": "#0"},
				"east": {"uv": [7.25, 5.75, 7.5, 13.25], "rotation": 90, "texture": "#0"},
				"south": {"uv": [7.25, 13, 7.5, 13.25], "texture": "#0"},
				"west": {"uv": [7.25, 5.75, 7.5, 13.25], "rotation": 270, "texture": "#0"},
				"up": {"uv": [7.25, 5.75, 7.5, 13.25], "texture": "#0"},
				"down": {"uv": [7.25, 13.25, 7.5, 5.75], "texture": "#0"}
			}
		},
		{
			"name": "P226_11",
			"from": [7.5, 0, 6],
			"to": [7.75, 1, 13],
			"faces": {
				"north": {"uv": [7.75, 6, 7.5, 6.25], "texture": "#0"},
				"east": {"uv": [7.5, 6, 7.75, 13], "rotation": 90, "texture": "#0"},
				"south": {"uv": [7.5, 12.75, 7.75, 13], "texture": "#0"},
				"up": {"uv": [7.5, 6, 7.75, 13], "texture": "#0"},
				"down": {"uv": [7.5, 13, 7.75, 6], "texture": "#0"}
			}
		},
		{
			"name": "P226_12",
			"from": [5.25, 0, 6.25],
			"to": [5.75, 1, 6.5],
			"faces": {
				"south": {"uv": [5.25, 6.25, 5.75, 6.5], "texture": "#0"},
				"west": {"uv": [5.25, 6.25, 5.5, 6.5], "rotation": 270, "texture": "#0"},
				"up": {"uv": [5.25, 6.25, 5.75, 6.5], "texture": "#0"},
				"down": {"uv": [5.25, 6.5, 5.75, 6.25], "texture": "#0"}
			}
		},
		{
			"name": "P226_13",
			"from": [7.75, 0, 6.25],
			"to": [8, 1, 12.5],
			"faces": {
				"north": {"uv": [8, 6.25, 7.75, 6.5], "texture": "#0"},
				"east": {"uv": [7.75, 6.25, 8, 12.5], "rotation": 90, "texture": "#0"},
				"south": {"uv": [7.75, 12.25, 8, 12.5], "texture": "#0"},
				"up": {"uv": [7.75, 6.25, 8, 12.5], "texture": "#0"},
				"down": {"uv": [7.75, 12.5, 8, 6.25], "texture": "#0"}
			}
		},
		{
			"name": "P226_14",
			"from": [5.5, 0, 6.5],
			"to": [5.75, 1, 6.75],
			"faces": {
				"south": {"uv": [5.5, 6.5, 5.75, 6.75], "texture": "#0"},
				"west": {"uv": [5.5, 6.5, 5.75, 6.75], "rotation": 270, "texture": "#0"},
				"up": {"uv": [5.5, 6.5, 5.75, 6.75], "texture": "#0"},
				"down": {"uv": [5.5, 6.75, 5.75, 6.5], "texture": "#0"}
			}
		},
		{
			"name": "P226_15",
			"from": [8, 0, 6.5],
			"to": [8.25, 1, 12],
			"faces": {
				"north": {"uv": [8.25, 6.5, 8, 6.75], "texture": "#0"},
				"east": {"uv": [8, 6.5, 8.25, 12], "rotation": 90, "texture": "#0"},
				"south": {"uv": [8, 11.75, 8.25, 12], "texture": "#0"},
				"up": {"uv": [8, 6.5, 8.25, 12], "texture": "#0"},
				"down": {"uv": [8, 12, 8.25, 6.5], "texture": "#0"}
			}
		},
		{
			"name": "P226_16",
			"from": [8.25, 0, 6.75],
			"to": [8.5, 1, 11.5],
			"faces": {
				"north": {"uv": [8.5, 6.75, 8.25, 7], "texture": "#0"},
				"east": {"uv": [8.25, 6.75, 8.5, 11.5], "rotation": 90, "texture": "#0"},
				"south": {"uv": [8.25, 11.25, 8.5, 11.5], "texture": "#0"},
				"up": {"uv": [8.25, 6.75, 8.5, 11.5], "texture": "#0"},
				"down": {"uv": [8.25, 11.5, 8.5, 6.75], "texture": "#0"}
			}
		},
		{
			"name": "P226_17",
			"from": [5.5, 0, 7],
			"to": [5.75, 1, 8.75],
			"faces": {
				"north": {"uv": [5.75, 7, 5.5, 7.25], "texture": "#0"},
				"east": {"uv": [5.5, 7, 5.75, 8.75], "rotation": 90, "texture": "#0"},
				"south": {"uv": [5.5, 8.5, 5.75, 8.75], "texture": "#0"},
				"west": {"uv": [5.5, 7, 5.75, 8.75], "rotation": 270, "texture": "#0"},
				"up": {"uv": [5.5, 7, 5.75, 8.75], "texture": "#0"},
				"down": {"uv": [5.5, 8.75, 5.75, 7], "texture": "#0"}
			}
		},
		{
			"name": "P226_18",
			"from": [8.5, 0, 7],
			"to": [8.75, 1, 11],
			"faces": {
				"north": {"uv": [8.75, 7, 8.5, 7.25], "texture": "#0"},
				"east": {"uv": [8.5, 7, 8.75, 11], "rotation": 90, "texture": "#0"},
				"south": {"uv": [8.5, 10.75, 8.75, 11], "texture": "#0"},
				"up": {"uv": [8.5, 7, 8.75, 11], "texture": "#0"},
				"down": {"uv": [8.5, 11, 8.75, 7], "texture": "#0"}
			}
		},
		{
			"name": "P226_19",
			"from": [5.25, 0, 7.25],
			"to": [5.5, 1, 8.5],
			"faces": {
				"north": {"uv": [5.5, 7.25, 5.25, 7.5], "texture": "#0"},
				"south": {"uv": [5.25, 8.25, 5.5, 8.5], "texture": "#0"},
				"west": {"uv": [5.25, 7.25, 5.5, 8.5], "rotation": 270, "texture": "#0"},
				"up": {"uv": [5.25, 7.25, 5.5, 8.5], "texture": "#0"},
				"down": {"uv": [5.25, 8.5, 5.5, 7.25], "texture": "#0"}
			}
		},
		{
			"name": "P226_20",
			"from": [8.75, 0, 7.25],
			"to": [9, 1, 10.5],
			"faces": {
				"north": {"uv": [9, 7.25, 8.75, 7.5], "texture": "#0"},
				"east": {"uv": [8.75, 7.25, 9, 10.5], "rotation": 90, "texture": "#0"},
				"south": {"uv": [8.75, 10.25, 9, 10.5], "texture": "#0"},
				"up": {"uv": [8.75, 7.25, 9, 10.5], "texture": "#0"},
				"down": {"uv": [8.75, 10.5, 9, 7.25], "texture": "#0"}
			}
		},
		{
			"name": "P226_21",
			"from": [5, 0, 7.5],
			"to": [5.25, 1, 8.25],
			"faces": {
				"north": {"uv": [5.25, 7.5, 5, 7.75], "texture": "#0"},
				"south": {"uv": [5, 8, 5.25, 8.25], "texture": "#0"},
				"west": {"uv": [5, 7.5, 5.25, 8.25], "rotation": 270, "texture": "#0"},
				"up": {"uv": [5, 7.5, 5.25, 8.25], "texture": "#0"},
				"down": {"uv": [5, 8.25, 5.25, 7.5], "texture": "#0"}
			}
		},
		{
			"name": "P226_22",
			"from": [9, 0, 7.5],
			"to": [9.25, 1, 10.25],
			"faces": {
				"north": {"uv": [9.25, 7.5, 9, 7.75], "texture": "#0"},
				"east": {"uv": [9, 7.5, 9.25, 10.25], "rotation": 90, "texture": "#0"},
				"south": {"uv": [9, 10, 9.25, 10.25], "texture": "#0"},
				"up": {"uv": [9, 7.5, 9.25, 10.25], "texture": "#0"},
				"down": {"uv": [9, 10.25, 9.25, 7.5], "texture": "#0"}
			}
		},
		{
			"name": "P226_23",
			"from": [9.25, 0, 7.75],
			"to": [9.5, 1, 10.5],
			"faces": {
				"north": {"uv": [9.5, 7.75, 9.25, 8], "texture": "#0"},
				"east": {"uv": [9.25, 7.75, 9.5, 10.5], "rotation": 90, "texture": "#0"},
				"south": {"uv": [9.25, 10.25, 9.5, 10.5], "texture": "#0"},
				"west": {"uv": [9.25, 7.75, 9.5, 10.5], "rotation": 270, "texture": "#0"},
				"up": {"uv": [9.25, 7.75, 9.5, 10.5], "texture": "#0"},
				"down": {"uv": [9.25, 10.5, 9.5, 7.75], "texture": "#0"}
			}
		},
		{
			"name": "P226_24",
			"from": [6.25, 0, 8],
			"to": [6.5, 1, 8.5],
			"faces": {
				"north": {"uv": [6.5, 8, 6.25, 8.25], "texture": "#0"},
				"east": {"uv": [6.25, 8, 6.5, 8.5], "rotation": 90, "texture": "#0"},
				"south": {"uv": [6.25, 8.25, 6.5, 8.5], "texture": "#0"},
				"west": {"uv": [6.25, 8, 6.5, 8.5], "rotation": 270, "texture": "#0"},
				"up": {"uv": [6.25, 8, 6.5, 8.5], "texture": "#0"},
				"down": {"uv": [6.25, 8.5, 6.5, 8], "texture": "#0"}
			}
		},
		{
			"name": "P226_25",
			"from": [9.5, 0, 8],
			"to": [9.75, 1, 10.5],
			"faces": {
				"north": {"uv": [9.75, 8, 9.5, 8.25], "texture": "#0"},
				"east": {"uv": [9.5, 8, 9.75, 10.5], "rotation": 90, "texture": "#0"},
				"south": {"uv": [9.5, 10.25, 9.75, 10.5], "texture": "#0"},
				"up": {"uv": [9.5, 8, 9.75, 10.5], "texture": "#0"},
				"down": {"uv": [9.5, 10.5, 9.75, 8], "texture": "#0"}
			}
		},
		{
			"name": "P226_26",
			"from": [5.75, 0, 8.25],
			"to": [6.25, 1, 9],
			"faces": {
				"north": {"uv": [6.25, 8.25, 5.75, 8.5], "texture": "#0"},
				"east": {"uv": [6, 8.25, 6.25, 9], "rotation": 90, "texture": "#0"},
				"south": {"uv": [5.75, 8.75, 6.25, 9], "texture": "#0"},
				"west": {"uv": [5.75, 8.25, 6, 9], "rotation": 270, "texture": "#0"},
				"up": {"uv": [5.75, 8.25, 6.25, 9], "texture": "#0"},
				"down": {"uv": [5.75, 9, 6.25, 8.25], "texture": "#0"}
			}
		},
		{
			"name": "P226_27",
			"from": [9.75, 0, 8.25],
			"to": [10.25, 1, 10.25],
			"faces": {
				"north": {"uv": [10.25, 8.25, 9.75, 8.5], "texture": "#0"},
				"east": {"uv": [10, 8.25, 10.25, 10.25], "rotation": 90, "texture": "#0"},
				"south": {"uv": [9.75, 10, 10.25, 10.25], "texture": "#0"},
				"up": {"uv": [9.75, 8.25, 10.25, 10.25], "texture": "#0"},
				"down": {"uv": [9.75, 10.25, 10.25, 8.25], "texture": "#0"}
			}
		},
		{
			"name": "P226_28",
			"from": [7, 0, 8.5],
			"to": [7.25, 1, 13.5],
			"faces": {
				"north": {"uv": [7.25, 8.5, 7, 8.75], "texture": "#0"},
				"east": {"uv": [7, 8.5, 7.25, 13.5], "rotation": 90, "texture": "#0"},
				"south": {"uv": [7, 13.25, 7.25, 13.5], "texture": "#0"},
				"west": {"uv": [7, 8.5, 7.25, 13.5], "rotation": 270, "texture": "#0"},
				"up": {"uv": [7, 8.5, 7.25, 13.5], "texture": "#0"},
				"down": {"uv": [7, 13.5, 7.25, 8.5], "texture": "#0"}
			}
		},
		{
			"name": "P226_29",
			"from": [10.25, 0, 8.5],
			"to": [10.5, 1, 9.75],
			"faces": {
				"north": {"uv": [10.5, 8.5, 10.25, 8.75], "texture": "#0"},
				"east": {"uv": [10.25, 8.5, 10.5, 9.75], "rotation": 90, "texture": "#0"},
				"south": {"uv": [10.25, 9.5, 10.5, 9.75], "texture": "#0"},
				"up": {"uv": [10.25, 8.5, 10.5, 9.75], "texture": "#0"},
				"down": {"uv": [10.25, 9.75, 10.5, 8.5], "texture": "#0"}
			}
		},
		{
			"name": "P226_30",
			"from": [6.25, 0, 8.75],
			"to": [6.5, 1, 9.5],
			"faces": {
				"north": {"uv": [6.5, 8.75, 6.25, 9], "texture": "#0"},
				"east": {"uv": [6.25, 8.75, 6.5, 9.5], "rotation": 90, "texture": "#0"},
				"south": {"uv": [6.25, 9.25, 6.5, 9.5], "texture": "#0"},
				"west": {"uv": [6.25, 8.75, 6.5, 9.5], "rotation": 270, "texture": "#0"},
				"up": {"uv": [6.25, 8.75, 6.5, 9.5], "texture": "#0"},
				"down": {"uv": [6.25, 9.5, 6.5, 8.75], "texture": "#0"}
			}
		},
		{
			"name": "P226_31",
			"from": [10.5, 0, 8.75],
			"to": [10.75, 1, 9],
			"faces": {
				"north": {"uv": [10.75, 8.75, 10.5, 9], "texture": "#0"},
				"east": {"uv": [10.5, 8.75, 10.75, 9], "rotation": 90, "texture": "#0"},
				"south": {"uv": [10.5, 8.75, 10.75, 9], "texture": "#0"},
				"up": {"uv": [10.5, 8.75, 10.75, 9], "texture": "#0"},
				"down": {"uv": [10.5, 9, 10.75, 8.75], "texture": "#0"}
			}
		},
		{
			"name": "P226_32",
			"from": [6, 0, 9],
			"to": [6.25, 1, 9.25],
			"faces": {
				"south": {"uv": [6, 9, 6.25, 9.25], "texture": "#0"},
				"west": {"uv": [6, 9, 6.25, 9.25], "rotation": 270, "texture": "#0"},
				"up": {"uv": [6, 9, 6.25, 9.25], "texture": "#0"},
				"down": {"uv": [6, 9.25, 6.25, 9], "texture": "#0"}
			}
		},
		{
			"name": "P226_33",
			"from": [6.5, 0, 9],
			"to": [7, 1, 13.5],
			"faces": {
				"north": {"uv": [7, 9, 6.5, 9.25], "texture": "#0"},
				"south": {"uv": [6.5, 13.25, 7, 13.5], "texture": "#0"},
				"west": {"uv": [6.5, 9, 6.75, 13.5], "rotation": 270, "texture": "#0"},
				"up": {"uv": [6.5, 9, 7, 13.5], "texture": "#0"},
				"down": {"uv": [6.5, 13.5, 7, 9], "texture": "#0"}
			}
		},
		{
			"name": "P226_34",
			"from": [10.5, 0, 9.25],
			"to": [10.75, 1, 9.75],
			"faces": {
				"north": {"uv": [10.75, 9.25, 10.5, 9.5], "texture": "#0"},
				"east": {"uv": [10.5, 9.25, 10.75, 9.75], "rotation": 90, "texture": "#0"},
				"south": {"uv": [10.5, 9.5, 10.75, 9.75], "texture": "#0"},
				"up": {"uv": [10.5, 9.25, 10.75, 9.75], "texture": "#0"},
				"down": {"uv": [10.5, 9.75, 10.75, 9.25], "texture": "#0"}
			}
		},
		{
			"name": "P226_35",
			"from": [6.25, 0, 10],
			"to": [6.5, 1, 13.5],
			"faces": {
				"north": {"uv": [6.5, 10, 6.25, 10.25], "texture": "#0"},
				"south": {"uv": [6.25, 13.25, 6.5, 13.5], "texture": "#0"},
				"west": {"uv": [6.25, 10, 6.5, 13.5], "rotation": 270, "texture": "#0"},
				"up": {"uv": [6.25, 10, 6.5, 13.5], "texture": "#0"},
				"down": {"uv": [6.25, 13.5, 6.5, 10], "texture": "#0"}
			}
		},
		{
			"name": "P226_36",
			"from": [9.75, 0, 10.25],
			"to": [10, 1, 10.5],
			"faces": {
				"east": {"uv": [9.75, 10.25, 10, 10.5], "rotation": 90, "texture": "#0"},
				"south": {"uv": [9.75, 10.25, 10, 10.5], "texture": "#0"},
				"up": {"uv": [9.75, 10.25, 10, 10.5], "texture": "#0"},
				"down": {"uv": [9.75, 10.5, 10, 10.25], "texture": "#0"}
			}
		},
		{
			"name": "P226_37",
			"from": [6, 0, 10.5],
			"to": [6.25, 1, 13.25],
			"faces": {
				"north": {"uv": [6.25, 10.5, 6, 10.75], "texture": "#0"},
				"south": {"uv": [6, 13, 6.25, 13.25], "texture": "#0"},
				"west": {"uv": [6, 10.5, 6.25, 13.25], "rotation": 270, "texture": "#0"},
				"up": {"uv": [6, 10.5, 6.25, 13.25], "texture": "#0"},
				"down": {"uv": [6, 13.25, 6.25, 10.5], "texture": "#0"}
			}
		},
		{
			"name": "P226_38",
			"from": [5.75, 0, 11],
			"to": [6, 1, 13],
			"faces": {
				"north": {"uv": [6, 11, 5.75, 11.25], "texture": "#0"},
				"south": {"uv": [5.75, 12.75, 6, 13], "texture": "#0"},
				"west": {"uv": [5.75, 11, 6, 13], "rotation": 270, "texture": "#0"},
				"up": {"uv": [5.75, 11, 6, 13], "texture": "#0"},
				"down": {"uv": [5.75, 13, 6, 11], "texture": "#0"}
			}
		},
		{
			"name": "P226_39",
			"from": [5.5, 0, 11.5],
			"to": [5.75, 1, 12.75],
			"faces": {
				"north": {"uv": [5.75, 11.5, 5.5, 11.75], "texture": "#0"},
				"south": {"uv": [5.5, 12.5, 5.75, 12.75], "texture": "#0"},
				"west": {"uv": [5.5, 11.5, 5.75, 12.75], "rotation": 270, "texture": "#0"},
				"up": {"uv": [5.5, 11.5, 5.75, 12.75], "texture": "#0"},
				"down": {"uv": [5.5, 12.75, 5.75, 11.5], "texture": "#0"}
			}
		},
		{
			"name": "P226_40",
			"from": [5.25, 0, 11.75],
			"to": [5.5, 1, 12.5],
			"faces": {
				"north": {"uv": [5.5, 11.75, 5.25, 12], "texture": "#0"},
				"south": {"uv": [5.25, 12.25, 5.5, 12.5], "texture": "#0"},
				"west": {"uv": [5.25, 11.75, 5.5, 12.5], "rotation": 270, "texture": "#0"},
				"up": {"uv": [5.25, 11.75, 5.5, 12.5], "texture": "#0"},
				"down": {"uv": [5.25, 12.5, 5.5, 11.75], "texture": "#0"}
			}
		},
		{
			"name": "P226_41",
			"from": [6.75, 0, 13.5],
			"to": [7, 1, 13.75],
			"faces": {
				"east": {"uv": [6.75, 13.5, 7, 13.75], "rotation": 90, "texture": "#0"},
				"south": {"uv": [6.75, 13.5, 7, 13.75], "texture": "#0"},
				"west": {"uv": [6.75, 13.5, 7, 13.75], "rotation": 270, "texture": "#0"},
				"up": {"uv": [6.75, 13.5, 7, 13.75], "texture": "#0"},
				"down": {"uv": [6.75, 13.75, 7, 13.5], "texture": "#0"}
			}
		}
	],
	"display": {
		"thirdperson_righthand": {
			"rotation": [45, 0, 90],
			"translation": [-7.5, 2, 0]
		},
		"thirdperson_lefthand": {
			"rotation": [45, 0, -90],
			"translation": [7.5, 2, 0]
		},
		"firstperson_righthand": {
			"rotation": [55, 0, 90],
			"translation": [-6.25, 2.5, 0]
		},
		"firstperson_lefthand": {
			"rotation": [55, 0, -90],
			"translation": [8.75, 2.5, 0]
		},
		"ground": {
			"rotation": [90, 0, 90],
			"translation": [-4, 0, 0],
			"scale": [0.5, 0.5, 0.5]
		},
		"gui": {
			"rotation": [90, 0, 0],
			"translation": [0.5, 0.5, 0]
		},
		"head": {
			"rotation": [45, 0, 90],
			"translation": [-7.5, 8.25, -1.5]
		},
		"fixed": {
			"rotation": [90, 0, 0],
			"translation": [0, 0, 7]
		}
	},
	"groups": [
		{
			"name": "P226",
			"origin": [8, 8, 8],
			"children": [0, 1, 2, 3, 4, 5, 6, 7, 8, 9, 10, 11, 12, 13, 14, 15, 16, 17, 18, 19, 20, 21, 22, 23, 24, 25, 26, 27, 28, 29, 30, 31, 32, 33, 34, 35, 36, 37, 38, 39, 40, 41]
		}
	]
}