{
	"credit": "Made with Blockbench",
	"textures": {
		"0": "gun_textures/tec9",
		"particle": "gun_textures/tec9"
	},
	"elements": [
		{
			"name": "tec9_0",
			"from": [4.75, 0, 1],
			"to": [5, 1, 2.5],
			"faces": {
				"north": {"uv": [5, 1, 4.75, 1.25], "texture": "#0"},
				"east": {"uv": [4.75, 1, 5, 2.5], "rotation": 90, "texture": "#0"},
				"south": {"uv": [4.75, 2.25, 5, 2.5], "texture": "#0"},
				"west": {"uv": [4.75, 1, 5, 2.5], "rotation": 270, "texture": "#0"},
				"up": {"uv": [4.75, 1, 5, 2.5], "texture": "#0"},
				"down": {"uv": [4.75, 2.5, 5, 1], "texture": "#0"}
			}
		},
		{
			"name": "tec9_1",
			"from": [4.5, 0, 1.25],
			"to": [4.75, 1, 1.5],
			"faces": {
				"north": {"uv": [4.75, 1.25, 4.5, 1.5], "texture": "#0"},
				"east": {"uv": [4.5, 1.25, 4.75, 1.5], "rotation": 90, "texture": "#0"},
				"south": {"uv": [4.5, 1.25, 4.75, 1.5], "texture": "#0"},
				"west": {"uv": [4.5, 1.25, 4.75, 1.5], "rotation": 270, "texture": "#0"},
				"up": {"uv": [4.5, 1.25, 4.75, 1.5], "texture": "#0"},
				"down": {"uv": [4.5, 1.5, 4.75, 1.25], "texture": "#0"}
			}
		},
		{
			"name": "tec9_2",
			"from": [5, 0, 1.25],
			"to": [6, 1, 2.75],
			"faces": {
				"north": {"uv": [6, 1.25, 5, 1.5], "texture": "#0"},
				"east": {"uv": [5.75, 1.25, 6, 2.75], "rotation": 90, "texture": "#0"},
				"south": {"uv": [5, 2.5, 6, 2.75], "texture": "#0"},
				"west": {"uv": [5, 1.25, 5.25, 2.75], "rotation": 270, "texture": "#0"},
				"up": {"uv": [5, 1.25, 6, 2.75], "texture": "#0"},
				"down": {"uv": [5, 2.75, 6, 1.25], "texture": "#0"}
			}
		},
		{
			"name": "tec9_3",
			"from": [6, 0, 1.5],
			"to": [6.25, 1, 3.75],
			"faces": {
				"north": {"uv": [6.25, 1.5, 6, 1.75], "texture": "#0"},
				"east": {"uv": [6, 1.5, 6.25, 3.75], "rotation": 90, "texture": "#0"},
				"south": {"uv": [6, 3.5, 6.25, 3.75], "texture": "#0"},
				"west": {"uv": [6, 1.5, 6.25, 3.75], "rotation": 270, "texture": "#0"},
				"up": {"uv": [6, 1.5, 6.25, 3.75], "texture": "#0"},
				"down": {"uv": [6, 3.75, 6.25, 1.5], "texture": "#0"}
			}
		},
		{
			"name": "tec9_4",
			"from": [6.25, 0, 1.75],
			"to": [6.5, 1, 4],
			"faces": {
				"north": {"uv": [6.5, 1.75, 6.25, 2], "texture": "#0"},
				"east": {"uv": [6.25, 1.75, 6.5, 4], "rotation": 90, "texture": "#0"},
				"south": {"uv": [6.25, 3.75, 6.5, 4], "texture": "#0"},
				"west": {"uv": [6.25, 1.75, 6.5, 4], "rotation": 270, "texture": "#0"},
				"up": {"uv": [6.25, 1.75, 6.5, 4], "texture": "#0"},
				"down": {"uv": [6.25, 4, 6.5, 1.75], "texture": "#0"}
			}
		},
		{
			"name": "tec9_5",
			"from": [6.5, 0, 2],
			"to": [6.75, 1, 4.25],
			"faces": {
				"north": {"uv": [6.75, 2, 6.5, 2.25], "texture": "#0"},
				"east": {"uv": [6.5, 2, 6.75, 4.25], "rotation": 90, "texture": "#0"},
				"south": {"uv": [6.5, 4, 6.75, 4.25], "texture": "#0"},
				"west": {"uv": [6.5, 2, 6.75, 4.25], "rotation": 270, "texture": "#0"},
				"up": {"uv": [6.5, 2, 6.75, 4.25], "texture": "#0"},
				"down": {"uv": [6.5, 4.25, 6.75, 2], "texture": "#0"}
			}
		},
		{
			"name": "tec9_6",
			"from": [6.75, 0, 2.25],
			"to": [7, 1, 4.5],
			"faces": {
				"north": {"uv": [7, 2.25, 6.75, 2.5], "texture": "#0"},
				"east": {"uv": [6.75, 2.25, 7, 4.5], "rotation": 90, "texture": "#0"},
				"south": {"uv": [6.75, 4.25, 7, 4.5], "texture": "#0"},
				"west": {"uv": [6.75, 2.25, 7, 4.5], "rotation": 270, "texture": "#0"},
				"up": {"uv": [6.75, 2.25, 7, 4.5], "texture": "#0"},
				"down": {"uv": [6.75, 4.5, 7, 2.25], "texture": "#0"}
			}
		},
		{
			"name": "tec9_7",
			"from": [7, 0, 2.5],
			"to": [7.25, 1, 5],
			"faces": {
				"north": {"uv": [7.25, 2.5, 7, 2.75], "texture": "#0"},
				"east": {"uv": [7, 2.5, 7.25, 5], "rotation": 90, "texture": "#0"},
				"south": {"uv": [7, 4.75, 7.25, 5], "texture": "#0"},
				"west": {"uv": [7, 2.5, 7.25, 5], "rotation": 270, "texture": "#0"},
				"up": {"uv": [7, 2.5, 7.25, 5], "texture": "#0"},
				"down": {"uv": [7, 5, 7.25, 2.5], "texture": "#0"}
			}
		},
		{
			"name": "tec9_8",
			"from": [5.25, 0, 2.75],
			"to": [6, 1, 3],
			"faces": {
				"north": {"uv": [6, 2.75, 5.25, 3], "texture": "#0"},
				"east": {"uv": [5.75, 2.75, 6, 3], "rotation": 90, "texture": "#0"},
				"south": {"uv": [5.25, 2.75, 6, 3], "texture": "#0"},
				"west": {"uv": [5.25, 2.75, 5.5, 3], "rotation": 270, "texture": "#0"},
				"up": {"uv": [5.25, 2.75, 6, 3], "texture": "#0"},
				"down": {"uv": [5.25, 3, 6, 2.75], "texture": "#0"}
			}
		},
		{
			"name": "tec9_9",
			"from": [7.25, 0, 2.75],
			"to": [7.5, 1, 8.5],
			"faces": {
				"north": {"uv": [7.5, 2.75, 7.25, 3], "texture": "#0"},
				"east": {"uv": [7.25, 2.75, 7.5, 8.5], "rotation": 90, "texture": "#0"},
				"south": {"uv": [7.25, 8.25, 7.5, 8.5], "texture": "#0"},
				"west": {"uv": [7.25, 2.75, 7.5, 8.5], "rotation": 270, "texture": "#0"},
				"up": {"uv": [7.25, 2.75, 7.5, 8.5], "texture": "#0"},
				"down": {"uv": [7.25, 8.5, 7.5, 2.75], "texture": "#0"}
			}
		},
		{
			"name": "tec9_10",
			"from": [5.5, 0, 3],
			"to": [6, 1, 3.25],
			"faces": {
				"north": {"uv": [6, 3, 5.5, 3.25], "texture": "#0"},
				"east": {"uv": [5.75, 3, 6, 3.25], "rotation": 90, "texture": "#0"},
				"south": {"uv": [5.5, 3, 6, 3.25], "texture": "#0"},
				"west": {"uv": [5.5, 3, 5.75, 3.25], "rotation": 270, "texture": "#0"},
				"up": {"uv": [5.5, 3, 6, 3.25], "texture": "#0"},
				"down": {"uv": [5.5, 3.25, 6, 3], "texture": "#0"}
			}
		},
		{
			"name": "tec9_11",
			"from": [7.5, 0, 3],
			"to": [7.75, 1, 8.75],
			"faces": {
				"north": {"uv": [7.75, 3, 7.5, 3.25], "texture": "#0"},
				"east": {"uv": [7.5, 3, 7.75, 8.75], "rotation": 90, "texture": "#0"},
				"south": {"uv": [7.5, 8.5, 7.75, 8.75], "texture": "#0"},
				"west": {"uv": [7.5, 3, 7.75, 8.75], "rotation": 270, "texture": "#0"},
				"up": {"uv": [7.5, 3, 7.75, 8.75], "texture": "#0"},
				"down": {"uv": [7.5, 8.75, 7.75, 3], "texture": "#0"}
			}
		},
		{
			"name": "tec9_12",
			"from": [5.75, 0, 3.25],
			"to": [6, 1, 3.5],
			"faces": {
				"north": {"uv": [6, 3.25, 5.75, 3.5], "texture": "#0"},
				"east": {"uv": [5.75, 3.25, 6, 3.5], "rotation": 90, "texture": "#0"},
				"south": {"uv": [5.75, 3.25, 6, 3.5], "texture": "#0"},
				"west": {"uv": [5.75, 3.25, 6, 3.5], "rotation": 270, "texture": "#0"},
				"up": {"uv": [5.75, 3.25, 6, 3.5], "texture": "#0"},
				"down": {"uv": [5.75, 3.5, 6, 3.25], "texture": "#0"}
			}
		},
		{
			"name": "tec9_13",
			"from": [7.75, 0, 3.25],
			"to": [8, 1, 8.75],
			"faces": {
				"north": {"uv": [8, 3.25, 7.75, 3.5], "texture": "#0"},
				"east": {"uv": [7.75, 3.25, 8, 8.75], "rotation": 90, "texture": "#0"},
				"south": {"uv": [7.75, 8.5, 8, 8.75], "texture": "#0"},
				"west": {"uv": [7.75, 3.25, 8, 8.75], "rotation": 270, "texture": "#0"},
				"up": {"uv": [7.75, 3.25, 8, 8.75], "texture": "#0"},
				"down": {"uv": [7.75, 8.75, 8, 3.25], "texture": "#0"}
			}
		},
		{
			"name": "tec9_14",
			"from": [8, 0, 3.5],
			"to": [8.25, 1, 9],
			"faces": {
				"north": {"uv": [8.25, 3.5, 8, 3.75], "texture": "#0"},
				"east": {"uv": [8, 3.5, 8.25, 9], "rotation": 90, "texture": "#0"},
				"south": {"uv": [8, 8.75, 8.25, 9], "texture": "#0"},
				"west": {"uv": [8, 3.5, 8.25, 9], "rotation": 270, "texture": "#0"},
				"up": {"uv": [8, 3.5, 8.25, 9], "texture": "#0"},
				"down": {"uv": [8, 9, 8.25, 3.5], "texture": "#0"}
			}
		},
		{
			"name": "tec9_15",
			"from": [8.25, 0, 3.75],
			"to": [8.5, 1, 8.25],
			"faces": {
				"north": {"uv": [8.5, 3.75, 8.25, 4], "texture": "#0"},
				"east": {"uv": [8.25, 3.75, 8.5, 8.25], "rotation": 90, "texture": "#0"},
				"south": {"uv": [8.25, 8, 8.5, 8.25], "texture": "#0"},
				"west": {"uv": [8.25, 3.75, 8.5, 8.25], "rotation": 270, "texture": "#0"},
				"up": {"uv": [8.25, 3.75, 8.5, 8.25], "texture": "#0"},
				"down": {"uv": [8.25, 8.25, 8.5, 3.75], "texture": "#0"}
			}
		},
		{
			"name": "tec9_16",
			"from": [8.5, 0, 4],
			"to": [8.75, 1, 8],
			"faces": {
				"north": {"uv": [8.75, 4, 8.5, 4.25], "texture": "#0"},
				"east": {"uv": [8.5, 4, 8.75, 8], "rotation": 90, "texture": "#0"},
				"south": {"uv": [8.5, 7.75, 8.75, 8], "texture": "#0"},
				"west": {"uv": [8.5, 4, 8.75, 8], "rotation": 270, "texture": "#0"},
				"up": {"uv": [8.5, 4, 8.75, 8], "texture": "#0"},
				"down": {"uv": [8.5, 8, 8.75, 4], "texture": "#0"}
			}
		},
		{
			"name": "tec9_17",
			"from": [8.75, 0, 4.25],
			"to": [9, 1, 7.75],
			"faces": {
				"north": {"uv": [9, 4.25, 8.75, 4.5], "texture": "#0"},
				"east": {"uv": [8.75, 4.25, 9, 7.75], "rotation": 90, "texture": "#0"},
				"south": {"uv": [8.75, 7.5, 9, 7.75], "texture": "#0"},
				"west": {"uv": [8.75, 4.25, 9, 7.75], "rotation": 270, "texture": "#0"},
				"up": {"uv": [8.75, 4.25, 9, 7.75], "texture": "#0"},
				"down": {"uv": [8.75, 7.75, 9, 4.25], "texture": "#0"}
			}
		},
		{
			"name": "tec9_18",
			"from": [9, 0, 4.5],
			"to": [9.25, 1, 7.75],
			"faces": {
				"north": {"uv": [9.25, 4.5, 9, 4.75], "texture": "#0"},
				"east": {"uv": [9, 4.5, 9.25, 7.75], "rotation": 90, "texture": "#0"},
				"south": {"uv": [9, 7.5, 9.25, 7.75], "texture": "#0"},
				"west": {"uv": [9, 4.5, 9.25, 7.75], "rotation": 270, "texture": "#0"},
				"up": {"uv": [9, 4.5, 9.25, 7.75], "texture": "#0"},
				"down": {"uv": [9, 7.75, 9.25, 4.5], "texture": "#0"}
			}
		},
		{
			"name": "tec9_19",
			"from": [9.25, 0, 4.75],
			"to": [9.5, 1, 7.75],
			"faces": {
				"north": {"uv": [9.5, 4.75, 9.25, 5], "texture": "#0"},
				"east": {"uv": [9.25, 4.75, 9.5, 7.75], "rotation": 90, "texture": "#0"},
				"south": {"uv": [9.25, 7.5, 9.5, 7.75], "texture": "#0"},
				"west": {"uv": [9.25, 4.75, 9.5, 7.75], "rotation": 270, "texture": "#0"},
				"up": {"uv": [9.25, 4.75, 9.5, 7.75], "texture": "#0"},
				"down": {"uv": [9.25, 7.75, 9.5, 4.75], "texture": "#0"}
			}
		},
		{
			"name": "tec9_20",
			"from": [9.5, 0, 5],
			"to": [10.25, 1, 8],
			"faces": {
				"north": {"uv": [10.25, 5, 9.5, 5.25], "texture": "#0"},
				"east": {"uv": [10, 5, 10.25, 8], "rotation": 90, "texture": "#0"},
				"south": {"uv": [9.5, 7.75, 10.25, 8], "texture": "#0"},
				"west": {"uv": [9.5, 5, 9.75, 8], "rotation": 270, "texture": "#0"},
				"up": {"uv": [9.5, 5, 10.25, 8], "texture": "#0"},
				"down": {"uv": [9.5, 8, 10.25, 5], "texture": "#0"}
			}
		},
		{
			"name": "tec9_21",
			"from": [7, 0, 5.25],
			"to": [7.25, 1, 5.5],
			"faces": {
				"north": {"uv": [7.25, 5.25, 7, 5.5], "texture": "#0"},
				"east": {"uv": [7, 5.25, 7.25, 5.5], "rotation": 90, "texture": "#0"},
				"south": {"uv": [7, 5.25, 7.25, 5.5], "texture": "#0"},
				"west": {"uv": [7, 5.25, 7.25, 5.5], "rotation": 270, "texture": "#0"},
				"up": {"uv": [7, 5.25, 7.25, 5.5], "texture": "#0"},
				"down": {"uv": [7, 5.5, 7.25, 5.25], "texture": "#0"}
			}
		},
		{
			"name": "tec9_22",
			"from": [10.25, 0, 5.75],
			"to": [10.5, 1, 14.25],
			"faces": {
				"north": {"uv": [10.5, 5.75, 10.25, 6], "texture": "#0"},
				"east": {"uv": [10.25, 5.75, 10.5, 14.25], "rotation": 90, "texture": "#0"},
				"south": {"uv": [10.25, 14, 10.5, 14.25], "texture": "#0"},
				"west": {"uv": [10.25, 5.75, 10.5, 14.25], "rotation": 270, "texture": "#0"},
				"up": {"uv": [10.25, 5.75, 10.5, 14.25], "texture": "#0"},
				"down": {"uv": [10.25, 14.25, 10.5, 5.75], "texture": "#0"}
			}
		},
		{
			"name": "tec9_23",
			"from": [10.5, 0, 6],
			"to": [10.75, 1, 13.75],
			"faces": {
				"north": {"uv": [10.75, 6, 10.5, 6.25], "texture": "#0"},
				"east": {"uv": [10.5, 6, 10.75, 13.75], "rotation": 90, "texture": "#0"},
				"south": {"uv": [10.5, 13.5, 10.75, 13.75], "texture": "#0"},
				"west": {"uv": [10.5, 6, 10.75, 13.75], "rotation": 270, "texture": "#0"},
				"up": {"uv": [10.5, 6, 10.75, 13.75], "texture": "#0"},
				"down": {"uv": [10.5, 13.75, 10.75, 6], "texture": "#0"}
			}
		},
		{
			"name": "tec9_24",
			"from": [10.75, 0, 6.25],
			"to": [11, 1, 13],
			"faces": {
				"north": {"uv": [11, 6.25, 10.75, 6.5], "texture": "#0"},
				"east": {"uv": [10.75, 6.25, 11, 13], "rotation": 90, "texture": "#0"},
				"south": {"uv": [10.75, 12.75, 11, 13], "texture": "#0"},
				"west": {"uv": [10.75, 6.25, 11, 13], "rotation": 270, "texture": "#0"},
				"up": {"uv": [10.75, 6.25, 11, 13], "texture": "#0"},
				"down": {"uv": [10.75, 13, 11, 6.25], "texture": "#0"}
			}
		},
		{
			"name": "tec9_25",
			"from": [11, 0, 6.5],
			"to": [11.25, 1, 12.25],
			"faces": {
				"north": {"uv": [11.25, 6.5, 11, 6.75], "texture": "#0"},
				"east": {"uv": [11, 6.5, 11.25, 12.25], "rotation": 90, "texture": "#0"},
				"south": {"uv": [11, 12, 11.25, 12.25], "texture": "#0"},
				"west": {"uv": [11, 6.5, 11.25, 12.25], "rotation": 270, "texture": "#0"},
				"up": {"uv": [11, 6.5, 11.25, 12.25], "texture": "#0"},
				"down": {"uv": [11, 12.25, 11.25, 6.5], "texture": "#0"}
			}
		},
		{
			"name": "tec9_26",
			"from": [7, 0, 6.75],
			"to": [7.25, 1, 8.5],
			"faces": {
				"north": {"uv": [7.25, 6.75, 7, 7], "texture": "#0"},
				"east": {"uv": [7, 6.75, 7.25, 8.5], "rotation": 90, "texture": "#0"},
				"south": {"uv": [7, 8.25, 7.25, 8.5], "texture": "#0"},
				"west": {"uv": [7, 6.75, 7.25, 8.5], "rotation": 270, "texture": "#0"},
				"up": {"uv": [7, 6.75, 7.25, 8.5], "texture": "#0"},
				"down": {"uv": [7, 8.5, 7.25, 6.75], "texture": "#0"}
			}
		},
		{
			"name": "tec9_27",
			"from": [11.25, 0, 6.75],
			"to": [11.5, 1, 11.75],
			"faces": {
				"north": {"uv": [11.5, 6.75, 11.25, 7], "texture": "#0"},
				"east": {"uv": [11.25, 6.75, 11.5, 11.75], "rotation": 90, "texture": "#0"},
				"south": {"uv": [11.25, 11.5, 11.5, 11.75], "texture": "#0"},
				"west": {"uv": [11.25, 6.75, 11.5, 11.75], "rotation": 270, "texture": "#0"},
				"up": {"uv": [11.25, 6.75, 11.5, 11.75], "texture": "#0"},
				"down": {"uv": [11.25, 11.75, 11.5, 6.75], "texture": "#0"}
			}
		},
		{
			"name": "tec9_28",
			"from": [6.75, 0, 7],
			"to": [7, 1, 8.75],
			"faces": {
				"north": {"uv": [7, 7, 6.75, 7.25], "texture": "#0"},
				"east": {"uv": [6.75, 7, 7, 8.75], "rotation": 90, "texture": "#0"},
				"south": {"uv": [6.75, 8.5, 7, 8.75], "texture": "#0"},
				"west": {"uv": [6.75, 7, 7, 8.75], "rotation": 270, "texture": "#0"},
				"up": {"uv": [6.75, 7, 7, 8.75], "texture": "#0"},
				"down": {"uv": [6.75, 8.75, 7, 7], "texture": "#0"}
			}
		},
		{
			"name": "tec9_29",
			"from": [6.5, 0, 7.25],
			"to": [6.75, 1, 9],
			"faces": {
				"north": {"uv": [6.75, 7.25, 6.5, 7.5], "texture": "#0"},
				"east": {"uv": [6.5, 7.25, 6.75, 9], "rotation": 90, "texture": "#0"},
				"south": {"uv": [6.5, 8.75, 6.75, 9], "texture": "#0"},
				"west": {"uv": [6.5, 7.25, 6.75, 9], "rotation": 270, "texture": "#0"},
				"up": {"uv": [6.5, 7.25, 6.75, 9], "texture": "#0"},
				"down": {"uv": [6.5, 9, 6.75, 7.25], "texture": "#0"}
			}
		},
		{
			"name": "tec9_30",
			"from": [11.5, 0, 7.25],
			"to": [11.75, 1, 11],
			"faces": {
				"north": {"uv": [11.75, 7.25, 11.5, 7.5], "texture": "#0"},
				"east": {"uv": [11.5, 7.25, 11.75, 11], "rotation": 90, "texture": "#0"},
				"south": {"uv": [11.5, 10.75, 11.75, 11], "texture": "#0"},
				"west": {"uv": [11.5, 7.25, 11.75, 11], "rotation": 270, "texture": "#0"},
				"up": {"uv": [11.5, 7.25, 11.75, 11], "texture": "#0"},
				"down": {"uv": [11.5, 11, 11.75, 7.25], "texture": "#0"}
			}
		},
		{
			"name": "tec9_31",
			"from": [11.75, 0, 7.5],
			"to": [12, 1, 11],
			"faces": {
				"north": {"uv": [12, 7.5, 11.75, 7.75], "texture": "#0"},
				"east": {"uv": [11.75, 7.5, 12, 11], "rotation": 90, "texture": "#0"},
				"south": {"uv": [11.75, 10.75, 12, 11], "texture": "#0"},
				"west": {"uv": [11.75, 7.5, 12, 11], "rotation": 270, "texture": "#0"},
				"up": {"uv": [11.75, 7.5, 12, 11], "texture": "#0"},
				"down": {"uv": [11.75, 11, 12, 7.5], "texture": "#0"}
			}
		},
		{
			"name": "tec9_32",
			"from": [6.25, 0, 7.75],
			"to": [6.5, 1, 9.25],
			"faces": {
				"north": {"uv": [6.5, 7.75, 6.25, 8], "texture": "#0"},
				"east": {"uv": [6.25, 7.75, 6.5, 9.25], "rotation": 90, "texture": "#0"},
				"south": {"uv": [6.25, 9, 6.5, 9.25], "texture": "#0"},
				"west": {"uv": [6.25, 7.75, 6.5, 9.25], "rotation": 270, "texture": "#0"},
				"up": {"uv": [6.25, 7.75, 6.5, 9.25], "texture": "#0"},
				"down": {"uv": [6.25, 9.25, 6.5, 7.75], "texture": "#0"}
			}
		},
		{
			"name": "tec9_33",
			"from": [12, 0, 7.75],
			"to": [12.25, 1, 11],
			"faces": {
				"north": {"uv": [12.25, 7.75, 12, 8], "texture": "#0"},
				"east": {"uv": [12, 7.75, 12.25, 11], "rotation": 90, "texture": "#0"},
				"south": {"uv": [12, 10.75, 12.25, 11], "texture": "#0"},
				"west": {"uv": [12, 7.75, 12.25, 11], "rotation": 270, "texture": "#0"},
				"up": {"uv": [12, 7.75, 12.25, 11], "texture": "#0"},
				"down": {"uv": [12, 11, 12.25, 7.75], "texture": "#0"}
			}
		},
		{
			"name": "tec9_34",
			"from": [6, 0, 8],
			"to": [6.25, 1, 9.5],
			"faces": {
				"north": {"uv": [6.25, 8, 6, 8.25], "texture": "#0"},
				"east": {"uv": [6, 8, 6.25, 9.5], "rotation": 90, "texture": "#0"},
				"south": {"uv": [6, 9.25, 6.25, 9.5], "texture": "#0"},
				"west": {"uv": [6, 8, 6.25, 9.5], "rotation": 270, "texture": "#0"},
				"up": {"uv": [6, 8, 6.25, 9.5], "texture": "#0"},
				"down": {"uv": [6, 9.5, 6.25, 8], "texture": "#0"}
			}
		},
		{
			"name": "tec9_35",
			"from": [9.75, 0, 8],
			"to": [10.25, 1, 8.25],
			"faces": {
				"north": {"uv": [10.25, 8, 9.75, 8.25], "texture": "#0"},
				"east": {"uv": [10, 8, 10.25, 8.25], "rotation": 90, "texture": "#0"},
				"south": {"uv": [9.75, 8, 10.25, 8.25], "texture": "#0"},
				"west": {"uv": [9.75, 8, 10, 8.25], "rotation": 270, "texture": "#0"},
				"up": {"uv": [9.75, 8, 10.25, 8.25], "texture": "#0"},
				"down": {"uv": [9.75, 8.25, 10.25, 8], "texture": "#0"}
			}
		},
		{
			"name": "tec9_36",
			"from": [12.25, 0, 8],
			"to": [12.5, 1, 11],
			"faces": {
				"north": {"uv": [12.5, 8, 12.25, 8.25], "texture": "#0"},
				"east": {"uv": [12.25, 8, 12.5, 11], "rotation": 90, "texture": "#0"},
				"south": {"uv": [12.25, 10.75, 12.5, 11], "texture": "#0"},
				"west": {"uv": [12.25, 8, 12.5, 11], "rotation": 270, "texture": "#0"},
				"up": {"uv": [12.25, 8, 12.5, 11], "texture": "#0"},
				"down": {"uv": [12.25, 11, 12.5, 8], "texture": "#0"}
			}
		},
		{
			"name": "tec9_37",
			"from": [5.75, 0, 8.25],
			"to": [6, 1, 9.75],
			"faces": {
				"north": {"uv": [6, 8.25, 5.75, 8.5], "texture": "#0"},
				"east": {"uv": [5.75, 8.25, 6, 9.75], "rotation": 90, "texture": "#0"},
				"south": {"uv": [5.75, 9.5, 6, 9.75], "texture": "#0"},
				"west": {"uv": [5.75, 8.25, 6, 9.75], "rotation": 270, "texture": "#0"},
				"up": {"uv": [5.75, 8.25, 6, 9.75], "texture": "#0"},
				"down": {"uv": [5.75, 9.75, 6, 8.25], "texture": "#0"}
			}
		},
		{
			"name": "tec9_38",
			"from": [10, 0, 8.25],
			"to": [10.25, 1, 8.75],
			"faces": {
				"north": {"uv": [10.25, 8.25, 10, 8.5], "texture": "#0"},
				"east": {"uv": [10, 8.25, 10.25, 8.75], "rotation": 90, "texture": "#0"},
				"south": {"uv": [10, 8.5, 10.25, 8.75], "texture": "#0"},
				"west": {"uv": [10, 8.25, 10.25, 8.75], "rotation": 270, "texture": "#0"},
				"up": {"uv": [10, 8.25, 10.25, 8.75], "texture": "#0"},
				"down": {"uv": [10, 8.75, 10.25, 8.25], "texture": "#0"}
			}
		},
		{
			"name": "tec9_39",
			"from": [12.5, 0, 8.25],
			"to": [13, 1, 11.25],
			"faces": {
				"north": {"uv": [13, 8.25, 12.5, 8.5], "texture": "#0"},
				"east": {"uv": [12.75, 8.25, 13, 11.25], "rotation": 90, "texture": "#0"},
				"south": {"uv": [12.5, 11, 13, 11.25], "texture": "#0"},
				"west": {"uv": [12.5, 8.25, 12.75, 11.25], "rotation": 270, "texture": "#0"},
				"up": {"uv": [12.5, 8.25, 13, 11.25], "texture": "#0"},
				"down": {"uv": [12.5, 11.25, 13, 8.25], "texture": "#0"}
			}
		},
		{
			"name": "tec9_40",
			"from": [5.5, 0, 8.5],
			"to": [5.75, 1, 10],
			"faces": {
				"north": {"uv": [5.75, 8.5, 5.5, 8.75], "texture": "#0"},
				"east": {"uv": [5.5, 8.5, 5.75, 10], "rotation": 90, "texture": "#0"},
				"south": {"uv": [5.5, 9.75, 5.75, 10], "texture": "#0"},
				"west": {"uv": [5.5, 8.5, 5.75, 10], "rotation": 270, "texture": "#0"},
				"up": {"uv": [5.5, 8.5, 5.75, 10], "texture": "#0"},
				"down": {"uv": [5.5, 10, 5.75, 8.5], "texture": "#0"}
			}
		},
		{
			"name": "tec9_41",
			"from": [9.25, 0, 8.5],
			"to": [10, 1, 8.75],
			"faces": {
				"north": {"uv": [10, 8.5, 9.25, 8.75], "texture": "#0"},
				"east": {"uv": [9.75, 8.5, 10, 8.75], "rotation": 90, "texture": "#0"},
				"south": {"uv": [9.25, 8.5, 10, 8.75], "texture": "#0"},
				"west": {"uv": [9.25, 8.5, 9.5, 8.75], "rotation": 270, "texture": "#0"},
				"up": {"uv": [9.25, 8.5, 10, 8.75], "texture": "#0"},
				"down": {"uv": [9.25, 8.75, 10, 8.5], "texture": "#0"}
			}
		},
		{
			"name": "tec9_42",
			"from": [13, 0, 8.5],
			"to": [13.25, 1, 11.25],
			"faces": {
				"north": {"uv": [13.25, 8.5, 13, 8.75], "texture": "#0"},
				"east": {"uv": [13, 8.5, 13.25, 11.25], "rotation": 90, "texture": "#0"},
				"south": {"uv": [13, 11, 13.25, 11.25], "texture": "#0"},
				"west": {"uv": [13, 8.5, 13.25, 11.25], "rotation": 270, "texture": "#0"},
				"up": {"uv": [13, 8.5, 13.25, 11.25], "texture": "#0"},
				"down": {"uv": [13, 11.25, 13.25, 8.5], "texture": "#0"}
			}
		},
		{
			"name": "tec9_43",
			"from": [5.25, 0, 8.75],
			"to": [5.5, 1, 10.25],
			"faces": {
				"north": {"uv": [5.5, 8.75, 5.25, 9], "texture": "#0"},
				"east": {"uv": [5.25, 8.75, 5.5, 10.25], "rotation": 90, "texture": "#0"},
				"south": {"uv": [5.25, 10, 5.5, 10.25], "texture": "#0"},
				"west": {"uv": [5.25, 8.75, 5.5, 10.25], "rotation": 270, "texture": "#0"},
				"up": {"uv": [5.25, 8.75, 5.5, 10.25], "texture": "#0"},
				"down": {"uv": [5.25, 10.25, 5.5, 8.75], "texture": "#0"}
			}
		},
		{
			"name": "tec9_44",
			"from": [8.25, 0, 8.75],
			"to": [8.5, 1, 9.25],
			"faces": {
				"north": {"uv": [8.5, 8.75, 8.25, 9], "texture": "#0"},
				"east": {"uv": [8.25, 8.75, 8.5, 9.25], "rotation": 90, "texture": "#0"},
				"south": {"uv": [8.25, 9, 8.5, 9.25], "texture": "#0"},
				"west": {"uv": [8.25, 8.75, 8.5, 9.25], "rotation": 270, "texture": "#0"},
				"up": {"uv": [8.25, 8.75, 8.5, 9.25], "texture": "#0"},
				"down": {"uv": [8.25, 9.25, 8.5, 8.75], "texture": "#0"}
			}
		},
		{
			"name": "tec9_45",
			"from": [8.75, 0, 8.75],
			"to": [9.5, 1, 9],
			"faces": {
				"north": {"uv": [9.5, 8.75, 8.75, 9], "texture": "#0"},
				"east": {"uv": [9.25, 8.75, 9.5, 9], "rotation": 90, "texture": "#0"},
				"south": {"uv": [8.75, 8.75, 9.5, 9], "texture": "#0"},
				"west": {"uv": [8.75, 8.75, 9, 9], "rotation": 270, "texture": "#0"},
				"up": {"uv": [8.75, 8.75, 9.5, 9], "texture": "#0"},
				"down": {"uv": [8.75, 9, 9.5, 8.75], "texture": "#0"}
			}
		},
		{
			"name": "tec9_46",
			"from": [13.25, 0, 8.75],
			"to": [13.5, 1, 11.25],
			"faces": {
				"north": {"uv": [13.5, 8.75, 13.25, 9], "texture": "#0"},
				"east": {"uv": [13.25, 8.75, 13.5, 11.25], "rotation": 90, "texture": "#0"},
				"south": {"uv": [13.25, 11, 13.5, 11.25], "texture": "#0"},
				"west": {"uv": [13.25, 8.75, 13.5, 11.25], "rotation": 270, "texture": "#0"},
				"up": {"uv": [13.25, 8.75, 13.5, 11.25], "texture": "#0"},
				"down": {"uv": [13.25, 11.25, 13.5, 8.75], "texture": "#0"}
			}
		},
		{
			"name": "tec9_47",
			"from": [5, 0, 9],
			"to": [5.25, 1, 10.5],
			"faces": {
				"north": {"uv": [5.25, 9, 5, 9.25], "texture": "#0"},
				"east": {"uv": [5, 9, 5.25, 10.5], "rotation": 90, "texture": "#0"},
				"south": {"uv": [5, 10.25, 5.25, 10.5], "texture": "#0"},
				"west": {"uv": [5, 9, 5.25, 10.5], "rotation": 270, "texture": "#0"},
				"up": {"uv": [5, 9, 5.25, 10.5], "texture": "#0"},
				"down": {"uv": [5, 10.5, 5.25, 9], "texture": "#0"}
			}
		},
		{
			"name": "tec9_48",
			"from": [8.5, 0, 9],
			"to": [8.75, 1, 9.5],
			"faces": {
				"north": {"uv": [8.75, 9, 8.5, 9.25], "texture": "#0"},
				"east": {"uv": [8.5, 9, 8.75, 9.5], "rotation": 90, "texture": "#0"},
				"south": {"uv": [8.5, 9.25, 8.75, 9.5], "texture": "#0"},
				"west": {"uv": [8.5, 9, 8.75, 9.5], "rotation": 270, "texture": "#0"},
				"up": {"uv": [8.5, 9, 8.75, 9.5], "texture": "#0"},
				"down": {"uv": [8.5, 9.5, 8.75, 9], "texture": "#0"}
			}
		},
		{
			"name": "tec9_49",
			"from": [10, 0, 9],
			"to": [10.25, 1, 14.5],
			"faces": {
				"north": {"uv": [10.25, 9, 10, 9.25], "texture": "#0"},
				"east": {"uv": [10, 9, 10.25, 14.5], "rotation": 90, "texture": "#0"},
				"south": {"uv": [10, 14.25, 10.25, 14.5], "texture": "#0"},
				"west": {"uv": [10, 9, 10.25, 14.5], "rotation": 270, "texture": "#0"},
				"up": {"uv": [10, 9, 10.25, 14.5], "texture": "#0"},
				"down": {"uv": [10, 14.5, 10.25, 9], "texture": "#0"}
			}
		},
		{
			"name": "tec9_50",
			"from": [13.5, 0, 9],
			"to": [13.75, 1, 11],
			"faces": {
				"north": {"uv": [13.75, 9, 13.5, 9.25], "texture": "#0"},
				"east": {"uv": [13.5, 9, 13.75, 11], "rotation": 90, "texture": "#0"},
				"south": {"uv": [13.5, 10.75, 13.75, 11], "texture": "#0"},
				"west": {"uv": [13.5, 9, 13.75, 11], "rotation": 270, "texture": "#0"},
				"up": {"uv": [13.5, 9, 13.75, 11], "texture": "#0"},
				"down": {"uv": [13.5, 11, 13.75, 9], "texture": "#0"}
			}
		},
		{
			"name": "tec9_51",
			"from": [4.75, 0, 9.25],
			"to": [5, 1, 10.75],
			"faces": {
				"north": {"uv": [5, 9.25, 4.75, 9.5], "texture": "#0"},
				"east": {"uv": [4.75, 9.25, 5, 10.75], "rotation": 90, "texture": "#0"},
				"south": {"uv": [4.75, 10.5, 5, 10.75], "texture": "#0"},
				"west": {"uv": [4.75, 9.25, 5, 10.75], "rotation": 270, "texture": "#0"},
				"up": {"uv": [4.75, 9.25, 5, 10.75], "texture": "#0"},
				"down": {"uv": [4.75, 10.75, 5, 9.25], "texture": "#0"}
			}
		},
		{
			"name": "tec9_52",
			"from": [8.75, 0, 9.25],
			"to": [9, 1, 9.75],
			"faces": {
				"north": {"uv": [9, 9.25, 8.75, 9.5], "texture": "#0"},
				"east": {"uv": [8.75, 9.25, 9, 9.75], "rotation": 90, "texture": "#0"},
				"south": {"uv": [8.75, 9.5, 9, 9.75], "texture": "#0"},
				"west": {"uv": [8.75, 9.25, 9, 9.75], "rotation": 270, "texture": "#0"},
				"up": {"uv": [8.75, 9.25, 9, 9.75], "texture": "#0"},
				"down": {"uv": [8.75, 9.75, 9, 9.25], "texture": "#0"}
			}
		},
		{
			"name": "tec9_53",
			"from": [13.75, 0, 9.25],
			"to": [14, 1, 10.75],
			"faces": {
				"north": {"uv": [14, 9.25, 13.75, 9.5], "texture": "#0"},
				"east": {"uv": [13.75, 9.25, 14, 10.75], "rotation": 90, "texture": "#0"},
				"south": {"uv": [13.75, 10.5, 14, 10.75], "texture": "#0"},
				"west": {"uv": [13.75, 9.25, 14, 10.75], "rotation": 270, "texture": "#0"},
				"up": {"uv": [13.75, 9.25, 14, 10.75], "texture": "#0"},
				"down": {"uv": [13.75, 10.75, 14, 9.25], "texture": "#0"}
			}
		},
		{
			"name": "tec9_54",
			"from": [4.5, 0, 9.5],
			"to": [4.75, 1, 11],
			"faces": {
				"north": {"uv": [4.75, 9.5, 4.5, 9.75], "texture": "#0"},
				"east": {"uv": [4.5, 9.5, 4.75, 11], "rotation": 90, "texture": "#0"},
				"south": {"uv": [4.5, 10.75, 4.75, 11], "texture": "#0"},
				"west": {"uv": [4.5, 9.5, 4.75, 11], "rotation": 270, "texture": "#0"},
				"up": {"uv": [4.5, 9.5, 4.75, 11], "texture": "#0"},
				"down": {"uv": [4.5, 11, 4.75, 9.5], "texture": "#0"}
			}
		},
		{
			"name": "tec9_55",
			"from": [9, 0, 9.5],
			"to": [9.25, 1, 10],
			"faces": {
				"north": {"uv": [9.25, 9.5, 9, 9.75], "texture": "#0"},
				"east": {"uv": [9, 9.5, 9.25, 10], "rotation": 90, "texture": "#0"},
				"south": {"uv": [9, 9.75, 9.25, 10], "texture": "#0"},
				"west": {"uv": [9, 9.5, 9.25, 10], "rotation": 270, "texture": "#0"},
				"up": {"uv": [9, 9.5, 9.25, 10], "texture": "#0"},
				"down": {"uv": [9, 10, 9.25, 9.5], "texture": "#0"}
			}
		},
		{
			"name": "tec9_56",
			"from": [14, 0, 9.5],
			"to": [14.25, 1, 9.75],
			"faces": {
				"north": {"uv": [14.25, 9.5, 14, 9.75], "texture": "#0"},
				"east": {"uv": [14, 9.5, 14.25, 9.75], "rotation": 90, "texture": "#0"},
				"south": {"uv": [14, 9.5, 14.25, 9.75], "texture": "#0"},
				"west": {"uv": [14, 9.5, 14.25, 9.75], "rotation": 270, "texture": "#0"},
				"up": {"uv": [14, 9.5, 14.25, 9.75], "texture": "#0"},
				"down": {"uv": [14, 9.75, 14.25, 9.5], "texture": "#0"}
			}
		},
		{
			"name": "tec9_57",
			"from": [4.25, 0, 9.75],
			"to": [4.5, 1, 11.25],
			"faces": {
				"north": {"uv": [4.5, 9.75, 4.25, 10], "texture": "#0"},
				"east": {"uv": [4.25, 9.75, 4.5, 11.25], "rotation": 90, "texture": "#0"},
				"south": {"uv": [4.25, 11, 4.5, 11.25], "texture": "#0"},
				"west": {"uv": [4.25, 9.75, 4.5, 11.25], "rotation": 270, "texture": "#0"},
				"up": {"uv": [4.25, 9.75, 4.5, 11.25], "texture": "#0"},
				"down": {"uv": [4.25, 11.25, 4.5, 9.75], "texture": "#0"}
			}
		},
		{
			"name": "tec9_58",
			"from": [9.25, 0, 9.75],
			"to": [10, 1, 10.25],
			"faces": {
				"north": {"uv": [10, 9.75, 9.25, 10], "texture": "#0"},
				"east": {"uv": [9.75, 9.75, 10, 10.25], "rotation": 90, "texture": "#0"},
				"south": {"uv": [9.25, 10, 10, 10.25], "texture": "#0"},
				"west": {"uv": [9.25, 9.75, 9.5, 10.25], "rotation": 270, "texture": "#0"},
				"up": {"uv": [9.25, 9.75, 10, 10.25], "texture": "#0"},
				"down": {"uv": [9.25, 10.25, 10, 9.75], "texture": "#0"}
			}
		},
		{
			"name": "tec9_59",
			"from": [4, 0, 10],
			"to": [4.25, 1, 11.5],
			"faces": {
				"north": {"uv": [4.25, 10, 4, 10.25], "texture": "#0"},
				"east": {"uv": [4, 10, 4.25, 11.5], "rotation": 90, "texture": "#0"},
				"south": {"uv": [4, 11.25, 4.25, 11.5], "texture": "#0"},
				"west": {"uv": [4, 10, 4.25, 11.5], "rotation": 270, "texture": "#0"},
				"up": {"uv": [4, 10, 4.25, 11.5], "texture": "#0"},
				"down": {"uv": [4, 11.5, 4.25, 10], "texture": "#0"}
			}
		},
		{
			"name": "tec9_60",
			"from": [3.75, 0, 10.25],
			"to": [4, 1, 11.75],
			"faces": {
				"north": {"uv": [4, 10.25, 3.75, 10.5], "texture": "#0"},
				"east": {"uv": [3.75, 10.25, 4, 11.75], "rotation": 90, "texture": "#0"},
				"south": {"uv": [3.75, 11.5, 4, 11.75], "texture": "#0"},
				"west": {"uv": [3.75, 10.25, 4, 11.75], "rotation": 270, "texture": "#0"},
				"up": {"uv": [3.75, 10.25, 4, 11.75], "texture": "#0"},
				"down": {"uv": [3.75, 11.75, 4, 10.25], "texture": "#0"}
			}
		},
		{
			"name": "tec9_61",
			"from": [9.5, 0, 10.25],
			"to": [10, 1, 14.25],
			"faces": {
				"north": {"uv": [10, 10.25, 9.5, 10.5], "texture": "#0"},
				"east": {"uv": [9.75, 10.25, 10, 14.25], "rotation": 90, "texture": "#0"},
				"south": {"uv": [9.5, 14, 10, 14.25], "texture": "#0"},
				"west": {"uv": [9.5, 10.25, 9.75, 14.25], "rotation": 270, "texture": "#0"},
				"up": {"uv": [9.5, 10.25, 10, 14.25], "texture": "#0"},
				"down": {"uv": [9.5, 14.25, 10, 10.25], "texture": "#0"}
			}
		},
		{
			"name": "tec9_62",
			"from": [3.5, 0, 10.5],
			"to": [3.75, 1, 12],
			"faces": {
				"north": {"uv": [3.75, 10.5, 3.5, 10.75], "texture": "#0"},
				"east": {"uv": [3.5, 10.5, 3.75, 12], "rotation": 90, "texture": "#0"},
				"south": {"uv": [3.5, 11.75, 3.75, 12], "texture": "#0"},
				"west": {"uv": [3.5, 10.5, 3.75, 12], "rotation": 270, "texture": "#0"},
				"up": {"uv": [3.5, 10.5, 3.75, 12], "texture": "#0"},
				"down": {"uv": [3.5, 12, 3.75, 10.5], "texture": "#0"}
			}
		},
		{
			"name": "tec9_63",
			"from": [3.25, 0, 10.75],
			"to": [3.5, 1, 12.25],
			"faces": {
				"north": {"uv": [3.5, 10.75, 3.25, 11], "texture": "#0"},
				"east": {"uv": [3.25, 10.75, 3.5, 12.25], "rotation": 90, "texture": "#0"},
				"south": {"uv": [3.25, 12, 3.5, 12.25], "texture": "#0"},
				"west": {"uv": [3.25, 10.75, 3.5, 12.25], "rotation": 270, "texture": "#0"},
				"up": {"uv": [3.25, 10.75, 3.5, 12.25], "texture": "#0"},
				"down": {"uv": [3.25, 12.25, 3.5, 10.75], "texture": "#0"}
			}
		},
		{
			"name": "tec9_64",
			"from": [3, 0, 11],
			"to": [3.25, 1, 12.5],
			"faces": {
				"north": {"uv": [3.25, 11, 3, 11.25], "texture": "#0"},
				"east": {"uv": [3, 11, 3.25, 12.5], "rotation": 90, "texture": "#0"},
				"south": {"uv": [3, 12.25, 3.25, 12.5], "texture": "#0"},
				"west": {"uv": [3, 11, 3.25, 12.5], "rotation": 270, "texture": "#0"},
				"up": {"uv": [3, 11, 3.25, 12.5], "texture": "#0"},
				"down": {"uv": [3, 12.5, 3.25, 11], "texture": "#0"}
			}
		},
		{
			"name": "tec9_65",
			"from": [9.25, 0, 11],
			"to": [9.5, 1, 14],
			"faces": {
				"north": {"uv": [9.5, 11, 9.25, 11.25], "texture": "#0"},
				"east": {"uv": [9.25, 11, 9.5, 14], "rotation": 90, "texture": "#0"},
				"south": {"uv": [9.25, 13.75, 9.5, 14], "texture": "#0"},
				"west": {"uv": [9.25, 11, 9.5, 14], "rotation": 270, "texture": "#0"},
				"up": {"uv": [9.25, 11, 9.5, 14], "texture": "#0"},
				"down": {"uv": [9.25, 14, 9.5, 11], "texture": "#0"}
			}
		},
		{
			"name": "tec9_66",
			"from": [2.75, 0, 11.25],
			"to": [3, 1, 12.75],
			"faces": {
				"north": {"uv": [3, 11.25, 2.75, 11.5], "texture": "#0"},
				"east": {"uv": [2.75, 11.25, 3, 12.75], "rotation": 90, "texture": "#0"},
				"south": {"uv": [2.75, 12.5, 3, 12.75], "texture": "#0"},
				"west": {"uv": [2.75, 11.25, 3, 12.75], "rotation": 270, "texture": "#0"},
				"up": {"uv": [2.75, 11.25, 3, 12.75], "texture": "#0"},
				"down": {"uv": [2.75, 12.75, 3, 11.25], "texture": "#0"}
			}
		},
		{
			"name": "tec9_67",
			"from": [2.5, 0, 11.5],
			"to": [2.75, 1, 12.5],
			"faces": {
				"north": {"uv": [2.75, 11.5, 2.5, 11.75], "texture": "#0"},
				"east": {"uv": [2.5, 11.5, 2.75, 12.5], "rotation": 90, "texture": "#0"},
				"south": {"uv": [2.5, 12.25, 2.75, 12.5], "texture": "#0"},
				"west": {"uv": [2.5, 11.5, 2.75, 12.5], "rotation": 270, "texture": "#0"},
				"up": {"uv": [2.5, 11.5, 2.75, 12.5], "texture": "#0"},
				"down": {"uv": [2.5, 12.5, 2.75, 11.5], "texture": "#0"}
			}
		},
		{
			"name": "tec9_68",
			"from": [9, 0, 11.5],
			"to": [9.25, 1, 13.75],
			"faces": {
				"north": {"uv": [9.25, 11.5, 9, 11.75], "texture": "#0"},
				"east": {"uv": [9, 11.5, 9.25, 13.75], "rotation": 90, "texture": "#0"},
				"south": {"uv": [9, 13.5, 9.25, 13.75], "texture": "#0"},
				"west": {"uv": [9, 11.5, 9.25, 13.75], "rotation": 270, "texture": "#0"},
				"up": {"uv": [9, 11.5, 9.25, 13.75], "texture": "#0"},
				"down": {"uv": [9, 13.75, 9.25, 11.5], "texture": "#0"}
			}
		},
		{
			"name": "tec9_69",
			"from": [2.25, 0, 11.75],
			"to": [2.5, 1, 12.25],
			"faces": {
				"north": {"uv": [2.5, 11.75, 2.25, 12], "texture": "#0"},
				"east": {"uv": [2.25, 11.75, 2.5, 12.25], "rotation": 90, "texture": "#0"},
				"south": {"uv": [2.25, 12, 2.5, 12.25], "texture": "#0"},
				"west": {"uv": [2.25, 11.75, 2.5, 12.25], "rotation": 270, "texture": "#0"},
				"up": {"uv": [2.25, 11.75, 2.5, 12.25], "texture": "#0"},
				"down": {"uv": [2.25, 12.25, 2.5, 11.75], "texture": "#0"}
			}
		},
		{
			"name": "tec9_70",
			"from": [8.75, 0, 12],
			"to": [9, 1, 13.5],
			"faces": {
				"north": {"uv": [9, 12, 8.75, 12.25], "texture": "#0"},
				"east": {"uv": [8.75, 12, 9, 13.5], "rotation": 90, "texture": "#0"},
				"south": {"uv": [8.75, 13.25, 9, 13.5], "texture": "#0"},
				"west": {"uv": [8.75, 12, 9, 13.5], "rotation": 270, "texture": "#0"},
				"up": {"uv": [8.75, 12, 9, 13.5], "texture": "#0"},
				"down": {"uv": [8.75, 13.5, 9, 12], "texture": "#0"}
			}
		},
		{
			"name": "tec9_71",
			"from": [8.5, 0, 12.5],
			"to": [8.75, 1, 13.25],
			"faces": {
				"north": {"uv": [8.75, 12.5, 8.5, 12.75], "texture": "#0"},
				"east": {"uv": [8.5, 12.5, 8.75, 13.25], "rotation": 90, "texture": "#0"},
				"south": {"uv": [8.5, 13, 8.75, 13.25], "texture": "#0"},
				"west": {"uv": [8.5, 12.5, 8.75, 13.25], "rotation": 270, "texture": "#0"},
				"up": {"uv": [8.5, 12.5, 8.75, 13.25], "texture": "#0"},
				"down": {"uv": [8.5, 13.25, 8.75, 12.5], "texture": "#0"}
			}
		},
		{
			"name": "tec9_72",
			"from": [9.75, 0, 14.25],
			"to": [10, 1, 14.5],
			"faces": {
				"north": {"uv": [10, 14.25, 9.75, 14.5], "texture": "#0"},
				"east": {"uv": [9.75, 14.25, 10, 14.5], "rotation": 90, "texture": "#0"},
				"south": {"uv": [9.75, 14.25, 10, 14.5], "texture": "#0"},
				"west": {"uv": [9.75, 14.25, 10, 14.5], "rotation": 270, "texture": "#0"},
				"up": {"uv": [9.75, 14.25, 10, 14.5], "texture": "#0"},
				"down": {"uv": [9.75, 14.5, 10, 14.25], "texture": "#0"}
			}
		}
	],
	"display": {
		"thirdperson_righthand": {
			"rotation": [45, 0, 90],
			"translation": [-5.5, 0.75, 0],
			"scale": [0.75, 0.75, 0.75]
		},
		"thirdperson_lefthand": {
			"rotation": [45, 0, -90],
			"translation": [5.5, 0.75, 0],
			"scale": [0.75, 0.75, 0.75]
		},
		"firstperson_righthand": {
			"rotation": [45, 0, 90],
			"translation": [-5.75, 1.5, 0],
			"scale": [0.75, 0.75, 0.75]
		},
		"firstperson_lefthand": {
			"rotation": [45, 0, -90],
			"translation": [5.5, 1.5, 0],
			"scale": [0.75, 0.75, 0.75]
		},
		"ground": {
			"rotation": [90, 0, 90],
			"translation": [-4, 0, 0],
			"scale": [0.5, 0.5, 0.5]
		},
		"gui": {
			"rotation": [90, 0, 0],
			"translation": [0, 0.5, 0]
		},
		"head": {
			"rotation": [45, 0, 90],
			"translation": [-7.5, 8.25, -1.5]
		},
		"fixed": {
			"rotation": [90, 0, 0],
			"translation": [0, 0, 7]
		}
	},
	"groups": [
		{
			"name": "tec9",
			"origin": [8, 8, 8],
			"children": [0, 1, 2, 3, 4, 5, 6, 7, 8, 9, 10, 11, 12, 13, 14, 15, 16, 17, 18, 19, 20, 21, 22, 23, 24, 25, 26, 27, 28, 29, 30, 31, 32, 33, 34, 35, 36, 37, 38, 39, 40, 41, 42, 43, 44, 45, 46, 47, 48, 49, 50, 51, 52, 53, 54, 55, 56, 57, 58, 59, 60, 61, 62, 63, 64, 65, 66, 67, 68, 69, 70, 71, 72]
		}
	]
}