{
	"credit": "Made with Blockbench",
	"textures": {
		"0": "gun_textures/trackerlauncher",
		"particle": "gun_textures/trackerlauncher"
	},
	"elements": [
		{
			"name": "TrackerLauncher_0",
			"from": [2.25, 0, 0],
			"to": [3, 1.25, 4.75],
			"faces": {
				"north": {"uv": [3, 0, 2.25, 0.25], "texture": "#0"},
				"east": {"uv": [2.75, 0, 3, 4.75], "rotation": 90, "texture": "#0"},
				"south": {"uv": [2.25, 4.5, 3, 4.75], "texture": "#0"},
				"west": {"uv": [2.25, 0, 2.5, 4.75], "rotation": 270, "texture": "#0"},
				"up": {"uv": [2.25, 0, 3, 4.75], "texture": "#0"},
				"down": {"uv": [2.25, 4.75, 3, 0], "texture": "#0"}
			}
		},
		{
			"name": "TrackerLauncher_1",
			"from": [2, 0, 0.25],
			"to": [2.25, 1.25, 4.5],
			"faces": {
				"north": {"uv": [2.25, 0.25, 2, 0.5], "texture": "#0"},
				"south": {"uv": [2, 4.25, 2.25, 4.5], "texture": "#0"},
				"west": {"uv": [2, 0.25, 2.25, 4.5], "rotation": 270, "texture": "#0"},
				"up": {"uv": [2, 0.25, 2.25, 4.5], "texture": "#0"},
				"down": {"uv": [2, 4.5, 2.25, 0.25], "texture": "#0"}
			}
		},
		{
			"name": "TrackerLauncher_2",
			"from": [3, 0, 0.25],
			"to": [3.25, 1.25, 5.5],
			"faces": {
				"north": {"uv": [3.25, 0.25, 3, 0.5], "texture": "#0"},
				"east": {"uv": [3, 0.25, 3.25, 5.5], "rotation": 90, "texture": "#0"},
				"south": {"uv": [3, 5.25, 3.25, 5.5], "texture": "#0"},
				"west": {"uv": [3, 0.25, 3.25, 5.5], "rotation": 270, "texture": "#0"},
				"up": {"uv": [3, 0.25, 3.25, 5.5], "texture": "#0"},
				"down": {"uv": [3, 5.5, 3.25, 0.25], "texture": "#0"}
			}
		},
		{
			"name": "TrackerLauncher_3",
			"from": [1.75, 0, 0.5],
			"to": [2, 1.25, 4.25],
			"faces": {
				"north": {"uv": [2, 0.5, 1.75, 0.75], "texture": "#0"},
				"south": {"uv": [1.75, 4, 2, 4.25], "texture": "#0"},
				"west": {"uv": [1.75, 0.5, 2, 4.25], "rotation": 270, "texture": "#0"},
				"up": {"uv": [1.75, 0.5, 2, 4.25], "texture": "#0"},
				"down": {"uv": [1.75, 4.25, 2, 0.5], "texture": "#0"}
			}
		},
		{
			"name": "TrackerLauncher_4",
			"from": [3.25, 0, 0.5],
			"to": [3.5, 1.25, 7.5],
			"faces": {
				"north": {"uv": [3.5, 0.5, 3.25, 0.75], "texture": "#0"},
				"east": {"uv": [3.25, 0.5, 3.5, 7.5], "rotation": 90, "texture": "#0"},
				"south": {"uv": [3.25, 7.25, 3.5, 7.5], "texture": "#0"},
				"west": {"uv": [3.25, 0.5, 3.5, 7.5], "rotation": 270, "texture": "#0"},
				"up": {"uv": [3.25, 0.5, 3.5, 7.5], "texture": "#0"},
				"down": {"uv": [3.25, 7.5, 3.5, 0.5], "texture": "#0"}
			}
		},
		{
			"name": "TrackerLauncher_5",
			"from": [1.5, 0, 0.75],
			"to": [1.75, 1.25, 4],
			"faces": {
				"north": {"uv": [1.75, 0.75, 1.5, 1], "texture": "#0"},
				"south": {"uv": [1.5, 3.75, 1.75, 4], "texture": "#0"},
				"west": {"uv": [1.5, 0.75, 1.75, 4], "rotation": 270, "texture": "#0"},
				"up": {"uv": [1.5, 0.75, 1.75, 4], "texture": "#0"},
				"down": {"uv": [1.5, 4, 1.75, 0.75], "texture": "#0"}
			}
		},
		{
			"name": "TrackerLauncher_6",
			"from": [3.5, 0, 0.75],
			"to": [3.75, 1.25, 7.25],
			"faces": {
				"north": {"uv": [3.75, 0.75, 3.5, 1], "texture": "#0"},
				"east": {"uv": [3.5, 0.75, 3.75, 7.25], "rotation": 90, "texture": "#0"},
				"south": {"uv": [3.5, 7, 3.75, 7.25], "texture": "#0"},
				"up": {"uv": [3.5, 0.75, 3.75, 7.25], "texture": "#0"},
				"down": {"uv": [3.5, 7.25, 3.75, 0.75], "texture": "#0"}
			}
		},
		{
			"name": "TrackerLauncher_7",
			"from": [1.25, 0, 1],
			"to": [1.5, 1.25, 3.75],
			"faces": {
				"north": {"uv": [1.5, 1, 1.25, 1.25], "texture": "#0"},
				"south": {"uv": [1.25, 3.5, 1.5, 3.75], "texture": "#0"},
				"west": {"uv": [1.25, 1, 1.5, 3.75], "rotation": 270, "texture": "#0"},
				"up": {"uv": [1.25, 1, 1.5, 3.75], "texture": "#0"},
				"down": {"uv": [1.25, 3.75, 1.5, 1], "texture": "#0"}
			}
		},
		{
			"name": "TrackerLauncher_8",
			"from": [3.75, 0, 1],
			"to": [4, 1.25, 7],
			"faces": {
				"north": {"uv": [4, 1, 3.75, 1.25], "texture": "#0"},
				"east": {"uv": [3.75, 1, 4, 7], "rotation": 90, "texture": "#0"},
				"south": {"uv": [3.75, 6.75, 4, 7], "texture": "#0"},
				"up": {"uv": [3.75, 1, 4, 7], "texture": "#0"},
				"down": {"uv": [3.75, 7, 4, 1], "texture": "#0"}
			}
		},
		{
			"name": "TrackerLauncher_9",
			"from": [1, 0, 1.25],
			"to": [1.25, 1.25, 3.5],
			"faces": {
				"north": {"uv": [1.25, 1.25, 1, 1.5], "texture": "#0"},
				"south": {"uv": [1, 3.25, 1.25, 3.5], "texture": "#0"},
				"west": {"uv": [1, 1.25, 1.25, 3.5], "rotation": 270, "texture": "#0"},
				"up": {"uv": [1, 1.25, 1.25, 3.5], "texture": "#0"},
				"down": {"uv": [1, 3.5, 1.25, 1.25], "texture": "#0"}
			}
		},
		{
			"name": "TrackerLauncher_10",
			"from": [4, 0, 1.25],
			"to": [4.25, 1.25, 6.75],
			"faces": {
				"north": {"uv": [4.25, 1.25, 4, 1.5], "texture": "#0"},
				"east": {"uv": [4, 1.25, 4.25, 6.75], "rotation": 90, "texture": "#0"},
				"south": {"uv": [4, 6.5, 4.25, 6.75], "texture": "#0"},
				"up": {"uv": [4, 1.25, 4.25, 6.75], "texture": "#0"},
				"down": {"uv": [4, 6.75, 4.25, 1.25], "texture": "#0"}
			}
		},
		{
			"name": "TrackerLauncher_11",
			"from": [0.75, 0, 1.5],
			"to": [1, 1.25, 3.25],
			"faces": {
				"north": {"uv": [1, 1.5, 0.75, 1.75], "texture": "#0"},
				"south": {"uv": [0.75, 3, 1, 3.25], "texture": "#0"},
				"west": {"uv": [0.75, 1.5, 1, 3.25], "rotation": 270, "texture": "#0"},
				"up": {"uv": [0.75, 1.5, 1, 3.25], "texture": "#0"},
				"down": {"uv": [0.75, 3.25, 1, 1.5], "texture": "#0"}
			}
		},
		{
			"name": "TrackerLauncher_12",
			"from": [4.25, 0, 1.5],
			"to": [4.5, 1.25, 6.75],
			"faces": {
				"north": {"uv": [4.5, 1.5, 4.25, 1.75], "texture": "#0"},
				"east": {"uv": [4.25, 1.5, 4.5, 6.75], "rotation": 90, "texture": "#0"},
				"south": {"uv": [4.25, 6.5, 4.5, 6.75], "texture": "#0"},
				"up": {"uv": [4.25, 1.5, 4.5, 6.75], "texture": "#0"},
				"down": {"uv": [4.25, 6.75, 4.5, 1.5], "texture": "#0"}
			}
		},
		{
			"name": "TrackerLauncher_13",
			"from": [0.5, 0, 1.75],
			"to": [0.75, 1.25, 3],
			"faces": {
				"north": {"uv": [0.75, 1.75, 0.5, 2], "texture": "#0"},
				"south": {"uv": [0.5, 2.75, 0.75, 3], "texture": "#0"},
				"west": {"uv": [0.5, 1.75, 0.75, 3], "rotation": 270, "texture": "#0"},
				"up": {"uv": [0.5, 1.75, 0.75, 3], "texture": "#0"},
				"down": {"uv": [0.5, 3, 0.75, 1.75], "texture": "#0"}
			}
		},
		{
			"name": "TrackerLauncher_14",
			"from": [4.5, 0, 1.75],
			"to": [4.75, 1.25, 7],
			"faces": {
				"north": {"uv": [4.75, 1.75, 4.5, 2], "texture": "#0"},
				"east": {"uv": [4.5, 1.75, 4.75, 7], "rotation": 90, "texture": "#0"},
				"south": {"uv": [4.5, 6.75, 4.75, 7], "texture": "#0"},
				"west": {"uv": [4.5, 1.75, 4.75, 7], "rotation": 270, "texture": "#0"},
				"up": {"uv": [4.5, 1.75, 4.75, 7], "texture": "#0"},
				"down": {"uv": [4.5, 7, 4.75, 1.75], "texture": "#0"}
			}
		},
		{
			"name": "TrackerLauncher_15",
			"from": [0.25, 0, 2],
			"to": [0.5, 1.25, 2.75],
			"faces": {
				"north": {"uv": [0.5, 2, 0.25, 2.25], "texture": "#0"},
				"south": {"uv": [0.25, 2.5, 0.5, 2.75], "texture": "#0"},
				"west": {"uv": [0.25, 2, 0.5, 2.75], "rotation": 270, "texture": "#0"},
				"up": {"uv": [0.25, 2, 0.5, 2.75], "texture": "#0"},
				"down": {"uv": [0.25, 2.75, 0.5, 2], "texture": "#0"}
			}
		},
		{
			"name": "TrackerLauncher_16",
			"from": [4.75, 0, 2],
			"to": [5, 1.25, 7.25],
			"faces": {
				"north": {"uv": [5, 2, 4.75, 2.25], "texture": "#0"},
				"east": {"uv": [4.75, 2, 5, 7.25], "rotation": 90, "texture": "#0"},
				"south": {"uv": [4.75, 7, 5, 7.25], "texture": "#0"},
				"west": {"uv": [4.75, 2, 5, 7.25], "rotation": 270, "texture": "#0"},
				"up": {"uv": [4.75, 2, 5, 7.25], "texture": "#0"},
				"down": {"uv": [4.75, 7.25, 5, 2], "texture": "#0"}
			}
		},
		{
			"name": "TrackerLauncher_17",
			"from": [0, 0, 2.25],
			"to": [0.25, 1.25, 2.5],
			"faces": {
				"north": {"uv": [0.25, 2.25, 0, 2.5], "texture": "#0"},
				"south": {"uv": [0, 2.25, 0.25, 2.5], "texture": "#0"},
				"west": {"uv": [0, 2.25, 0.25, 2.5], "rotation": 270, "texture": "#0"},
				"up": {"uv": [0, 2.25, 0.25, 2.5], "texture": "#0"},
				"down": {"uv": [0, 2.5, 0.25, 2.25], "texture": "#0"}
			}
		},
		{
			"name": "TrackerLauncher_18",
			"from": [5, 0, 2.25],
			"to": [5.25, 1.25, 7.5],
			"faces": {
				"north": {"uv": [5.25, 2.25, 5, 2.5], "texture": "#0"},
				"east": {"uv": [5, 2.25, 5.25, 7.5], "rotation": 90, "texture": "#0"},
				"south": {"uv": [5, 7.25, 5.25, 7.5], "texture": "#0"},
				"west": {"uv": [5, 2.25, 5.25, 7.5], "rotation": 270, "texture": "#0"},
				"up": {"uv": [5, 2.25, 5.25, 7.5], "texture": "#0"},
				"down": {"uv": [5, 7.5, 5.25, 2.25], "texture": "#0"}
			}
		},
		{
			"name": "TrackerLauncher_19",
			"from": [5.25, 0, 2.5],
			"to": [5.5, 1.25, 7.75],
			"faces": {
				"north": {"uv": [5.5, 2.5, 5.25, 2.75], "texture": "#0"},
				"east": {"uv": [5.25, 2.5, 5.5, 7.75], "rotation": 90, "texture": "#0"},
				"south": {"uv": [5.25, 7.5, 5.5, 7.75], "texture": "#0"},
				"west": {"uv": [5.25, 2.5, 5.5, 7.75], "rotation": 270, "texture": "#0"},
				"up": {"uv": [5.25, 2.5, 5.5, 7.75], "texture": "#0"},
				"down": {"uv": [5.25, 7.75, 5.5, 2.5], "texture": "#0"}
			}
		},
		{
			"name": "TrackerLauncher_20",
			"from": [5.5, 0, 2.75],
			"to": [5.75, 1.25, 8],
			"faces": {
				"north": {"uv": [5.75, 2.75, 5.5, 3], "texture": "#0"},
				"east": {"uv": [5.5, 2.75, 5.75, 8], "rotation": 90, "texture": "#0"},
				"south": {"uv": [5.5, 7.75, 5.75, 8], "texture": "#0"},
				"west": {"uv": [5.5, 2.75, 5.75, 8], "rotation": 270, "texture": "#0"},
				"up": {"uv": [5.5, 2.75, 5.75, 8], "texture": "#0"},
				"down": {"uv": [5.5, 8, 5.75, 2.75], "texture": "#0"}
			}
		},
		{
			"name": "TrackerLauncher_21",
			"from": [5.75, 0, 3],
			"to": [6, 1.25, 8.25],
			"faces": {
				"north": {"uv": [6, 3, 5.75, 3.25], "texture": "#0"},
				"east": {"uv": [5.75, 3, 6, 8.25], "rotation": 90, "texture": "#0"},
				"south": {"uv": [5.75, 8, 6, 8.25], "texture": "#0"},
				"west": {"uv": [5.75, 3, 6, 8.25], "rotation": 270, "texture": "#0"},
				"up": {"uv": [5.75, 3, 6, 8.25], "texture": "#0"},
				"down": {"uv": [5.75, 8.25, 6, 3], "texture": "#0"}
			}
		},
		{
			"name": "TrackerLauncher_22",
			"from": [6, 0, 3.25],
			"to": [6.25, 1.25, 8.5],
			"faces": {
				"north": {"uv": [6.25, 3.25, 6, 3.5], "texture": "#0"},
				"east": {"uv": [6, 3.25, 6.25, 8.5], "rotation": 90, "texture": "#0"},
				"south": {"uv": [6, 8.25, 6.25, 8.5], "texture": "#0"},
				"west": {"uv": [6, 3.25, 6.25, 8.5], "rotation": 270, "texture": "#0"},
				"up": {"uv": [6, 3.25, 6.25, 8.5], "texture": "#0"},
				"down": {"uv": [6, 8.5, 6.25, 3.25], "texture": "#0"}
			}
		},
		{
			"name": "TrackerLauncher_23",
			"from": [6.25, 0, 3.5],
			"to": [6.5, 1.25, 8.75],
			"faces": {
				"north": {"uv": [6.5, 3.5, 6.25, 3.75], "texture": "#0"},
				"east": {"uv": [6.25, 3.5, 6.5, 8.75], "rotation": 90, "texture": "#0"},
				"south": {"uv": [6.25, 8.5, 6.5, 8.75], "texture": "#0"},
				"west": {"uv": [6.25, 3.5, 6.5, 8.75], "rotation": 270, "texture": "#0"},
				"up": {"uv": [6.25, 3.5, 6.5, 8.75], "texture": "#0"},
				"down": {"uv": [6.25, 8.75, 6.5, 3.5], "texture": "#0"}
			}
		},
		{
			"name": "TrackerLauncher_24",
			"from": [6.5, 0, 3.75],
			"to": [6.75, 1.25, 9],
			"faces": {
				"north": {"uv": [6.75, 3.75, 6.5, 4], "texture": "#0"},
				"east": {"uv": [6.5, 3.75, 6.75, 9], "rotation": 90, "texture": "#0"},
				"south": {"uv": [6.5, 8.75, 6.75, 9], "texture": "#0"},
				"west": {"uv": [6.5, 3.75, 6.75, 9], "rotation": 270, "texture": "#0"},
				"up": {"uv": [6.5, 3.75, 6.75, 9], "texture": "#0"},
				"down": {"uv": [6.5, 9, 6.75, 3.75], "texture": "#0"}
			}
		},
		{
			"name": "TrackerLauncher_25",
			"from": [6.75, 0, 4],
			"to": [7, 1.25, 9.25],
			"faces": {
				"north": {"uv": [7, 4, 6.75, 4.25], "texture": "#0"},
				"east": {"uv": [6.75, 4, 7, 9.25], "rotation": 90, "texture": "#0"},
				"south": {"uv": [6.75, 9, 7, 9.25], "texture": "#0"},
				"west": {"uv": [6.75, 4, 7, 9.25], "rotation": 270, "texture": "#0"},
				"up": {"uv": [6.75, 4, 7, 9.25], "texture": "#0"},
				"down": {"uv": [6.75, 9.25, 7, 4], "texture": "#0"}
			}
		},
		{
			"name": "TrackerLauncher_26",
			"from": [7, 0, 4.25],
			"to": [7.25, 1.25, 9.5],
			"faces": {
				"north": {"uv": [7.25, 4.25, 7, 4.5], "texture": "#0"},
				"east": {"uv": [7, 4.25, 7.25, 9.5], "rotation": 90, "texture": "#0"},
				"south": {"uv": [7, 9.25, 7.25, 9.5], "texture": "#0"},
				"west": {"uv": [7, 4.25, 7.25, 9.5], "rotation": 270, "texture": "#0"},
				"up": {"uv": [7, 4.25, 7.25, 9.5], "texture": "#0"},
				"down": {"uv": [7, 9.5, 7.25, 4.25], "texture": "#0"}
			}
		},
		{
			"name": "TrackerLauncher_27",
			"from": [7.25, 0, 4.5],
			"to": [7.5, 1.25, 9.75],
			"faces": {
				"north": {"uv": [7.5, 4.5, 7.25, 4.75], "texture": "#0"},
				"east": {"uv": [7.25, 4.5, 7.5, 9.75], "rotation": 90, "texture": "#0"},
				"south": {"uv": [7.25, 9.5, 7.5, 9.75], "texture": "#0"},
				"west": {"uv": [7.25, 4.5, 7.5, 9.75], "rotation": 270, "texture": "#0"},
				"up": {"uv": [7.25, 4.5, 7.5, 9.75], "texture": "#0"},
				"down": {"uv": [7.25, 9.75, 7.5, 4.5], "texture": "#0"}
			}
		},
		{
			"name": "TrackerLauncher_28",
			"from": [2.5, 0, 4.75],
			"to": [3, 1.25, 5],
			"faces": {
				"south": {"uv": [2.5, 4.75, 3, 5], "texture": "#0"},
				"west": {"uv": [2.5, 4.75, 2.75, 5], "rotation": 270, "texture": "#0"},
				"up": {"uv": [2.5, 4.75, 3, 5], "texture": "#0"},
				"down": {"uv": [2.5, 5, 3, 4.75], "texture": "#0"}
			}
		},
		{
			"name": "TrackerLauncher_29",
			"from": [7.5, 0, 4.75],
			"to": [7.75, 1.25, 10],
			"faces": {
				"north": {"uv": [7.75, 4.75, 7.5, 5], "texture": "#0"},
				"east": {"uv": [7.5, 4.75, 7.75, 10], "rotation": 90, "texture": "#0"},
				"south": {"uv": [7.5, 9.75, 7.75, 10], "texture": "#0"},
				"west": {"uv": [7.5, 4.75, 7.75, 10], "rotation": 270, "texture": "#0"},
				"up": {"uv": [7.5, 4.75, 7.75, 10], "texture": "#0"},
				"down": {"uv": [7.5, 10, 7.75, 4.75], "texture": "#0"}
			}
		},
		{
			"name": "TrackerLauncher_30",
			"from": [2.75, 0, 5],
			"to": [3, 1.25, 5.25],
			"faces": {
				"south": {"uv": [2.75, 5, 3, 5.25], "texture": "#0"},
				"west": {"uv": [2.75, 5, 3, 5.25], "rotation": 270, "texture": "#0"},
				"up": {"uv": [2.75, 5, 3, 5.25], "texture": "#0"},
				"down": {"uv": [2.75, 5.25, 3, 5], "texture": "#0"}
			}
		},
		{
			"name": "TrackerLauncher_31",
			"from": [7.75, 0, 5],
			"to": [8, 1.25, 10.25],
			"faces": {
				"north": {"uv": [8, 5, 7.75, 5.25], "texture": "#0"},
				"east": {"uv": [7.75, 5, 8, 10.25], "rotation": 90, "texture": "#0"},
				"south": {"uv": [7.75, 10, 8, 10.25], "texture": "#0"},
				"west": {"uv": [7.75, 5, 8, 10.25], "rotation": 270, "texture": "#0"},
				"up": {"uv": [7.75, 5, 8, 10.25], "texture": "#0"},
				"down": {"uv": [7.75, 10.25, 8, 5], "texture": "#0"}
			}
		},
		{
			"name": "TrackerLauncher_32",
			"from": [8, 0, 5.25],
			"to": [8.25, 1.25, 12.75],
			"faces": {
				"north": {"uv": [8.25, 5.25, 8, 5.5], "texture": "#0"},
				"east": {"uv": [8, 5.25, 8.25, 12.75], "rotation": 90, "texture": "#0"},
				"south": {"uv": [8, 12.5, 8.25, 12.75], "texture": "#0"},
				"west": {"uv": [8, 5.25, 8.25, 12.75], "rotation": 270, "texture": "#0"},
				"up": {"uv": [8, 5.25, 8.25, 12.75], "texture": "#0"},
				"down": {"uv": [8, 12.75, 8.25, 5.25], "texture": "#0"}
			}
		},
		{
			"name": "TrackerLauncher_33",
			"from": [8.25, 0, 5.5],
			"to": [8.5, 1.25, 12],
			"faces": {
				"north": {"uv": [8.5, 5.5, 8.25, 5.75], "texture": "#0"},
				"east": {"uv": [8.25, 5.5, 8.5, 12], "rotation": 90, "texture": "#0"},
				"south": {"uv": [8.25, 11.75, 8.5, 12], "texture": "#0"},
				"up": {"uv": [8.25, 5.5, 8.5, 12], "texture": "#0"},
				"down": {"uv": [8.25, 12, 8.5, 5.5], "texture": "#0"}
			}
		},
		{
			"name": "TrackerLauncher_34",
			"from": [8.5, 0, 5.75],
			"to": [8.75, 1.25, 11.75],
			"faces": {
				"north": {"uv": [8.75, 5.75, 8.5, 6], "texture": "#0"},
				"east": {"uv": [8.5, 5.75, 8.75, 11.75], "rotation": 90, "texture": "#0"},
				"south": {"uv": [8.5, 11.5, 8.75, 11.75], "texture": "#0"},
				"up": {"uv": [8.5, 5.75, 8.75, 11.75], "texture": "#0"},
				"down": {"uv": [8.5, 11.75, 8.75, 5.75], "texture": "#0"}
			}
		},
		{
			"name": "TrackerLauncher_35",
			"from": [9, 0, 5.75],
			"to": [9.5, 1.25, 11.75],
			"faces": {
				"north": {"uv": [9.5, 5.75, 9, 6], "texture": "#0"},
				"east": {"uv": [9.25, 5.75, 9.5, 11.75], "rotation": 90, "texture": "#0"},
				"south": {"uv": [9, 11.5, 9.5, 11.75], "texture": "#0"},
				"west": {"uv": [9, 5.75, 9.25, 11.75], "rotation": 270, "texture": "#0"},
				"up": {"uv": [9, 5.75, 9.5, 11.75], "texture": "#0"},
				"down": {"uv": [9, 11.75, 9.5, 5.75], "texture": "#0"}
			}
		},
		{
			"name": "TrackerLauncher_36",
			"from": [2.75, 0, 6],
			"to": [3.25, 1.25, 8],
			"faces": {
				"north": {"uv": [3.25, 6, 2.75, 6.25], "texture": "#0"},
				"east": {"uv": [3, 6, 3.25, 8], "rotation": 90, "texture": "#0"},
				"south": {"uv": [2.75, 7.75, 3.25, 8], "texture": "#0"},
				"west": {"uv": [2.75, 6, 3, 8], "rotation": 270, "texture": "#0"},
				"up": {"uv": [2.75, 6, 3.25, 8], "texture": "#0"},
				"down": {"uv": [2.75, 8, 3.25, 6], "texture": "#0"}
			}
		},
		{
			"name": "TrackerLauncher_37",
			"from": [8.75, 0, 6],
			"to": [9, 1.25, 11.75],
			"faces": {
				"north": {"uv": [9, 6, 8.75, 6.25], "texture": "#0"},
				"south": {"uv": [8.75, 11.5, 9, 11.75], "texture": "#0"},
				"up": {"uv": [8.75, 6, 9, 11.75], "texture": "#0"},
				"down": {"uv": [8.75, 11.75, 9, 6], "texture": "#0"}
			}
		},
		{
			"name": "TrackerLauncher_38",
			"from": [9.5, 0, 6],
			"to": [9.75, 1.25, 12],
			"faces": {
				"north": {"uv": [9.75, 6, 9.5, 6.25], "texture": "#0"},
				"east": {"uv": [9.5, 6, 9.75, 12], "rotation": 90, "texture": "#0"},
				"south": {"uv": [9.5, 11.75, 9.75, 12], "texture": "#0"},
				"west": {"uv": [9.5, 6, 9.75, 12], "rotation": 270, "texture": "#0"},
				"up": {"uv": [9.5, 6, 9.75, 12], "texture": "#0"},
				"down": {"uv": [9.5, 12, 9.75, 6], "texture": "#0"}
			}
		},
		{
			"name": "TrackerLauncher_39",
			"from": [2.5, 0, 6.25],
			"to": [2.75, 1.25, 8.5],
			"faces": {
				"north": {"uv": [2.75, 6.25, 2.5, 6.5], "texture": "#0"},
				"east": {"uv": [2.5, 6.25, 2.75, 8.5], "rotation": 90, "texture": "#0"},
				"south": {"uv": [2.5, 8.25, 2.75, 8.5], "texture": "#0"},
				"west": {"uv": [2.5, 6.25, 2.75, 8.5], "rotation": 270, "texture": "#0"},
				"up": {"uv": [2.5, 6.25, 2.75, 8.5], "texture": "#0"},
				"down": {"uv": [2.5, 8.5, 2.75, 6.25], "texture": "#0"}
			}
		},
		{
			"name": "TrackerLauncher_40",
			"from": [9.75, 0, 6.25],
			"to": [10, 1.25, 12.25],
			"faces": {
				"north": {"uv": [10, 6.25, 9.75, 6.5], "texture": "#0"},
				"east": {"uv": [9.75, 6.25, 10, 12.25], "rotation": 90, "texture": "#0"},
				"south": {"uv": [9.75, 12, 10, 12.25], "texture": "#0"},
				"west": {"uv": [9.75, 6.25, 10, 12.25], "rotation": 270, "texture": "#0"},
				"up": {"uv": [9.75, 6.25, 10, 12.25], "texture": "#0"},
				"down": {"uv": [9.75, 12.25, 10, 6.25], "texture": "#0"}
			}
		},
		{
			"name": "TrackerLauncher_41",
			"from": [10, 0, 6.5],
			"to": [10.25, 1.25, 12.5],
			"faces": {
				"north": {"uv": [10.25, 6.5, 10, 6.75], "texture": "#0"},
				"east": {"uv": [10, 6.5, 10.25, 12.5], "rotation": 90, "texture": "#0"},
				"south": {"uv": [10, 12.25, 10.25, 12.5], "texture": "#0"},
				"west": {"uv": [10, 6.5, 10.25, 12.5], "rotation": 270, "texture": "#0"},
				"up": {"uv": [10, 6.5, 10.25, 12.5], "texture": "#0"},
				"down": {"uv": [10, 12.5, 10.25, 6.5], "texture": "#0"}
			}
		},
		{
			"name": "TrackerLauncher_42",
			"from": [10.25, 0, 6.75],
			"to": [10.5, 1.25, 7],
			"faces": {
				"north": {"uv": [10.5, 6.75, 10.25, 7], "texture": "#0"},
				"east": {"uv": [10.25, 6.75, 10.5, 7], "rotation": 90, "texture": "#0"},
				"south": {"uv": [10.25, 6.75, 10.5, 7], "texture": "#0"},
				"up": {"uv": [10.25, 6.75, 10.5, 7], "texture": "#0"},
				"down": {"uv": [10.25, 7, 10.5, 6.75], "texture": "#0"}
			}
		},
		{
			"name": "TrackerLauncher_43",
			"from": [2.25, 0, 7],
			"to": [2.5, 1.25, 8.25],
			"faces": {
				"north": {"uv": [2.5, 7, 2.25, 7.25], "texture": "#0"},
				"south": {"uv": [2.25, 8, 2.5, 8.25], "texture": "#0"},
				"west": {"uv": [2.25, 7, 2.5, 8.25], "rotation": 270, "texture": "#0"},
				"up": {"uv": [2.25, 7, 2.5, 8.25], "texture": "#0"},
				"down": {"uv": [2.25, 8.25, 2.5, 7], "texture": "#0"}
			}
		},
		{
			"name": "TrackerLauncher_44",
			"from": [2, 0, 7.25],
			"to": [2.25, 1.25, 8.25],
			"faces": {
				"north": {"uv": [2.25, 7.25, 2, 7.5], "texture": "#0"},
				"south": {"uv": [2, 8, 2.25, 8.25], "texture": "#0"},
				"west": {"uv": [2, 7.25, 2.25, 8.25], "rotation": 270, "texture": "#0"},
				"up": {"uv": [2, 7.25, 2.25, 8.25], "texture": "#0"},
				"down": {"uv": [2, 8.25, 2.25, 7.25], "texture": "#0"}
			}
		},
		{
			"name": "TrackerLauncher_45",
			"from": [10.25, 0, 7.5],
			"to": [10.5, 1.25, 12.75],
			"faces": {
				"north": {"uv": [10.5, 7.5, 10.25, 7.75], "texture": "#0"},
				"east": {"uv": [10.25, 7.5, 10.5, 12.75], "rotation": 90, "texture": "#0"},
				"south": {"uv": [10.25, 12.5, 10.5, 12.75], "texture": "#0"},
				"west": {"uv": [10.25, 7.5, 10.5, 12.75], "rotation": 270, "texture": "#0"},
				"up": {"uv": [10.25, 7.5, 10.5, 12.75], "texture": "#0"},
				"down": {"uv": [10.25, 12.75, 10.5, 7.5], "texture": "#0"}
			}
		},
		{
			"name": "TrackerLauncher_46",
			"from": [10.5, 0, 7.75],
			"to": [10.75, 1.25, 13],
			"faces": {
				"north": {"uv": [10.75, 7.75, 10.5, 8], "texture": "#0"},
				"east": {"uv": [10.5, 7.75, 10.75, 13], "rotation": 90, "texture": "#0"},
				"south": {"uv": [10.5, 12.75, 10.75, 13], "texture": "#0"},
				"west": {"uv": [10.5, 7.75, 10.75, 13], "rotation": 270, "texture": "#0"},
				"up": {"uv": [10.5, 7.75, 10.75, 13], "texture": "#0"},
				"down": {"uv": [10.5, 13, 10.75, 7.75], "texture": "#0"}
			}
		},
		{
			"name": "TrackerLauncher_47",
			"from": [2.75, 0, 8],
			"to": [3, 1.25, 8.25],
			"faces": {
				"east": {"uv": [2.75, 8, 3, 8.25], "rotation": 90, "texture": "#0"},
				"south": {"uv": [2.75, 8, 3, 8.25], "texture": "#0"},
				"up": {"uv": [2.75, 8, 3, 8.25], "texture": "#0"},
				"down": {"uv": [2.75, 8.25, 3, 8], "texture": "#0"}
			}
		},
		{
			"name": "TrackerLauncher_48",
			"from": [10.75, 0, 8],
			"to": [11, 1.25, 13.25],
			"faces": {
				"north": {"uv": [11, 8, 10.75, 8.25], "texture": "#0"},
				"east": {"uv": [10.75, 8, 11, 13.25], "rotation": 90, "texture": "#0"},
				"south": {"uv": [10.75, 13, 11, 13.25], "texture": "#0"},
				"west": {"uv": [10.75, 8, 11, 13.25], "rotation": 270, "texture": "#0"},
				"up": {"uv": [10.75, 8, 11, 13.25], "texture": "#0"},
				"down": {"uv": [10.75, 13.25, 11, 8], "texture": "#0"}
			}
		},
		{
			"name": "TrackerLauncher_49",
			"from": [11, 0, 8.25],
			"to": [11.25, 1.25, 13.5],
			"faces": {
				"north": {"uv": [11.25, 8.25, 11, 8.5], "texture": "#0"},
				"east": {"uv": [11, 8.25, 11.25, 13.5], "rotation": 90, "texture": "#0"},
				"south": {"uv": [11, 13.25, 11.25, 13.5], "texture": "#0"},
				"west": {"uv": [11, 8.25, 11.25, 13.5], "rotation": 270, "texture": "#0"},
				"up": {"uv": [11, 8.25, 11.25, 13.5], "texture": "#0"},
				"down": {"uv": [11, 13.5, 11.25, 8.25], "texture": "#0"}
			}
		},
		{
			"name": "TrackerLauncher_50",
			"from": [11.25, 0, 8.5],
			"to": [11.5, 1.25, 13.75],
			"faces": {
				"north": {"uv": [11.5, 8.5, 11.25, 8.75], "texture": "#0"},
				"east": {"uv": [11.25, 8.5, 11.5, 13.75], "rotation": 90, "texture": "#0"},
				"south": {"uv": [11.25, 13.5, 11.5, 13.75], "texture": "#0"},
				"west": {"uv": [11.25, 8.5, 11.5, 13.75], "rotation": 270, "texture": "#0"},
				"up": {"uv": [11.25, 8.5, 11.5, 13.75], "texture": "#0"},
				"down": {"uv": [11.25, 13.75, 11.5, 8.5], "texture": "#0"}
			}
		},
		{
			"name": "TrackerLauncher_51",
			"from": [11.5, 0, 8.75],
			"to": [11.75, 1.25, 14],
			"faces": {
				"north": {"uv": [11.75, 8.75, 11.5, 9], "texture": "#0"},
				"east": {"uv": [11.5, 8.75, 11.75, 14], "rotation": 90, "texture": "#0"},
				"south": {"uv": [11.5, 13.75, 11.75, 14], "texture": "#0"},
				"west": {"uv": [11.5, 8.75, 11.75, 14], "rotation": 270, "texture": "#0"},
				"up": {"uv": [11.5, 8.75, 11.75, 14], "texture": "#0"},
				"down": {"uv": [11.5, 14, 11.75, 8.75], "texture": "#0"}
			}
		},
		{
			"name": "TrackerLauncher_52",
			"from": [11.75, 0, 9],
			"to": [12, 1.25, 14.25],
			"faces": {
				"north": {"uv": [12, 9, 11.75, 9.25], "texture": "#0"},
				"east": {"uv": [11.75, 9, 12, 14.25], "rotation": 90, "texture": "#0"},
				"south": {"uv": [11.75, 14, 12, 14.25], "texture": "#0"},
				"west": {"uv": [11.75, 9, 12, 14.25], "rotation": 270, "texture": "#0"},
				"up": {"uv": [11.75, 9, 12, 14.25], "texture": "#0"},
				"down": {"uv": [11.75, 14.25, 12, 9], "texture": "#0"}
			}
		},
		{
			"name": "TrackerLauncher_53",
			"from": [12, 0, 9.25],
			"to": [12.25, 1.25, 14.5],
			"faces": {
				"north": {"uv": [12.25, 9.25, 12, 9.5], "texture": "#0"},
				"east": {"uv": [12, 9.25, 12.25, 14.5], "rotation": 90, "texture": "#0"},
				"south": {"uv": [12, 14.25, 12.25, 14.5], "texture": "#0"},
				"west": {"uv": [12, 9.25, 12.25, 14.5], "rotation": 270, "texture": "#0"},
				"up": {"uv": [12, 9.25, 12.25, 14.5], "texture": "#0"},
				"down": {"uv": [12, 14.5, 12.25, 9.25], "texture": "#0"}
			}
		},
		{
			"name": "TrackerLauncher_54",
			"from": [12.25, 0, 9.5],
			"to": [12.5, 1.25, 14.75],
			"faces": {
				"north": {"uv": [12.5, 9.5, 12.25, 9.75], "texture": "#0"},
				"east": {"uv": [12.25, 9.5, 12.5, 14.75], "rotation": 90, "texture": "#0"},
				"south": {"uv": [12.25, 14.5, 12.5, 14.75], "texture": "#0"},
				"west": {"uv": [12.25, 9.5, 12.5, 14.75], "rotation": 270, "texture": "#0"},
				"up": {"uv": [12.25, 9.5, 12.5, 14.75], "texture": "#0"},
				"down": {"uv": [12.25, 14.75, 12.5, 9.5], "texture": "#0"}
			}
		},
		{
			"name": "TrackerLauncher_55",
			"from": [12.5, 0, 9.75],
			"to": [12.75, 1.25, 15],
			"faces": {
				"north": {"uv": [12.75, 9.75, 12.5, 10], "texture": "#0"},
				"east": {"uv": [12.5, 9.75, 12.75, 15], "rotation": 90, "texture": "#0"},
				"south": {"uv": [12.5, 14.75, 12.75, 15], "texture": "#0"},
				"west": {"uv": [12.5, 9.75, 12.75, 15], "rotation": 270, "texture": "#0"},
				"up": {"uv": [12.5, 9.75, 12.75, 15], "texture": "#0"},
				"down": {"uv": [12.5, 15, 12.75, 9.75], "texture": "#0"}
			}
		},
		{
			"name": "TrackerLauncher_56",
			"from": [12.75, 0, 10],
			"to": [13, 1.25, 15.25],
			"faces": {
				"north": {"uv": [13, 10, 12.75, 10.25], "texture": "#0"},
				"east": {"uv": [12.75, 10, 13, 15.25], "rotation": 90, "texture": "#0"},
				"south": {"uv": [12.75, 15, 13, 15.25], "texture": "#0"},
				"west": {"uv": [12.75, 10, 13, 15.25], "rotation": 270, "texture": "#0"},
				"up": {"uv": [12.75, 10, 13, 15.25], "texture": "#0"},
				"down": {"uv": [12.75, 15.25, 13, 10], "texture": "#0"}
			}
		},
		{
			"name": "TrackerLauncher_57",
			"from": [13, 0, 10.25],
			"to": [13.25, 1.25, 15.25],
			"faces": {
				"north": {"uv": [13.25, 10.25, 13, 10.5], "texture": "#0"},
				"east": {"uv": [13, 10.25, 13.25, 15.25], "rotation": 90, "texture": "#0"},
				"south": {"uv": [13, 15, 13.25, 15.25], "texture": "#0"},
				"up": {"uv": [13, 10.25, 13.25, 15.25], "texture": "#0"},
				"down": {"uv": [13, 15.25, 13.25, 10.25], "texture": "#0"}
			}
		},
		{
			"name": "TrackerLauncher_58",
			"from": [13.25, 0, 10.5],
			"to": [13.5, 1.25, 15.5],
			"faces": {
				"north": {"uv": [13.5, 10.5, 13.25, 10.75], "texture": "#0"},
				"east": {"uv": [13.25, 10.5, 13.5, 15.5], "rotation": 90, "texture": "#0"},
				"south": {"uv": [13.25, 15.25, 13.5, 15.5], "texture": "#0"},
				"west": {"uv": [13.25, 10.5, 13.5, 15.5], "rotation": 270, "texture": "#0"},
				"up": {"uv": [13.25, 10.5, 13.5, 15.5], "texture": "#0"},
				"down": {"uv": [13.25, 15.5, 13.5, 10.5], "texture": "#0"}
			}
		},
		{
			"name": "TrackerLauncher_59",
			"from": [13.5, 0, 10.75],
			"to": [13.75, 1.25, 15.75],
			"faces": {
				"north": {"uv": [13.75, 10.75, 13.5, 11], "texture": "#0"},
				"east": {"uv": [13.5, 10.75, 13.75, 15.75], "rotation": 90, "texture": "#0"},
				"south": {"uv": [13.5, 15.5, 13.75, 15.75], "texture": "#0"},
				"west": {"uv": [13.5, 10.75, 13.75, 15.75], "rotation": 270, "texture": "#0"},
				"up": {"uv": [13.5, 10.75, 13.75, 15.75], "texture": "#0"},
				"down": {"uv": [13.5, 15.75, 13.75, 10.75], "texture": "#0"}
			}
		},
		{
			"name": "TrackerLauncher_60",
			"from": [13.75, 0, 11],
			"to": [14, 1.25, 15.5],
			"faces": {
				"north": {"uv": [14, 11, 13.75, 11.25], "texture": "#0"},
				"east": {"uv": [13.75, 11, 14, 15.5], "rotation": 90, "texture": "#0"},
				"south": {"uv": [13.75, 15.25, 14, 15.5], "texture": "#0"},
				"up": {"uv": [13.75, 11, 14, 15.5], "texture": "#0"},
				"down": {"uv": [13.75, 15.5, 14, 11], "texture": "#0"}
			}
		},
		{
			"name": "TrackerLauncher_61",
			"from": [7.75, 0, 11.25],
			"to": [8, 1.25, 13],
			"faces": {
				"north": {"uv": [8, 11.25, 7.75, 11.5], "texture": "#0"},
				"east": {"uv": [7.75, 11.25, 8, 13], "rotation": 90, "texture": "#0"},
				"south": {"uv": [7.75, 12.75, 8, 13], "texture": "#0"},
				"west": {"uv": [7.75, 11.25, 8, 13], "rotation": 270, "texture": "#0"},
				"up": {"uv": [7.75, 11.25, 8, 13], "texture": "#0"},
				"down": {"uv": [7.75, 13, 8, 11.25], "texture": "#0"}
			}
		},
		{
			"name": "TrackerLauncher_62",
			"from": [14, 0, 11.25],
			"to": [14.25, 1.25, 15.25],
			"faces": {
				"north": {"uv": [14.25, 11.25, 14, 11.5], "texture": "#0"},
				"east": {"uv": [14, 11.25, 14.25, 15.25], "rotation": 90, "texture": "#0"},
				"south": {"uv": [14, 15, 14.25, 15.25], "texture": "#0"},
				"up": {"uv": [14, 11.25, 14.25, 15.25], "texture": "#0"},
				"down": {"uv": [14, 15.25, 14.25, 11.25], "texture": "#0"}
			}
		},
		{
			"name": "TrackerLauncher_63",
			"from": [7.5, 0, 11.5],
			"to": [7.75, 1.25, 13.25],
			"faces": {
				"north": {"uv": [7.75, 11.5, 7.5, 11.75], "texture": "#0"},
				"east": {"uv": [7.5, 11.5, 7.75, 13.25], "rotation": 90, "texture": "#0"},
				"south": {"uv": [7.5, 13, 7.75, 13.25], "texture": "#0"},
				"west": {"uv": [7.5, 11.5, 7.75, 13.25], "rotation": 270, "texture": "#0"},
				"up": {"uv": [7.5, 11.5, 7.75, 13.25], "texture": "#0"},
				"down": {"uv": [7.5, 13.25, 7.75, 11.5], "texture": "#0"}
			}
		},
		{
			"name": "TrackerLauncher_64",
			"from": [14.25, 0, 11.5],
			"to": [14.5, 1.25, 15.25],
			"faces": {
				"north": {"uv": [14.5, 11.5, 14.25, 11.75], "texture": "#0"},
				"east": {"uv": [14.25, 11.5, 14.5, 15.25], "rotation": 90, "texture": "#0"},
				"south": {"uv": [14.25, 15, 14.5, 15.25], "texture": "#0"},
				"up": {"uv": [14.25, 11.5, 14.5, 15.25], "texture": "#0"},
				"down": {"uv": [14.25, 15.25, 14.5, 11.5], "texture": "#0"}
			}
		},
		{
			"name": "TrackerLauncher_65",
			"from": [7.25, 0, 11.75],
			"to": [7.5, 1.25, 13.25],
			"faces": {
				"north": {"uv": [7.5, 11.75, 7.25, 12], "texture": "#0"},
				"south": {"uv": [7.25, 13, 7.5, 13.25], "texture": "#0"},
				"west": {"uv": [7.25, 11.75, 7.5, 13.25], "rotation": 270, "texture": "#0"},
				"up": {"uv": [7.25, 11.75, 7.5, 13.25], "texture": "#0"},
				"down": {"uv": [7.25, 13.25, 7.5, 11.75], "texture": "#0"}
			}
		},
		{
			"name": "TrackerLauncher_66",
			"from": [14.5, 0, 11.75],
			"to": [14.75, 1.25, 15],
			"faces": {
				"north": {"uv": [14.75, 11.75, 14.5, 12], "texture": "#0"},
				"east": {"uv": [14.5, 11.75, 14.75, 15], "rotation": 90, "texture": "#0"},
				"south": {"uv": [14.5, 14.75, 14.75, 15], "texture": "#0"},
				"up": {"uv": [14.5, 11.75, 14.75, 15], "texture": "#0"},
				"down": {"uv": [14.5, 15, 14.75, 11.75], "texture": "#0"}
			}
		},
		{
			"name": "TrackerLauncher_67",
			"from": [7, 0, 12],
			"to": [7.25, 1.25, 13.25],
			"faces": {
				"north": {"uv": [7.25, 12, 7, 12.25], "texture": "#0"},
				"south": {"uv": [7, 13, 7.25, 13.25], "texture": "#0"},
				"west": {"uv": [7, 12, 7.25, 13.25], "rotation": 270, "texture": "#0"},
				"up": {"uv": [7, 12, 7.25, 13.25], "texture": "#0"},
				"down": {"uv": [7, 13.25, 7.25, 12], "texture": "#0"}
			}
		},
		{
			"name": "TrackerLauncher_68",
			"from": [14.75, 0, 12],
			"to": [15, 1.25, 14.75],
			"faces": {
				"north": {"uv": [15, 12, 14.75, 12.25], "texture": "#0"},
				"east": {"uv": [14.75, 12, 15, 14.75], "rotation": 90, "texture": "#0"},
				"south": {"uv": [14.75, 14.5, 15, 14.75], "texture": "#0"},
				"up": {"uv": [14.75, 12, 15, 14.75], "texture": "#0"},
				"down": {"uv": [14.75, 14.75, 15, 12], "texture": "#0"}
			}
		},
		{
			"name": "TrackerLauncher_69",
			"from": [6.75, 0, 12.25],
			"to": [7, 1.25, 13],
			"faces": {
				"north": {"uv": [7, 12.25, 6.75, 12.5], "texture": "#0"},
				"south": {"uv": [6.75, 12.75, 7, 13], "texture": "#0"},
				"west": {"uv": [6.75, 12.25, 7, 13], "rotation": 270, "texture": "#0"},
				"up": {"uv": [6.75, 12.25, 7, 13], "texture": "#0"},
				"down": {"uv": [6.75, 13, 7, 12.25], "texture": "#0"}
			}
		},
		{
			"name": "TrackerLauncher_70",
			"from": [15, 0, 12.25],
			"to": [15.25, 1.25, 14.5],
			"faces": {
				"north": {"uv": [15.25, 12.25, 15, 12.5], "texture": "#0"},
				"east": {"uv": [15, 12.25, 15.25, 14.5], "rotation": 90, "texture": "#0"},
				"south": {"uv": [15, 14.25, 15.25, 14.5], "texture": "#0"},
				"up": {"uv": [15, 12.25, 15.25, 14.5], "texture": "#0"},
				"down": {"uv": [15, 14.5, 15.25, 12.25], "texture": "#0"}
			}
		},
		{
			"name": "TrackerLauncher_71",
			"from": [15.25, 0, 12.5],
			"to": [15.5, 1.25, 14.25],
			"faces": {
				"north": {"uv": [15.5, 12.5, 15.25, 12.75], "texture": "#0"},
				"east": {"uv": [15.25, 12.5, 15.5, 14.25], "rotation": 90, "texture": "#0"},
				"south": {"uv": [15.25, 14, 15.5, 14.25], "texture": "#0"},
				"up": {"uv": [15.25, 12.5, 15.5, 14.25], "texture": "#0"},
				"down": {"uv": [15.25, 14.25, 15.5, 12.5], "texture": "#0"}
			}
		},
		{
			"name": "TrackerLauncher_72",
			"from": [15.5, 0, 13],
			"to": [15.75, 1.25, 13.75],
			"faces": {
				"north": {"uv": [15.75, 13, 15.5, 13.25], "texture": "#0"},
				"east": {"uv": [15.5, 13, 15.75, 13.75], "rotation": 90, "texture": "#0"},
				"south": {"uv": [15.5, 13.5, 15.75, 13.75], "texture": "#0"},
				"up": {"uv": [15.5, 13, 15.75, 13.75], "texture": "#0"},
				"down": {"uv": [15.5, 13.75, 15.75, 13], "texture": "#0"}
			}
		},
		{
			"name": "TrackerLauncher_73",
			"from": [15.75, 0, 13.25],
			"to": [16, 1.25, 13.5],
			"faces": {
				"north": {"uv": [16, 13.25, 15.75, 13.5], "texture": "#0"},
				"east": {"uv": [15.75, 13.25, 16, 13.5], "rotation": 90, "texture": "#0"},
				"south": {"uv": [15.75, 13.25, 16, 13.5], "texture": "#0"},
				"up": {"uv": [15.75, 13.25, 16, 13.5], "texture": "#0"},
				"down": {"uv": [15.75, 13.5, 16, 13.25], "texture": "#0"}
			}
		}
	],
	"display": {
		"thirdperson_righthand": {
			"rotation": [45, 0, 90],
			"translation": [-7.5, 2.25, 5]
		},
		"thirdperson_lefthand": {
			"rotation": [45, 0, -90],
			"translation": [7.5, 2.25, 5]
		},
		"firstperson_righthand": {
			"rotation": [55, 0, 90],
			"translation": [-6.25, 2.5, 0]
		},
		"firstperson_lefthand": {
			"rotation": [55, 0, -90],
			"translation": [8.75, 2.5, 0]
		},
		"ground": {
			"rotation": [90, 0, 90],
			"translation": [-4, 0, 0],
			"scale": [0.5, 0.5, 0.5]
		},
		"gui": {
			"rotation": [90, 0, 0],
			"translation": [0.5, 0.5, 0]
		},
		"head": {
			"rotation": [45, 0, 90],
			"translation": [-7.5, 8.25, -1.5]
		},
		"fixed": {
			"rotation": [90, 0, 0],
			"translation": [0, 0, 7]
		}
	},
	"groups": [
		{
			"name": "TrackerLauncher",
			"origin": [8, 8, 8],
			"children": [0, 1, 2, 3, 4, 5, 6, 7, 8, 9, 10, 11, 12, 13, 14, 15, 16, 17, 18, 19, 20, 21, 22, 23, 24, 25, 26, 27, 28, 29, 30, 31, 32, 33, 34, 35, 36, 37, 38, 39, 40, 41, 42, 43, 44, 45, 46, 47, 48, 49, 50, 51, 52, 53, 54, 55, 56, 57, 58, 59, 60, 61, 62, 63, 64, 65, 66, 67, 68, 69, 70, 71, 72, 73]
		}
	]
}