{
	"parent": "item/generated",
	"textures": {
		"layer0": "item/diamond_pickaxe"
	},
	
	"overrides": [
		{"predicate": {"custom_model_data":1}, "model": "item/guns/aa-12"},
		{"predicate": {"custom_model_data":2}, "model": "item/guns/ak-47"},
		{"predicate": {"custom_model_data":3}, "model": "item/guns/barrett_m90"},
		{"predicate": {"custom_model_data":4}, "model": "item/guns/deagle"},
		{"predicate": {"custom_model_data":5}, "model": "item/guns/flamethrower"},
		{"predicate": {"custom_model_data":6}, "model": "item/guns/m79"},
		{"predicate": {"custom_model_data":7}, "model": "item/guns/lasergun"},
		{"predicate": {"custom_model_data":8}, "model": "item/guns/lasershotgun"},
		{"predicate": {"custom_model_data":9}, "model": "item/guns/m4"},
		{"predicate": {"custom_model_data":10}, "model": "item/guns/m240"},
		{"predicate": {"custom_model_data":11}, "model": "item/guns/p226"},
		{"predicate": {"custom_model_data":12}, "model": "item/guns/pkp"},
		{"predicate": {"custom_model_data":13}, "model": "item/guns/remington_870"},
		{"predicate": {"custom_model_data":14}, "model": "item/guns/rocketlauncher"},
		{"predicate": {"custom_model_data":15}, "model": "item/guns/scar-h"},
		{"predicate": {"custom_model_data":16}, "model": "item/guns/tracer"},
		{"predicate": {"custom_model_data":17}, "model": "item/guns/trackerlauncher"},
		{"predicate": {"custom_model_data":18}, "model": "item/guns/transporter"},
		{"predicate": {"custom_model_data":19}, "model": "item/guns/ump45"},
		{"predicate": {"custom_model_data":20}, "model": "item/guns/mosin-nagant"},
		{"predicate": {"custom_model_data":21}, "model": "item/guns/mp5"},
		{"predicate": {"custom_model_data":22}, "model": "item/guns/nukelauncher"},
		{"predicate": {"custom_model_data":23}, "model": "item/guns/m32"},
		{"predicate": {"custom_model_data":24}, "model": "item/guns/famas"},
		{"predicate": {"custom_model_data":25}, "model": "item/guns/tec9"},
		{"predicate": {"custom_model_data":26}, "model": "item/guns/acid_gun"},
		{"predicate": {"custom_model_data":27}, "model": "item/guns/advanced_sniper"}
		
	]
}