{
	"credit": "Made with Blockbench",
	"textures": {
		"0": "grenade_textures/cluster",
		"particle": "grenade_textures/cluster"
	},
	"elements": [
		{
			"name": "cluster_0",
			"from": [6, 0, 1],
			"to": [6.5, 1.5, 15],
			"faces": {
				"north": {"uv": [6.5, 1, 6, 1.5], "texture": "#0"},
				"east": {"uv": [6, 1, 6.5, 15], "rotation": 90, "texture": "#0"},
				"south": {"uv": [6, 14.5, 6.5, 15], "texture": "#0"},
				"west": {"uv": [6, 1, 6.5, 15], "rotation": 270, "texture": "#0"},
				"up": {"uv": [6, 1, 6.5, 15], "texture": "#0"},
				"down": {"uv": [6, 15, 6.5, 1], "texture": "#0"}
			}
		},
		{
			"name": "cluster_1",
			"from": [7, 0, 1],
			"to": [9, 1.5, 15],
			"faces": {
				"north": {"uv": [9, 1, 7, 1.5], "texture": "#0"},
				"east": {"uv": [8.5, 1, 9, 15], "rotation": 90, "texture": "#0"},
				"south": {"uv": [7, 14.5, 9, 15], "texture": "#0"},
				"west": {"uv": [7, 1, 7.5, 15], "rotation": 270, "texture": "#0"},
				"up": {"uv": [7, 1, 9, 15], "texture": "#0"},
				"down": {"uv": [7, 15, 9, 1], "texture": "#0"}
			}
		},
		{
			"name": "cluster_2",
			"from": [9.5, 0, 1],
			"to": [10, 1.5, 15],
			"faces": {
				"north": {"uv": [10, 1, 9.5, 1.5], "texture": "#0"},
				"east": {"uv": [9.5, 1, 10, 15], "rotation": 90, "texture": "#0"},
				"south": {"uv": [9.5, 14.5, 10, 15], "texture": "#0"},
				"west": {"uv": [9.5, 1, 10, 15], "rotation": 270, "texture": "#0"},
				"up": {"uv": [9.5, 1, 10, 15], "texture": "#0"},
				"down": {"uv": [9.5, 15, 10, 1], "texture": "#0"}
			}
		},
		{
			"name": "cluster_3",
			"from": [5.5, 0, 1.5],
			"to": [6, 1.5, 5.5],
			"faces": {
				"north": {"uv": [6, 1.5, 5.5, 2], "texture": "#0"},
				"east": {"uv": [5.5, 1.5, 6, 5.5], "rotation": 90, "texture": "#0"},
				"south": {"uv": [5.5, 5, 6, 5.5], "texture": "#0"},
				"west": {"uv": [5.5, 1.5, 6, 5.5], "rotation": 270, "texture": "#0"},
				"up": {"uv": [5.5, 1.5, 6, 5.5], "texture": "#0"},
				"down": {"uv": [5.5, 5.5, 6, 1.5], "texture": "#0"}
			}
		},
		{
			"name": "cluster_4",
			"from": [6.5, 0, 1.5],
			"to": [7, 1.5, 15],
			"faces": {
				"north": {"uv": [7, 1.5, 6.5, 2], "texture": "#0"},
				"east": {"uv": [6.5, 1.5, 7, 15], "rotation": 90, "texture": "#0"},
				"south": {"uv": [6.5, 14.5, 7, 15], "texture": "#0"},
				"west": {"uv": [6.5, 1.5, 7, 15], "rotation": 270, "texture": "#0"},
				"up": {"uv": [6.5, 1.5, 7, 15], "texture": "#0"},
				"down": {"uv": [6.5, 15, 7, 1.5], "texture": "#0"}
			}
		},
		{
			"name": "cluster_5",
			"from": [9, 0, 1.5],
			"to": [9.5, 1.5, 15],
			"faces": {
				"north": {"uv": [9.5, 1.5, 9, 2], "texture": "#0"},
				"east": {"uv": [9, 1.5, 9.5, 15], "rotation": 90, "texture": "#0"},
				"south": {"uv": [9, 14.5, 9.5, 15], "texture": "#0"},
				"west": {"uv": [9, 1.5, 9.5, 15], "rotation": 270, "texture": "#0"},
				"up": {"uv": [9, 1.5, 9.5, 15], "texture": "#0"},
				"down": {"uv": [9, 15, 9.5, 1.5], "texture": "#0"}
			}
		},
		{
			"name": "cluster_6",
			"from": [10, 0, 1.5],
			"to": [10.5, 1.5, 5.5],
			"faces": {
				"north": {"uv": [10.5, 1.5, 10, 2], "texture": "#0"},
				"east": {"uv": [10, 1.5, 10.5, 5.5], "rotation": 90, "texture": "#0"},
				"south": {"uv": [10, 5, 10.5, 5.5], "texture": "#0"},
				"west": {"uv": [10, 1.5, 10.5, 5.5], "rotation": 270, "texture": "#0"},
				"up": {"uv": [10, 1.5, 10.5, 5.5], "texture": "#0"},
				"down": {"uv": [10, 5.5, 10.5, 1.5], "texture": "#0"}
			}
		},
		{
			"name": "cluster_7",
			"from": [5, 0, 2.5],
			"to": [5.5, 1.5, 14.5],
			"faces": {
				"north": {"uv": [5.5, 2.5, 5, 3], "texture": "#0"},
				"east": {"uv": [5, 2.5, 5.5, 14.5], "rotation": 90, "texture": "#0"},
				"south": {"uv": [5, 14, 5.5, 14.5], "texture": "#0"},
				"west": {"uv": [5, 2.5, 5.5, 14.5], "rotation": 270, "texture": "#0"},
				"up": {"uv": [5, 2.5, 5.5, 14.5], "texture": "#0"},
				"down": {"uv": [5, 14.5, 5.5, 2.5], "texture": "#0"}
			}
		},
		{
			"name": "cluster_8",
			"from": [10.5, 0, 2.5],
			"to": [11, 1.5, 14.5],
			"faces": {
				"north": {"uv": [11, 2.5, 10.5, 3], "texture": "#0"},
				"east": {"uv": [10.5, 2.5, 11, 14.5], "rotation": 90, "texture": "#0"},
				"south": {"uv": [10.5, 14, 11, 14.5], "texture": "#0"},
				"west": {"uv": [10.5, 2.5, 11, 14.5], "rotation": 270, "texture": "#0"},
				"up": {"uv": [10.5, 2.5, 11, 14.5], "texture": "#0"},
				"down": {"uv": [10.5, 14.5, 11, 2.5], "texture": "#0"}
			}
		},
		{
			"name": "cluster_9",
			"from": [4.5, 0, 3.5],
			"to": [5, 1.5, 14],
			"faces": {
				"north": {"uv": [5, 3.5, 4.5, 4], "texture": "#0"},
				"east": {"uv": [4.5, 3.5, 5, 14], "rotation": 90, "texture": "#0"},
				"south": {"uv": [4.5, 13.5, 5, 14], "texture": "#0"},
				"west": {"uv": [4.5, 3.5, 5, 14], "rotation": 270, "texture": "#0"},
				"up": {"uv": [4.5, 3.5, 5, 14], "texture": "#0"},
				"down": {"uv": [4.5, 14, 5, 3.5], "texture": "#0"}
			}
		},
		{
			"name": "cluster_10",
			"from": [11, 0, 3.5],
			"to": [11.5, 1.5, 14],
			"faces": {
				"north": {"uv": [11.5, 3.5, 11, 4], "texture": "#0"},
				"east": {"uv": [11, 3.5, 11.5, 14], "rotation": 90, "texture": "#0"},
				"south": {"uv": [11, 13.5, 11.5, 14], "texture": "#0"},
				"west": {"uv": [11, 3.5, 11.5, 14], "rotation": 270, "texture": "#0"},
				"up": {"uv": [11, 3.5, 11.5, 14], "texture": "#0"},
				"down": {"uv": [11, 14, 11.5, 3.5], "texture": "#0"}
			}
		},
		{
			"name": "cluster_11",
			"from": [4, 0, 4.5],
			"to": [4.5, 1.5, 13.5],
			"faces": {
				"north": {"uv": [4.5, 4.5, 4, 5], "texture": "#0"},
				"east": {"uv": [4, 4.5, 4.5, 13.5], "rotation": 90, "texture": "#0"},
				"south": {"uv": [4, 13, 4.5, 13.5], "texture": "#0"},
				"west": {"uv": [4, 4.5, 4.5, 13.5], "rotation": 270, "texture": "#0"},
				"up": {"uv": [4, 4.5, 4.5, 13.5], "texture": "#0"},
				"down": {"uv": [4, 13.5, 4.5, 4.5], "texture": "#0"}
			}
		},
		{
			"name": "cluster_12",
			"from": [11.5, 0, 4.5],
			"to": [12, 1.5, 13.5],
			"faces": {
				"north": {"uv": [12, 4.5, 11.5, 5], "texture": "#0"},
				"east": {"uv": [11.5, 4.5, 12, 13.5], "rotation": 90, "texture": "#0"},
				"south": {"uv": [11.5, 13, 12, 13.5], "texture": "#0"},
				"west": {"uv": [11.5, 4.5, 12, 13.5], "rotation": 270, "texture": "#0"},
				"up": {"uv": [11.5, 4.5, 12, 13.5], "texture": "#0"},
				"down": {"uv": [11.5, 13.5, 12, 4.5], "texture": "#0"}
			}
		},
		{
			"name": "cluster_13",
			"from": [3.5, 0, 5],
			"to": [4, 1.5, 13],
			"faces": {
				"north": {"uv": [4, 5, 3.5, 5.5], "texture": "#0"},
				"east": {"uv": [3.5, 5, 4, 13], "rotation": 90, "texture": "#0"},
				"south": {"uv": [3.5, 12.5, 4, 13], "texture": "#0"},
				"west": {"uv": [3.5, 5, 4, 13], "rotation": 270, "texture": "#0"},
				"up": {"uv": [3.5, 5, 4, 13], "texture": "#0"},
				"down": {"uv": [3.5, 13, 4, 5], "texture": "#0"}
			}
		},
		{
			"name": "cluster_14",
			"from": [12, 0, 5],
			"to": [12.5, 1.5, 13],
			"faces": {
				"north": {"uv": [12.5, 5, 12, 5.5], "texture": "#0"},
				"east": {"uv": [12, 5, 12.5, 13], "rotation": 90, "texture": "#0"},
				"south": {"uv": [12, 12.5, 12.5, 13], "texture": "#0"},
				"west": {"uv": [12, 5, 12.5, 13], "rotation": 270, "texture": "#0"},
				"up": {"uv": [12, 5, 12.5, 13], "texture": "#0"},
				"down": {"uv": [12, 13, 12.5, 5], "texture": "#0"}
			}
		}
	],
	"display": {
		"thirdperson_righthand": {
			"rotation": [90, 0, 0],
			"translation": [0, 3, 4.5],
			"scale": [0.5, 0.5, 0.5]
		},
		"thirdperson_lefthand": {
			"rotation": [90, 0, 0],
			"translation": [0, 3, 4.5],
			"scale": [0.5, 0.5, 0.5]
		},
		"firstperson_righthand": {
			"rotation": [70, 0, 90],
			"translation": [-3, 2.75, 0],
			"scale": [0.7, 0.7, 0.7]
		},
		"firstperson_lefthand": {
			"rotation": [70, 0, 90],
			"translation": [-3, 2.75, 0],
			"scale": [0.7, 0.7, 0.7]
		},
		"ground": {
			"rotation": [90, 0, 90],
			"translation": [-3.5, 0, 0],
			"scale": [0.5, 0.5, 0.5]
		},
		"gui": {
			"rotation": [90, 0, 0]
		},
		"head": {
			"rotation": [90, 0, 0],
			"translation": [0, 0, 0.5]
		},
		"fixed": {
			"rotation": [90, 0, 0],
			"translation": [0, 0, 7]
		}
	},
	"groups": [
		{
			"name": "cluster",
			"origin": [8, 8, 8],
			"children": [0, 1, 2, 3, 4, 5, 6, 7, 8, 9, 10, 11, 12, 13, 14]
		}
	]
}