{
	"credit": "Made with Blockbench",
	"textures": {
		"0": "grenade_textures/gas",
		"particle": "grenade_textures/gas"
	},
	"elements": [
		{
			"name": "scute_0",
			"from": [5.5, 0, 2],
			"to": [6.5, 1, 14.5],
			"faces": {
				"north": {"uv": [6.5, 2, 5.5, 2.5], "texture": "#0"},
				"east": {"uv": [6, 2, 6.5, 14.5], "rotation": 90, "texture": "#0"},
				"south": {"uv": [5.5, 14, 6.5, 14.5], "texture": "#0"},
				"west": {"uv": [5.5, 2, 6, 14.5], "rotation": 270, "texture": "#0"},
				"up": {"uv": [5.5, 2, 6.5, 14.5], "texture": "#0"},
				"down": {"uv": [5.5, 14.5, 6.5, 2], "texture": "#0"}
			}
		},
		{
			"name": "scute_1",
			"from": [7, 0, 2],
			"to": [9, 1, 14.5],
			"faces": {
				"north": {"uv": [9, 2, 7, 2.5], "texture": "#0"},
				"east": {"uv": [8.5, 2, 9, 14.5], "rotation": 90, "texture": "#0"},
				"south": {"uv": [7, 14, 9, 14.5], "texture": "#0"},
				"west": {"uv": [7, 2, 7.5, 14.5], "rotation": 270, "texture": "#0"},
				"up": {"uv": [7, 2, 9, 14.5], "texture": "#0"},
				"down": {"uv": [7, 14.5, 9, 2], "texture": "#0"}
			}
		},
		{
			"name": "scute_2",
			"from": [9.5, 0, 2],
			"to": [10.5, 1, 14.5],
			"faces": {
				"north": {"uv": [10.5, 2, 9.5, 2.5], "texture": "#0"},
				"east": {"uv": [10, 2, 10.5, 14.5], "rotation": 90, "texture": "#0"},
				"south": {"uv": [9.5, 14, 10.5, 14.5], "texture": "#0"},
				"west": {"uv": [9.5, 2, 10, 14.5], "rotation": 270, "texture": "#0"},
				"up": {"uv": [9.5, 2, 10.5, 14.5], "texture": "#0"},
				"down": {"uv": [9.5, 14.5, 10.5, 2], "texture": "#0"}
			}
		},
		{
			"name": "scute_3",
			"from": [5, 0, 2.5],
			"to": [5.5, 1, 5.5],
			"faces": {
				"north": {"uv": [5.5, 2.5, 5, 3], "texture": "#0"},
				"south": {"uv": [5, 5, 5.5, 5.5], "texture": "#0"},
				"west": {"uv": [5, 2.5, 5.5, 5.5], "rotation": 270, "texture": "#0"},
				"up": {"uv": [5, 2.5, 5.5, 5.5], "texture": "#0"},
				"down": {"uv": [5, 5.5, 5.5, 2.5], "texture": "#0"}
			}
		},
		{
			"name": "scute_4",
			"from": [6.5, 0, 2.5],
			"to": [7, 1, 14.5],
			"faces": {
				"north": {"uv": [7, 2.5, 6.5, 3], "texture": "#0"},
				"south": {"uv": [6.5, 14, 7, 14.5], "texture": "#0"},
				"up": {"uv": [6.5, 2.5, 7, 14.5], "texture": "#0"},
				"down": {"uv": [6.5, 14.5, 7, 2.5], "texture": "#0"}
			}
		},
		{
			"name": "scute_5",
			"from": [9, 0, 2.5],
			"to": [9.5, 1, 14.5],
			"faces": {
				"north": {"uv": [9.5, 2.5, 9, 3], "texture": "#0"},
				"south": {"uv": [9, 14, 9.5, 14.5], "texture": "#0"},
				"up": {"uv": [9, 2.5, 9.5, 14.5], "texture": "#0"},
				"down": {"uv": [9, 14.5, 9.5, 2.5], "texture": "#0"}
			}
		},
		{
			"name": "scute_6",
			"from": [10.5, 0, 2.5],
			"to": [11, 1, 5.5],
			"faces": {
				"north": {"uv": [11, 2.5, 10.5, 3], "texture": "#0"},
				"east": {"uv": [10.5, 2.5, 11, 5.5], "rotation": 90, "texture": "#0"},
				"south": {"uv": [10.5, 5, 11, 5.5], "texture": "#0"},
				"up": {"uv": [10.5, 2.5, 11, 5.5], "texture": "#0"},
				"down": {"uv": [10.5, 5.5, 11, 2.5], "texture": "#0"}
			}
		},
		{
			"name": "scute_7",
			"from": [4.5, 0, 3],
			"to": [5, 1, 13.5],
			"faces": {
				"north": {"uv": [5, 3, 4.5, 3.5], "texture": "#0"},
				"east": {"uv": [4.5, 3, 5, 13.5], "rotation": 90, "texture": "#0"},
				"south": {"uv": [4.5, 13, 5, 13.5], "texture": "#0"},
				"west": {"uv": [4.5, 3, 5, 13.5], "rotation": 270, "texture": "#0"},
				"up": {"uv": [4.5, 3, 5, 13.5], "texture": "#0"},
				"down": {"uv": [4.5, 13.5, 5, 3], "texture": "#0"}
			}
		},
		{
			"name": "scute_8",
			"from": [11, 0, 3],
			"to": [11.5, 1, 13.5],
			"faces": {
				"north": {"uv": [11.5, 3, 11, 3.5], "texture": "#0"},
				"east": {"uv": [11, 3, 11.5, 13.5], "rotation": 90, "texture": "#0"},
				"south": {"uv": [11, 13, 11.5, 13.5], "texture": "#0"},
				"west": {"uv": [11, 3, 11.5, 13.5], "rotation": 270, "texture": "#0"},
				"up": {"uv": [11, 3, 11.5, 13.5], "texture": "#0"},
				"down": {"uv": [11, 13.5, 11.5, 3], "texture": "#0"}
			}
		},
		{
			"name": "scute_9",
			"from": [5, 0, 8],
			"to": [5.5, 1, 8.5],
			"faces": {
				"north": {"uv": [5.5, 8, 5, 8.5], "texture": "#0"},
				"south": {"uv": [5, 8, 5.5, 8.5], "texture": "#0"},
				"up": {"uv": [5, 8, 5.5, 8.5], "texture": "#0"},
				"down": {"uv": [5, 8.5, 5.5, 8], "texture": "#0"}
			}
		},
		{
			"name": "scute_10",
			"from": [10.5, 0, 8],
			"to": [11, 1, 8.5],
			"faces": {
				"north": {"uv": [11, 8, 10.5, 8.5], "texture": "#0"},
				"south": {"uv": [10.5, 8, 11, 8.5], "texture": "#0"},
				"up": {"uv": [10.5, 8, 11, 8.5], "texture": "#0"},
				"down": {"uv": [10.5, 8.5, 11, 8], "texture": "#0"}
			}
		},
		{
			"name": "scute_11",
			"from": [5, 0, 11],
			"to": [5.5, 1, 14],
			"faces": {
				"north": {"uv": [5.5, 11, 5, 11.5], "texture": "#0"},
				"south": {"uv": [5, 13.5, 5.5, 14], "texture": "#0"},
				"west": {"uv": [5, 11, 5.5, 14], "rotation": 270, "texture": "#0"},
				"up": {"uv": [5, 11, 5.5, 14], "texture": "#0"},
				"down": {"uv": [5, 14, 5.5, 11], "texture": "#0"}
			}
		},
		{
			"name": "scute_12",
			"from": [10.5, 0, 11],
			"to": [11, 1, 14],
			"faces": {
				"north": {"uv": [11, 11, 10.5, 11.5], "texture": "#0"},
				"east": {"uv": [10.5, 11, 11, 14], "rotation": 90, "texture": "#0"},
				"south": {"uv": [10.5, 13.5, 11, 14], "texture": "#0"},
				"up": {"uv": [10.5, 11, 11, 14], "texture": "#0"},
				"down": {"uv": [10.5, 14, 11, 11], "texture": "#0"}
			}
		}
	],
	"display": {
		"thirdperson_righthand": {
			"rotation": [90, 0, 0],
			"translation": [0, 3, 4.5],
			"scale": [0.5, 0.5, 0.5]
		},
		"thirdperson_lefthand": {
			"rotation": [90, 0, 0],
			"translation": [0, 3, 4.5],
			"scale": [0.5, 0.5, 0.5]
		},
		"firstperson_righthand": {
			"rotation": [70, 0, 90],
			"translation": [-3, 2.75, 0],
			"scale": [0.7, 0.7, 0.7]
		},
		"firstperson_lefthand": {
			"rotation": [70, 0, 90],
			"translation": [-3, 2.75, 0],
			"scale": [0.7, 0.7, 0.7]
		},
		"ground": {
			"rotation": [90, 0, 90],
			"translation": [-3.5, 0, 0],
			"scale": [0.5, 0.5, 0.5]
		},
		"gui": {
			"rotation": [90, 0, 0]
		},
		"head": {
			"rotation": [90, 0, 0],
			"translation": [0, 0, 0.5]
		},
		"fixed": {
			"rotation": [90, 0, 0],
			"translation": [0, 0, 7]
		}
	},
	"groups": [
		{
			"name": "scute",
			"origin": [8, 8, 8],
			"children": [0, 1, 2, 3, 4, 5, 6, 7, 8, 9, 10, 11, 12]
		}
	]
}