{
	"credit": "Made with Blockbench",
	"textures": {
		"0": "grenade_textures/impact",
		"particle": "grenade_textures/impact"
	},
	"elements": [
		{
			"name": "slime_ball_0",
			"from": [6, 0, 1],
			"to": [10, 1, 15],
			"faces": {
				"north": {"uv": [10, 1, 6, 1.5], "texture": "#0"},
				"east": {"uv": [9.5, 1, 10, 15], "rotation": 90, "texture": "#0"},
				"south": {"uv": [6, 14.5, 10, 15], "texture": "#0"},
				"west": {"uv": [6, 1, 6.5, 15], "rotation": 270, "texture": "#0"},
				"up": {"uv": [6, 1, 10, 15], "texture": "#0"},
				"down": {"uv": [6, 15, 10, 1], "texture": "#0"}
			}
		},
		{
			"name": "slime_ball_1",
			"from": [5.5, 0, 1.5],
			"to": [6, 1, 15],
			"faces": {
				"north": {"uv": [6, 1.5, 5.5, 2], "texture": "#0"},
				"south": {"uv": [5.5, 14.5, 6, 15], "texture": "#0"},
				"west": {"uv": [5.5, 1.5, 6, 15], "rotation": 270, "texture": "#0"},
				"up": {"uv": [5.5, 1.5, 6, 15], "texture": "#0"},
				"down": {"uv": [5.5, 15, 6, 1.5], "texture": "#0"}
			}
		},
		{
			"name": "slime_ball_2",
			"from": [10, 0, 1.5],
			"to": [10.5, 1, 15],
			"faces": {
				"north": {"uv": [10.5, 1.5, 10, 2], "texture": "#0"},
				"east": {"uv": [10, 1.5, 10.5, 15], "rotation": 90, "texture": "#0"},
				"south": {"uv": [10, 14.5, 10.5, 15], "texture": "#0"},
				"up": {"uv": [10, 1.5, 10.5, 15], "texture": "#0"},
				"down": {"uv": [10, 15, 10.5, 1.5], "texture": "#0"}
			}
		},
		{
			"name": "slime_ball_3",
			"from": [5, 0, 2.5],
			"to": [5.5, 1, 14.5],
			"faces": {
				"north": {"uv": [5.5, 2.5, 5, 3], "texture": "#0"},
				"south": {"uv": [5, 14, 5.5, 14.5], "texture": "#0"},
				"west": {"uv": [5, 2.5, 5.5, 14.5], "rotation": 270, "texture": "#0"},
				"up": {"uv": [5, 2.5, 5.5, 14.5], "texture": "#0"},
				"down": {"uv": [5, 14.5, 5.5, 2.5], "texture": "#0"}
			}
		},
		{
			"name": "slime_ball_4",
			"from": [10.5, 0, 2.5],
			"to": [11, 1, 14.5],
			"faces": {
				"north": {"uv": [11, 2.5, 10.5, 3], "texture": "#0"},
				"east": {"uv": [10.5, 2.5, 11, 14.5], "rotation": 90, "texture": "#0"},
				"south": {"uv": [10.5, 14, 11, 14.5], "texture": "#0"},
				"up": {"uv": [10.5, 2.5, 11, 14.5], "texture": "#0"},
				"down": {"uv": [10.5, 14.5, 11, 2.5], "texture": "#0"}
			}
		},
		{
			"name": "slime_ball_5",
			"from": [4.5, 0, 3.5],
			"to": [5, 1, 14],
			"faces": {
				"north": {"uv": [5, 3.5, 4.5, 4], "texture": "#0"},
				"south": {"uv": [4.5, 13.5, 5, 14], "texture": "#0"},
				"west": {"uv": [4.5, 3.5, 5, 14], "rotation": 270, "texture": "#0"},
				"up": {"uv": [4.5, 3.5, 5, 14], "texture": "#0"},
				"down": {"uv": [4.5, 14, 5, 3.5], "texture": "#0"}
			}
		},
		{
			"name": "slime_ball_6",
			"from": [11, 0, 3.5],
			"to": [11.5, 1, 14],
			"faces": {
				"north": {"uv": [11.5, 3.5, 11, 4], "texture": "#0"},
				"east": {"uv": [11, 3.5, 11.5, 14], "rotation": 90, "texture": "#0"},
				"south": {"uv": [11, 13.5, 11.5, 14], "texture": "#0"},
				"up": {"uv": [11, 3.5, 11.5, 14], "texture": "#0"},
				"down": {"uv": [11, 14, 11.5, 3.5], "texture": "#0"}
			}
		}
	],
	"display": {
		"thirdperson_righthand": {
			"rotation": [90, 0, 0],
			"translation": [0, 3, 4.5],
			"scale": [0.5, 0.5, 0.5]
		},
		"thirdperson_lefthand": {
			"rotation": [90, 0, 0],
			"translation": [0, 3, 4.5],
			"scale": [0.5, 0.5, 0.5]
		},
		"firstperson_righthand": {
			"rotation": [70, 0, 90],
			"translation": [-3, 2.75, 0],
			"scale": [0.7, 0.7, 0.7]
		},
		"firstperson_lefthand": {
			"rotation": [70, 0, 90],
			"translation": [-3, 2.75, 0],
			"scale": [0.7, 0.7, 0.7]
		},
		"ground": {
			"rotation": [90, 0, 90],
			"translation": [-3.5, 0, 0],
			"scale": [0.5, 0.5, 0.5]
		},
		"gui": {
			"rotation": [90, 0, 0]
		},
		"head": {
			"rotation": [90, 0, 0],
			"translation": [0, 0, 0.5]
		},
		"fixed": {
			"rotation": [90, 0, 0],
			"translation": [0, 0, 7]
		}
	},
	"groups": [
		{
			"name": "slime_ball",
			"origin": [8, 8, 8],
			"children": [0, 1, 2, 3, 4, 5, 6]
		}
	]
}