{
	"credit": "Made with Blockbench",
	"textures": {
		"0": "gun_textures/acid_gun",
		"particle": "gun_textures/acid_gun"
	},
	"elements": [
		{
			"name": "acid_gun_0",
			"from": [3, 0, 3],
			"to": [3.75, 1, 3.5],
			"faces": {
				"north": {"uv": [3.75, 3, 3, 3.25], "texture": "#0"},
				"east": {"uv": [3.5, 3, 3.75, 3.5], "rotation": 90, "texture": "#0"},
				"south": {"uv": [3, 3.25, 3.75, 3.5], "texture": "#0"},
				"west": {"uv": [3, 3, 3.25, 3.5], "rotation": 270, "texture": "#0"},
				"up": {"uv": [3, 3, 3.75, 3.5], "texture": "#0"},
				"down": {"uv": [3, 3.5, 3.75, 3], "texture": "#0"}
			}
		},
		{
			"name": "acid_gun_1",
			"from": [3.75, 0, 3.25],
			"to": [4, 1, 4.25],
			"faces": {
				"north": {"uv": [4, 3.25, 3.75, 3.5], "texture": "#0"},
				"east": {"uv": [3.75, 3.25, 4, 4.25], "rotation": 90, "texture": "#0"},
				"south": {"uv": [3.75, 4, 4, 4.25], "texture": "#0"},
				"west": {"uv": [3.75, 3.25, 4, 4.25], "rotation": 270, "texture": "#0"},
				"up": {"uv": [3.75, 3.25, 4, 4.25], "texture": "#0"},
				"down": {"uv": [3.75, 4.25, 4, 3.25], "texture": "#0"}
			}
		},
		{
			"name": "acid_gun_2",
			"from": [3.25, 0, 3.5],
			"to": [3.75, 1, 3.75],
			"faces": {
				"north": {"uv": [3.75, 3.5, 3.25, 3.75], "texture": "#0"},
				"east": {"uv": [3.5, 3.5, 3.75, 3.75], "rotation": 90, "texture": "#0"},
				"south": {"uv": [3.25, 3.5, 3.75, 3.75], "texture": "#0"},
				"west": {"uv": [3.25, 3.5, 3.5, 3.75], "rotation": 270, "texture": "#0"},
				"up": {"uv": [3.25, 3.5, 3.75, 3.75], "texture": "#0"},
				"down": {"uv": [3.25, 3.75, 3.75, 3.5], "texture": "#0"}
			}
		},
		{
			"name": "acid_gun_3",
			"from": [4, 0, 3.5],
			"to": [4.25, 1, 5.5],
			"faces": {
				"north": {"uv": [4.25, 3.5, 4, 3.75], "texture": "#0"},
				"east": {"uv": [4, 3.5, 4.25, 5.5], "rotation": 90, "texture": "#0"},
				"south": {"uv": [4, 5.25, 4.25, 5.5], "texture": "#0"},
				"west": {"uv": [4, 3.5, 4.25, 5.5], "rotation": 270, "texture": "#0"},
				"up": {"uv": [4, 3.5, 4.25, 5.5], "texture": "#0"},
				"down": {"uv": [4, 5.5, 4.25, 3.5], "texture": "#0"}
			}
		},
		{
			"name": "acid_gun_4",
			"from": [3.5, 0, 3.75],
			"to": [3.75, 1, 4],
			"faces": {
				"north": {"uv": [3.75, 3.75, 3.5, 4], "texture": "#0"},
				"east": {"uv": [3.5, 3.75, 3.75, 4], "rotation": 90, "texture": "#0"},
				"south": {"uv": [3.5, 3.75, 3.75, 4], "texture": "#0"},
				"west": {"uv": [3.5, 3.75, 3.75, 4], "rotation": 270, "texture": "#0"},
				"up": {"uv": [3.5, 3.75, 3.75, 4], "texture": "#0"},
				"down": {"uv": [3.5, 4, 3.75, 3.75], "texture": "#0"}
			}
		},
		{
			"name": "acid_gun_5",
			"from": [4.25, 0, 3.75],
			"to": [4.5, 1, 6],
			"faces": {
				"north": {"uv": [4.5, 3.75, 4.25, 4], "texture": "#0"},
				"east": {"uv": [4.25, 3.75, 4.5, 6], "rotation": 90, "texture": "#0"},
				"south": {"uv": [4.25, 5.75, 4.5, 6], "texture": "#0"},
				"west": {"uv": [4.25, 3.75, 4.5, 6], "rotation": 270, "texture": "#0"},
				"up": {"uv": [4.25, 3.75, 4.5, 6], "texture": "#0"},
				"down": {"uv": [4.25, 6, 4.5, 3.75], "texture": "#0"}
			}
		},
		{
			"name": "acid_gun_6",
			"from": [4.5, 0, 4],
			"to": [4.75, 1, 5],
			"faces": {
				"north": {"uv": [4.75, 4, 4.5, 4.25], "texture": "#0"},
				"east": {"uv": [4.5, 4, 4.75, 5], "rotation": 90, "texture": "#0"},
				"south": {"uv": [4.5, 4.75, 4.75, 5], "texture": "#0"},
				"west": {"uv": [4.5, 4, 4.75, 5], "rotation": 270, "texture": "#0"},
				"up": {"uv": [4.5, 4, 4.75, 5], "texture": "#0"},
				"down": {"uv": [4.5, 5, 4.75, 4], "texture": "#0"}
			}
		},
		{
			"name": "acid_gun_7",
			"from": [4.75, 0, 4.25],
			"to": [5, 1, 5.25],
			"faces": {
				"north": {"uv": [5, 4.25, 4.75, 4.5], "texture": "#0"},
				"east": {"uv": [4.75, 4.25, 5, 5.25], "rotation": 90, "texture": "#0"},
				"south": {"uv": [4.75, 5, 5, 5.25], "texture": "#0"},
				"west": {"uv": [4.75, 4.25, 5, 5.25], "rotation": 270, "texture": "#0"},
				"up": {"uv": [4.75, 4.25, 5, 5.25], "texture": "#0"},
				"down": {"uv": [4.75, 5.25, 5, 4.25], "texture": "#0"}
			}
		},
		{
			"name": "acid_gun_8",
			"from": [3.75, 0, 4.5],
			"to": [4, 1, 5.75],
			"faces": {
				"north": {"uv": [4, 4.5, 3.75, 4.75], "texture": "#0"},
				"east": {"uv": [3.75, 4.5, 4, 5.75], "rotation": 90, "texture": "#0"},
				"south": {"uv": [3.75, 5.5, 4, 5.75], "texture": "#0"},
				"west": {"uv": [3.75, 4.5, 4, 5.75], "rotation": 270, "texture": "#0"},
				"up": {"uv": [3.75, 4.5, 4, 5.75], "texture": "#0"},
				"down": {"uv": [3.75, 5.75, 4, 4.5], "texture": "#0"}
			}
		},
		{
			"name": "acid_gun_9",
			"from": [3.5, 0, 4.75],
			"to": [3.75, 1, 5.5],
			"faces": {
				"north": {"uv": [3.75, 4.75, 3.5, 5], "texture": "#0"},
				"east": {"uv": [3.5, 4.75, 3.75, 5.5], "rotation": 90, "texture": "#0"},
				"south": {"uv": [3.5, 5.25, 3.75, 5.5], "texture": "#0"},
				"west": {"uv": [3.5, 4.75, 3.75, 5.5], "rotation": 270, "texture": "#0"},
				"up": {"uv": [3.5, 4.75, 3.75, 5.5], "texture": "#0"},
				"down": {"uv": [3.5, 5.5, 3.75, 4.75], "texture": "#0"}
			}
		},
		{
			"name": "acid_gun_10",
			"from": [5, 0, 4.75],
			"to": [5.5, 1, 5.5],
			"faces": {
				"north": {"uv": [5.5, 4.75, 5, 5], "texture": "#0"},
				"east": {"uv": [5.25, 4.75, 5.5, 5.5], "rotation": 90, "texture": "#0"},
				"south": {"uv": [5, 5.25, 5.5, 5.5], "texture": "#0"},
				"west": {"uv": [5, 4.75, 5.25, 5.5], "rotation": 270, "texture": "#0"},
				"up": {"uv": [5, 4.75, 5.5, 5.5], "texture": "#0"},
				"down": {"uv": [5, 5.5, 5.5, 4.75], "texture": "#0"}
			}
		},
		{
			"name": "acid_gun_11",
			"from": [5.5, 0, 5],
			"to": [5.75, 1, 6],
			"faces": {
				"north": {"uv": [5.75, 5, 5.5, 5.25], "texture": "#0"},
				"east": {"uv": [5.5, 5, 5.75, 6], "rotation": 90, "texture": "#0"},
				"south": {"uv": [5.5, 5.75, 5.75, 6], "texture": "#0"},
				"west": {"uv": [5.5, 5, 5.75, 6], "rotation": 270, "texture": "#0"},
				"up": {"uv": [5.5, 5, 5.75, 6], "texture": "#0"},
				"down": {"uv": [5.5, 6, 5.75, 5], "texture": "#0"}
			}
		},
		{
			"name": "acid_gun_12",
			"from": [5.75, 0, 5.25],
			"to": [6, 1, 6.25],
			"faces": {
				"north": {"uv": [6, 5.25, 5.75, 5.5], "texture": "#0"},
				"east": {"uv": [5.75, 5.25, 6, 6.25], "rotation": 90, "texture": "#0"},
				"south": {"uv": [5.75, 6, 6, 6.25], "texture": "#0"},
				"west": {"uv": [5.75, 5.25, 6, 6.25], "rotation": 270, "texture": "#0"},
				"up": {"uv": [5.75, 5.25, 6, 6.25], "texture": "#0"},
				"down": {"uv": [5.75, 6.25, 6, 5.25], "texture": "#0"}
			}
		},
		{
			"name": "acid_gun_13",
			"from": [4.5, 0, 5.5],
			"to": [4.75, 1, 6],
			"faces": {
				"north": {"uv": [4.75, 5.5, 4.5, 5.75], "texture": "#0"},
				"east": {"uv": [4.5, 5.5, 4.75, 6], "rotation": 90, "texture": "#0"},
				"south": {"uv": [4.5, 5.75, 4.75, 6], "texture": "#0"},
				"west": {"uv": [4.5, 5.5, 4.75, 6], "rotation": 270, "texture": "#0"},
				"up": {"uv": [4.5, 5.5, 4.75, 6], "texture": "#0"},
				"down": {"uv": [4.5, 6, 4.75, 5.5], "texture": "#0"}
			}
		},
		{
			"name": "acid_gun_14",
			"from": [5.25, 0, 5.5],
			"to": [5.5, 1, 5.75],
			"faces": {
				"north": {"uv": [5.5, 5.5, 5.25, 5.75], "texture": "#0"},
				"east": {"uv": [5.25, 5.5, 5.5, 5.75], "rotation": 90, "texture": "#0"},
				"south": {"uv": [5.25, 5.5, 5.5, 5.75], "texture": "#0"},
				"west": {"uv": [5.25, 5.5, 5.5, 5.75], "rotation": 270, "texture": "#0"},
				"up": {"uv": [5.25, 5.5, 5.5, 5.75], "texture": "#0"},
				"down": {"uv": [5.25, 5.75, 5.5, 5.5], "texture": "#0"}
			}
		},
		{
			"name": "acid_gun_15",
			"from": [6, 0, 5.5],
			"to": [6.25, 1, 6.5],
			"faces": {
				"north": {"uv": [6.25, 5.5, 6, 5.75], "texture": "#0"},
				"east": {"uv": [6, 5.5, 6.25, 6.5], "rotation": 90, "texture": "#0"},
				"south": {"uv": [6, 6.25, 6.25, 6.5], "texture": "#0"},
				"west": {"uv": [6, 5.5, 6.25, 6.5], "rotation": 270, "texture": "#0"},
				"up": {"uv": [6, 5.5, 6.25, 6.5], "texture": "#0"},
				"down": {"uv": [6, 6.5, 6.25, 5.5], "texture": "#0"}
			}
		},
		{
			"name": "acid_gun_16",
			"from": [4.75, 0, 5.75],
			"to": [5, 1, 6.25],
			"faces": {
				"north": {"uv": [5, 5.75, 4.75, 6], "texture": "#0"},
				"east": {"uv": [4.75, 5.75, 5, 6.25], "rotation": 90, "texture": "#0"},
				"south": {"uv": [4.75, 6, 5, 6.25], "texture": "#0"},
				"west": {"uv": [4.75, 5.75, 5, 6.25], "rotation": 270, "texture": "#0"},
				"up": {"uv": [4.75, 5.75, 5, 6.25], "texture": "#0"},
				"down": {"uv": [4.75, 6.25, 5, 5.75], "texture": "#0"}
			}
		},
		{
			"name": "acid_gun_17",
			"from": [6.25, 0, 5.75],
			"to": [6.5, 1, 6.75],
			"faces": {
				"north": {"uv": [6.5, 5.75, 6.25, 6], "texture": "#0"},
				"east": {"uv": [6.25, 5.75, 6.5, 6.75], "rotation": 90, "texture": "#0"},
				"south": {"uv": [6.25, 6.5, 6.5, 6.75], "texture": "#0"},
				"west": {"uv": [6.25, 5.75, 6.5, 6.75], "rotation": 270, "texture": "#0"},
				"up": {"uv": [6.25, 5.75, 6.5, 6.75], "texture": "#0"},
				"down": {"uv": [6.25, 6.75, 6.5, 5.75], "texture": "#0"}
			}
		},
		{
			"name": "acid_gun_18",
			"from": [5, 0, 6],
			"to": [5.25, 1, 6.75],
			"faces": {
				"north": {"uv": [5.25, 6, 5, 6.25], "texture": "#0"},
				"east": {"uv": [5, 6, 5.25, 6.75], "rotation": 90, "texture": "#0"},
				"south": {"uv": [5, 6.5, 5.25, 6.75], "texture": "#0"},
				"west": {"uv": [5, 6, 5.25, 6.75], "rotation": 270, "texture": "#0"},
				"up": {"uv": [5, 6, 5.25, 6.75], "texture": "#0"},
				"down": {"uv": [5, 6.75, 5.25, 6], "texture": "#0"}
			}
		},
		{
			"name": "acid_gun_19",
			"from": [6.5, 0, 6],
			"to": [6.75, 1, 8],
			"faces": {
				"north": {"uv": [6.75, 6, 6.5, 6.25], "texture": "#0"},
				"east": {"uv": [6.5, 6, 6.75, 8], "rotation": 90, "texture": "#0"},
				"south": {"uv": [6.5, 7.75, 6.75, 8], "texture": "#0"},
				"west": {"uv": [6.5, 6, 6.75, 8], "rotation": 270, "texture": "#0"},
				"up": {"uv": [6.5, 6, 6.75, 8], "texture": "#0"},
				"down": {"uv": [6.5, 8, 6.75, 6], "texture": "#0"}
			}
		},
		{
			"name": "acid_gun_20",
			"from": [5.25, 0, 6.25],
			"to": [5.5, 1, 6.75],
			"faces": {
				"north": {"uv": [5.5, 6.25, 5.25, 6.5], "texture": "#0"},
				"east": {"uv": [5.25, 6.25, 5.5, 6.75], "rotation": 90, "texture": "#0"},
				"south": {"uv": [5.25, 6.5, 5.5, 6.75], "texture": "#0"},
				"west": {"uv": [5.25, 6.25, 5.5, 6.75], "rotation": 270, "texture": "#0"},
				"up": {"uv": [5.25, 6.25, 5.5, 6.75], "texture": "#0"},
				"down": {"uv": [5.25, 6.75, 5.5, 6.25], "texture": "#0"}
			}
		},
		{
			"name": "acid_gun_21",
			"from": [6.75, 0, 6.25],
			"to": [7, 1, 8],
			"faces": {
				"north": {"uv": [7, 6.25, 6.75, 6.5], "texture": "#0"},
				"east": {"uv": [6.75, 6.25, 7, 8], "rotation": 90, "texture": "#0"},
				"south": {"uv": [6.75, 7.75, 7, 8], "texture": "#0"},
				"west": {"uv": [6.75, 6.25, 7, 8], "rotation": 270, "texture": "#0"},
				"up": {"uv": [6.75, 6.25, 7, 8], "texture": "#0"},
				"down": {"uv": [6.75, 8, 7, 6.25], "texture": "#0"}
			}
		},
		{
			"name": "acid_gun_22",
			"from": [5.5, 0, 6.5],
			"to": [5.75, 1, 7],
			"faces": {
				"north": {"uv": [5.75, 6.5, 5.5, 6.75], "texture": "#0"},
				"east": {"uv": [5.5, 6.5, 5.75, 7], "rotation": 90, "texture": "#0"},
				"south": {"uv": [5.5, 6.75, 5.75, 7], "texture": "#0"},
				"west": {"uv": [5.5, 6.5, 5.75, 7], "rotation": 270, "texture": "#0"},
				"up": {"uv": [5.5, 6.5, 5.75, 7], "texture": "#0"},
				"down": {"uv": [5.5, 7, 5.75, 6.5], "texture": "#0"}
			}
		},
		{
			"name": "acid_gun_23",
			"from": [7, 0, 6.5],
			"to": [7.25, 1, 8.75],
			"faces": {
				"north": {"uv": [7.25, 6.5, 7, 6.75], "texture": "#0"},
				"east": {"uv": [7, 6.5, 7.25, 8.75], "rotation": 90, "texture": "#0"},
				"south": {"uv": [7, 8.5, 7.25, 8.75], "texture": "#0"},
				"west": {"uv": [7, 6.5, 7.25, 8.75], "rotation": 270, "texture": "#0"},
				"up": {"uv": [7, 6.5, 7.25, 8.75], "texture": "#0"},
				"down": {"uv": [7, 8.75, 7.25, 6.5], "texture": "#0"}
			}
		},
		{
			"name": "acid_gun_24",
			"from": [11.5, 0, 6.5],
			"to": [12.25, 1, 8.25],
			"faces": {
				"north": {"uv": [12.25, 6.5, 11.5, 6.75], "texture": "#0"},
				"east": {"uv": [12, 6.5, 12.25, 8.25], "rotation": 90, "texture": "#0"},
				"south": {"uv": [11.5, 8, 12.25, 8.25], "texture": "#0"},
				"west": {"uv": [11.5, 6.5, 11.75, 8.25], "rotation": 270, "texture": "#0"},
				"up": {"uv": [11.5, 6.5, 12.25, 8.25], "texture": "#0"},
				"down": {"uv": [11.5, 8.25, 12.25, 6.5], "texture": "#0"}
			}
		},
		{
			"name": "acid_gun_25",
			"from": [5.75, 0, 6.75],
			"to": [6, 1, 7.25],
			"faces": {
				"north": {"uv": [6, 6.75, 5.75, 7], "texture": "#0"},
				"east": {"uv": [5.75, 6.75, 6, 7.25], "rotation": 90, "texture": "#0"},
				"south": {"uv": [5.75, 7, 6, 7.25], "texture": "#0"},
				"west": {"uv": [5.75, 6.75, 6, 7.25], "rotation": 270, "texture": "#0"},
				"up": {"uv": [5.75, 6.75, 6, 7.25], "texture": "#0"},
				"down": {"uv": [5.75, 7.25, 6, 6.75], "texture": "#0"}
			}
		},
		{
			"name": "acid_gun_26",
			"from": [7.25, 0, 6.75],
			"to": [7.5, 1, 8.5],
			"faces": {
				"north": {"uv": [7.5, 6.75, 7.25, 7], "texture": "#0"},
				"east": {"uv": [7.25, 6.75, 7.5, 8.5], "rotation": 90, "texture": "#0"},
				"south": {"uv": [7.25, 8.25, 7.5, 8.5], "texture": "#0"},
				"west": {"uv": [7.25, 6.75, 7.5, 8.5], "rotation": 270, "texture": "#0"},
				"up": {"uv": [7.25, 6.75, 7.5, 8.5], "texture": "#0"},
				"down": {"uv": [7.25, 8.5, 7.5, 6.75], "texture": "#0"}
			}
		},
		{
			"name": "acid_gun_27",
			"from": [11.25, 0, 6.75],
			"to": [11.5, 1, 9],
			"faces": {
				"north": {"uv": [11.5, 6.75, 11.25, 7], "texture": "#0"},
				"east": {"uv": [11.25, 6.75, 11.5, 9], "rotation": 90, "texture": "#0"},
				"south": {"uv": [11.25, 8.75, 11.5, 9], "texture": "#0"},
				"west": {"uv": [11.25, 6.75, 11.5, 9], "rotation": 270, "texture": "#0"},
				"up": {"uv": [11.25, 6.75, 11.5, 9], "texture": "#0"},
				"down": {"uv": [11.25, 9, 11.5, 6.75], "texture": "#0"}
			}
		},
		{
			"name": "acid_gun_28",
			"from": [12.25, 0, 6.75],
			"to": [12.5, 1, 8],
			"faces": {
				"north": {"uv": [12.5, 6.75, 12.25, 7], "texture": "#0"},
				"east": {"uv": [12.25, 6.75, 12.5, 8], "rotation": 90, "texture": "#0"},
				"south": {"uv": [12.25, 7.75, 12.5, 8], "texture": "#0"},
				"west": {"uv": [12.25, 6.75, 12.5, 8], "rotation": 270, "texture": "#0"},
				"up": {"uv": [12.25, 6.75, 12.5, 8], "texture": "#0"},
				"down": {"uv": [12.25, 8, 12.5, 6.75], "texture": "#0"}
			}
		},
		{
			"name": "acid_gun_29",
			"from": [6, 0, 7],
			"to": [6.25, 1, 7.75],
			"faces": {
				"north": {"uv": [6.25, 7, 6, 7.25], "texture": "#0"},
				"east": {"uv": [6, 7, 6.25, 7.75], "rotation": 90, "texture": "#0"},
				"south": {"uv": [6, 7.5, 6.25, 7.75], "texture": "#0"},
				"west": {"uv": [6, 7, 6.25, 7.75], "rotation": 270, "texture": "#0"},
				"up": {"uv": [6, 7, 6.25, 7.75], "texture": "#0"},
				"down": {"uv": [6, 7.75, 6.25, 7], "texture": "#0"}
			}
		},
		{
			"name": "acid_gun_30",
			"from": [7.5, 0, 7],
			"to": [7.75, 1, 8.5],
			"faces": {
				"north": {"uv": [7.75, 7, 7.5, 7.25], "texture": "#0"},
				"east": {"uv": [7.5, 7, 7.75, 8.5], "rotation": 90, "texture": "#0"},
				"south": {"uv": [7.5, 8.25, 7.75, 8.5], "texture": "#0"},
				"west": {"uv": [7.5, 7, 7.75, 8.5], "rotation": 270, "texture": "#0"},
				"up": {"uv": [7.5, 7, 7.75, 8.5], "texture": "#0"},
				"down": {"uv": [7.5, 8.5, 7.75, 7], "texture": "#0"}
			}
		},
		{
			"name": "acid_gun_31",
			"from": [11, 0, 7],
			"to": [11.25, 1, 9.25],
			"faces": {
				"north": {"uv": [11.25, 7, 11, 7.25], "texture": "#0"},
				"east": {"uv": [11, 7, 11.25, 9.25], "rotation": 90, "texture": "#0"},
				"south": {"uv": [11, 9, 11.25, 9.25], "texture": "#0"},
				"west": {"uv": [11, 7, 11.25, 9.25], "rotation": 270, "texture": "#0"},
				"up": {"uv": [11, 7, 11.25, 9.25], "texture": "#0"},
				"down": {"uv": [11, 9.25, 11.25, 7], "texture": "#0"}
			}
		},
		{
			"name": "acid_gun_32",
			"from": [12.5, 0, 7],
			"to": [12.75, 1, 8],
			"faces": {
				"north": {"uv": [12.75, 7, 12.5, 7.25], "texture": "#0"},
				"east": {"uv": [12.5, 7, 12.75, 8], "rotation": 90, "texture": "#0"},
				"south": {"uv": [12.5, 7.75, 12.75, 8], "texture": "#0"},
				"west": {"uv": [12.5, 7, 12.75, 8], "rotation": 270, "texture": "#0"},
				"up": {"uv": [12.5, 7, 12.75, 8], "texture": "#0"},
				"down": {"uv": [12.5, 8, 12.75, 7], "texture": "#0"}
			}
		},
		{
			"name": "acid_gun_33",
			"from": [6.25, 0, 7.25],
			"to": [6.5, 1, 8],
			"faces": {
				"north": {"uv": [6.5, 7.25, 6.25, 7.5], "texture": "#0"},
				"east": {"uv": [6.25, 7.25, 6.5, 8], "rotation": 90, "texture": "#0"},
				"south": {"uv": [6.25, 7.75, 6.5, 8], "texture": "#0"},
				"west": {"uv": [6.25, 7.25, 6.5, 8], "rotation": 270, "texture": "#0"},
				"up": {"uv": [6.25, 7.25, 6.5, 8], "texture": "#0"},
				"down": {"uv": [6.25, 8, 6.5, 7.25], "texture": "#0"}
			}
		},
		{
			"name": "acid_gun_34",
			"from": [7.75, 0, 7.25],
			"to": [8, 1, 9.5],
			"faces": {
				"north": {"uv": [8, 7.25, 7.75, 7.5], "texture": "#0"},
				"east": {"uv": [7.75, 7.25, 8, 9.5], "rotation": 90, "texture": "#0"},
				"south": {"uv": [7.75, 9.25, 8, 9.5], "texture": "#0"},
				"west": {"uv": [7.75, 7.25, 8, 9.5], "rotation": 270, "texture": "#0"},
				"up": {"uv": [7.75, 7.25, 8, 9.5], "texture": "#0"},
				"down": {"uv": [7.75, 9.5, 8, 7.25], "texture": "#0"}
			}
		},
		{
			"name": "acid_gun_35",
			"from": [10.75, 0, 7.25],
			"to": [11, 1, 9.25],
			"faces": {
				"north": {"uv": [11, 7.25, 10.75, 7.5], "texture": "#0"},
				"east": {"uv": [10.75, 7.25, 11, 9.25], "rotation": 90, "texture": "#0"},
				"south": {"uv": [10.75, 9, 11, 9.25], "texture": "#0"},
				"west": {"uv": [10.75, 7.25, 11, 9.25], "rotation": 270, "texture": "#0"},
				"up": {"uv": [10.75, 7.25, 11, 9.25], "texture": "#0"},
				"down": {"uv": [10.75, 9.25, 11, 7.25], "texture": "#0"}
			}
		},
		{
			"name": "acid_gun_36",
			"from": [12.75, 0, 7.25],
			"to": [13, 1, 7.75],
			"faces": {
				"north": {"uv": [13, 7.25, 12.75, 7.5], "texture": "#0"},
				"east": {"uv": [12.75, 7.25, 13, 7.75], "rotation": 90, "texture": "#0"},
				"south": {"uv": [12.75, 7.5, 13, 7.75], "texture": "#0"},
				"west": {"uv": [12.75, 7.25, 13, 7.75], "rotation": 270, "texture": "#0"},
				"up": {"uv": [12.75, 7.25, 13, 7.75], "texture": "#0"},
				"down": {"uv": [12.75, 7.75, 13, 7.25], "texture": "#0"}
			}
		},
		{
			"name": "acid_gun_37",
			"from": [8, 0, 7.5],
			"to": [8.25, 1, 9],
			"faces": {
				"north": {"uv": [8.25, 7.5, 8, 7.75], "texture": "#0"},
				"east": {"uv": [8, 7.5, 8.25, 9], "rotation": 90, "texture": "#0"},
				"south": {"uv": [8, 8.75, 8.25, 9], "texture": "#0"},
				"west": {"uv": [8, 7.5, 8.25, 9], "rotation": 270, "texture": "#0"},
				"up": {"uv": [8, 7.5, 8.25, 9], "texture": "#0"},
				"down": {"uv": [8, 9, 8.25, 7.5], "texture": "#0"}
			}
		},
		{
			"name": "acid_gun_38",
			"from": [10.5, 0, 7.5],
			"to": [10.75, 1, 9.25],
			"faces": {
				"north": {"uv": [10.75, 7.5, 10.5, 7.75], "texture": "#0"},
				"east": {"uv": [10.5, 7.5, 10.75, 9.25], "rotation": 90, "texture": "#0"},
				"south": {"uv": [10.5, 9, 10.75, 9.25], "texture": "#0"},
				"west": {"uv": [10.5, 7.5, 10.75, 9.25], "rotation": 270, "texture": "#0"},
				"up": {"uv": [10.5, 7.5, 10.75, 9.25], "texture": "#0"},
				"down": {"uv": [10.5, 9.25, 10.75, 7.5], "texture": "#0"}
			}
		},
		{
			"name": "acid_gun_39",
			"from": [8.25, 0, 7.75],
			"to": [8.5, 1, 12.75],
			"faces": {
				"north": {"uv": [8.5, 7.75, 8.25, 8], "texture": "#0"},
				"east": {"uv": [8.25, 7.75, 8.5, 12.75], "rotation": 90, "texture": "#0"},
				"south": {"uv": [8.25, 12.5, 8.5, 12.75], "texture": "#0"},
				"west": {"uv": [8.25, 7.75, 8.5, 12.75], "rotation": 270, "texture": "#0"},
				"up": {"uv": [8.25, 7.75, 8.5, 12.75], "texture": "#0"},
				"down": {"uv": [8.25, 12.75, 8.5, 7.75], "texture": "#0"}
			}
		},
		{
			"name": "acid_gun_40",
			"from": [10.25, 0, 7.75],
			"to": [10.5, 1, 9.25],
			"faces": {
				"north": {"uv": [10.5, 7.75, 10.25, 8], "texture": "#0"},
				"east": {"uv": [10.25, 7.75, 10.5, 9.25], "rotation": 90, "texture": "#0"},
				"south": {"uv": [10.25, 9, 10.5, 9.25], "texture": "#0"},
				"west": {"uv": [10.25, 7.75, 10.5, 9.25], "rotation": 270, "texture": "#0"},
				"up": {"uv": [10.25, 7.75, 10.5, 9.25], "texture": "#0"},
				"down": {"uv": [10.25, 9.25, 10.5, 7.75], "texture": "#0"}
			}
		},
		{
			"name": "acid_gun_41",
			"from": [8.5, 0, 8],
			"to": [8.75, 1, 12.75],
			"faces": {
				"north": {"uv": [8.75, 8, 8.5, 8.25], "texture": "#0"},
				"east": {"uv": [8.5, 8, 8.75, 12.75], "rotation": 90, "texture": "#0"},
				"south": {"uv": [8.5, 12.5, 8.75, 12.75], "texture": "#0"},
				"west": {"uv": [8.5, 8, 8.75, 12.75], "rotation": 270, "texture": "#0"},
				"up": {"uv": [8.5, 8, 8.75, 12.75], "texture": "#0"},
				"down": {"uv": [8.5, 12.75, 8.75, 8], "texture": "#0"}
			}
		},
		{
			"name": "acid_gun_42",
			"from": [10, 0, 8],
			"to": [10.25, 1, 11],
			"faces": {
				"north": {"uv": [10.25, 8, 10, 8.25], "texture": "#0"},
				"east": {"uv": [10, 8, 10.25, 11], "rotation": 90, "texture": "#0"},
				"south": {"uv": [10, 10.75, 10.25, 11], "texture": "#0"},
				"west": {"uv": [10, 8, 10.25, 11], "rotation": 270, "texture": "#0"},
				"up": {"uv": [10, 8, 10.25, 11], "texture": "#0"},
				"down": {"uv": [10, 11, 10.25, 8], "texture": "#0"}
			}
		},
		{
			"name": "acid_gun_43",
			"from": [8.75, 0, 8.25],
			"to": [9, 1, 12.75],
			"faces": {
				"north": {"uv": [9, 8.25, 8.75, 8.5], "texture": "#0"},
				"east": {"uv": [8.75, 8.25, 9, 12.75], "rotation": 90, "texture": "#0"},
				"south": {"uv": [8.75, 12.5, 9, 12.75], "texture": "#0"},
				"west": {"uv": [8.75, 8.25, 9, 12.75], "rotation": 270, "texture": "#0"},
				"up": {"uv": [8.75, 8.25, 9, 12.75], "texture": "#0"},
				"down": {"uv": [8.75, 12.75, 9, 8.25], "texture": "#0"}
			}
		},
		{
			"name": "acid_gun_44",
			"from": [11.5, 0, 8.25],
			"to": [12, 1, 8.5],
			"faces": {
				"north": {"uv": [12, 8.25, 11.5, 8.5], "texture": "#0"},
				"east": {"uv": [11.75, 8.25, 12, 8.5], "rotation": 90, "texture": "#0"},
				"south": {"uv": [11.5, 8.25, 12, 8.5], "texture": "#0"},
				"west": {"uv": [11.5, 8.25, 11.75, 8.5], "rotation": 270, "texture": "#0"},
				"up": {"uv": [11.5, 8.25, 12, 8.5], "texture": "#0"},
				"down": {"uv": [11.5, 8.5, 12, 8.25], "texture": "#0"}
			}
		},
		{
			"name": "acid_gun_45",
			"from": [6.75, 0, 8.5],
			"to": [7, 1, 9.5],
			"faces": {
				"north": {"uv": [7, 8.5, 6.75, 8.75], "texture": "#0"},
				"east": {"uv": [6.75, 8.5, 7, 9.5], "rotation": 90, "texture": "#0"},
				"south": {"uv": [6.75, 9.25, 7, 9.5], "texture": "#0"},
				"west": {"uv": [6.75, 8.5, 7, 9.5], "rotation": 270, "texture": "#0"},
				"up": {"uv": [6.75, 8.5, 7, 9.5], "texture": "#0"},
				"down": {"uv": [6.75, 9.5, 7, 8.5], "texture": "#0"}
			}
		},
		{
			"name": "acid_gun_46",
			"from": [9, 0, 8.5],
			"to": [9.25, 1, 12.25],
			"faces": {
				"north": {"uv": [9.25, 8.5, 9, 8.75], "texture": "#0"},
				"east": {"uv": [9, 8.5, 9.25, 12.25], "rotation": 90, "texture": "#0"},
				"south": {"uv": [9, 12, 9.25, 12.25], "texture": "#0"},
				"west": {"uv": [9, 8.5, 9.25, 12.25], "rotation": 270, "texture": "#0"},
				"up": {"uv": [9, 8.5, 9.25, 12.25], "texture": "#0"},
				"down": {"uv": [9, 12.25, 9.25, 8.5], "texture": "#0"}
			}
		},
		{
			"name": "acid_gun_47",
			"from": [11.5, 0, 8.5],
			"to": [11.75, 1, 8.75],
			"faces": {
				"north": {"uv": [11.75, 8.5, 11.5, 8.75], "texture": "#0"},
				"east": {"uv": [11.5, 8.5, 11.75, 8.75], "rotation": 90, "texture": "#0"},
				"south": {"uv": [11.5, 8.5, 11.75, 8.75], "texture": "#0"},
				"west": {"uv": [11.5, 8.5, 11.75, 8.75], "rotation": 270, "texture": "#0"},
				"up": {"uv": [11.5, 8.5, 11.75, 8.75], "texture": "#0"},
				"down": {"uv": [11.5, 8.75, 11.75, 8.5], "texture": "#0"}
			}
		},
		{
			"name": "acid_gun_48",
			"from": [9.25, 0, 8.75],
			"to": [9.5, 1, 11.75],
			"faces": {
				"north": {"uv": [9.5, 8.75, 9.25, 9], "texture": "#0"},
				"east": {"uv": [9.25, 8.75, 9.5, 11.75], "rotation": 90, "texture": "#0"},
				"south": {"uv": [9.25, 11.5, 9.5, 11.75], "texture": "#0"},
				"west": {"uv": [9.25, 8.75, 9.5, 11.75], "rotation": 270, "texture": "#0"},
				"up": {"uv": [9.25, 8.75, 9.5, 11.75], "texture": "#0"},
				"down": {"uv": [9.25, 11.75, 9.5, 8.75], "texture": "#0"}
			}
		},
		{
			"name": "acid_gun_49",
			"from": [9.5, 0, 9],
			"to": [10, 1, 11],
			"faces": {
				"north": {"uv": [10, 9, 9.5, 9.25], "texture": "#0"},
				"east": {"uv": [9.75, 9, 10, 11], "rotation": 90, "texture": "#0"},
				"south": {"uv": [9.5, 10.75, 10, 11], "texture": "#0"},
				"west": {"uv": [9.5, 9, 9.75, 11], "rotation": 270, "texture": "#0"},
				"up": {"uv": [9.5, 9, 10, 11], "texture": "#0"},
				"down": {"uv": [9.5, 11, 10, 9], "texture": "#0"}
			}
		},
		{
			"name": "acid_gun_50",
			"from": [7, 0, 9.25],
			"to": [7.25, 1, 9.75],
			"faces": {
				"north": {"uv": [7.25, 9.25, 7, 9.5], "texture": "#0"},
				"east": {"uv": [7, 9.25, 7.25, 9.75], "rotation": 90, "texture": "#0"},
				"south": {"uv": [7, 9.5, 7.25, 9.75], "texture": "#0"},
				"west": {"uv": [7, 9.25, 7.25, 9.75], "rotation": 270, "texture": "#0"},
				"up": {"uv": [7, 9.25, 7.25, 9.75], "texture": "#0"},
				"down": {"uv": [7, 9.75, 7.25, 9.25], "texture": "#0"}
			}
		},
		{
			"name": "acid_gun_51",
			"from": [7.5, 0, 9.25],
			"to": [7.75, 1, 9.5],
			"faces": {
				"north": {"uv": [7.75, 9.25, 7.5, 9.5], "texture": "#0"},
				"east": {"uv": [7.5, 9.25, 7.75, 9.5], "rotation": 90, "texture": "#0"},
				"south": {"uv": [7.5, 9.25, 7.75, 9.5], "texture": "#0"},
				"west": {"uv": [7.5, 9.25, 7.75, 9.5], "rotation": 270, "texture": "#0"},
				"up": {"uv": [7.5, 9.25, 7.75, 9.5], "texture": "#0"},
				"down": {"uv": [7.5, 9.5, 7.75, 9.25], "texture": "#0"}
			}
		},
		{
			"name": "acid_gun_52",
			"from": [7.25, 0, 9.5],
			"to": [7.5, 1, 10],
			"faces": {
				"north": {"uv": [7.5, 9.5, 7.25, 9.75], "texture": "#0"},
				"east": {"uv": [7.25, 9.5, 7.5, 10], "rotation": 90, "texture": "#0"},
				"south": {"uv": [7.25, 9.75, 7.5, 10], "texture": "#0"},
				"west": {"uv": [7.25, 9.5, 7.5, 10], "rotation": 270, "texture": "#0"},
				"up": {"uv": [7.25, 9.5, 7.5, 10], "texture": "#0"},
				"down": {"uv": [7.25, 10, 7.5, 9.5], "texture": "#0"}
			}
		},
		{
			"name": "acid_gun_53",
			"from": [8, 0, 9.5],
			"to": [8.25, 1, 12.75],
			"faces": {
				"north": {"uv": [8.25, 9.5, 8, 9.75], "texture": "#0"},
				"east": {"uv": [8, 9.5, 8.25, 12.75], "rotation": 90, "texture": "#0"},
				"south": {"uv": [8, 12.5, 8.25, 12.75], "texture": "#0"},
				"west": {"uv": [8, 9.5, 8.25, 12.75], "rotation": 270, "texture": "#0"},
				"up": {"uv": [8, 9.5, 8.25, 12.75], "texture": "#0"},
				"down": {"uv": [8, 12.75, 8.25, 9.5], "texture": "#0"}
			}
		},
		{
			"name": "acid_gun_54",
			"from": [10.25, 0, 9.5],
			"to": [10.5, 1, 11.25],
			"faces": {
				"north": {"uv": [10.5, 9.5, 10.25, 9.75], "texture": "#0"},
				"east": {"uv": [10.25, 9.5, 10.5, 11.25], "rotation": 90, "texture": "#0"},
				"south": {"uv": [10.25, 11, 10.5, 11.25], "texture": "#0"},
				"west": {"uv": [10.25, 9.5, 10.5, 11.25], "rotation": 270, "texture": "#0"},
				"up": {"uv": [10.25, 9.5, 10.5, 11.25], "texture": "#0"},
				"down": {"uv": [10.25, 11.25, 10.5, 9.5], "texture": "#0"}
			}
		},
		{
			"name": "acid_gun_55",
			"from": [7.5, 0, 9.75],
			"to": [8, 1, 10],
			"faces": {
				"north": {"uv": [8, 9.75, 7.5, 10], "texture": "#0"},
				"east": {"uv": [7.75, 9.75, 8, 10], "rotation": 90, "texture": "#0"},
				"south": {"uv": [7.5, 9.75, 8, 10], "texture": "#0"},
				"west": {"uv": [7.5, 9.75, 7.75, 10], "rotation": 270, "texture": "#0"},
				"up": {"uv": [7.5, 9.75, 8, 10], "texture": "#0"},
				"down": {"uv": [7.5, 10, 8, 9.75], "texture": "#0"}
			}
		},
		{
			"name": "acid_gun_56",
			"from": [10.5, 0, 10],
			"to": [11.5, 1, 10.25],
			"faces": {
				"north": {"uv": [11.5, 10, 10.5, 10.25], "texture": "#0"},
				"east": {"uv": [11.25, 10, 11.5, 10.25], "rotation": 90, "texture": "#0"},
				"south": {"uv": [10.5, 10, 11.5, 10.25], "texture": "#0"},
				"west": {"uv": [10.5, 10, 10.75, 10.25], "rotation": 270, "texture": "#0"},
				"up": {"uv": [10.5, 10, 11.5, 10.25], "texture": "#0"},
				"down": {"uv": [10.5, 10.25, 11.5, 10], "texture": "#0"}
			}
		},
		{
			"name": "acid_gun_57",
			"from": [7.75, 0, 10.5],
			"to": [8, 1, 12.25],
			"faces": {
				"north": {"uv": [8, 10.5, 7.75, 10.75], "texture": "#0"},
				"east": {"uv": [7.75, 10.5, 8, 12.25], "rotation": 90, "texture": "#0"},
				"south": {"uv": [7.75, 12, 8, 12.25], "texture": "#0"},
				"west": {"uv": [7.75, 10.5, 8, 12.25], "rotation": 270, "texture": "#0"},
				"up": {"uv": [7.75, 10.5, 8, 12.25], "texture": "#0"},
				"down": {"uv": [7.75, 12.25, 8, 10.5], "texture": "#0"}
			}
		},
		{
			"name": "acid_gun_58",
			"from": [7.5, 0, 11],
			"to": [7.75, 1, 12],
			"faces": {
				"north": {"uv": [7.75, 11, 7.5, 11.25], "texture": "#0"},
				"east": {"uv": [7.5, 11, 7.75, 12], "rotation": 90, "texture": "#0"},
				"south": {"uv": [7.5, 11.75, 7.75, 12], "texture": "#0"},
				"west": {"uv": [7.5, 11, 7.75, 12], "rotation": 270, "texture": "#0"},
				"up": {"uv": [7.5, 11, 7.75, 12], "texture": "#0"},
				"down": {"uv": [7.5, 12, 7.75, 11], "texture": "#0"}
			}
		},
		{
			"name": "acid_gun_59",
			"from": [7.25, 0, 11.25],
			"to": [7.5, 1, 11.75],
			"faces": {
				"north": {"uv": [7.5, 11.25, 7.25, 11.5], "texture": "#0"},
				"east": {"uv": [7.25, 11.25, 7.5, 11.75], "rotation": 90, "texture": "#0"},
				"south": {"uv": [7.25, 11.5, 7.5, 11.75], "texture": "#0"},
				"west": {"uv": [7.25, 11.25, 7.5, 11.75], "rotation": 270, "texture": "#0"},
				"up": {"uv": [7.25, 11.25, 7.5, 11.75], "texture": "#0"},
				"down": {"uv": [7.25, 11.75, 7.5, 11.25], "texture": "#0"}
			}
		}
	],
	"display": {
		"thirdperson_righthand": {
			"rotation": [45, 0, 90],
			"translation": [-7.5, 2, -0.75]
		},
		"thirdperson_lefthand": {
			"rotation": [45, 0, -90],
			"translation": [7.5, 2, -0.75]
		},
		"firstperson_righthand": {
			"rotation": [45, 0, 90],
			"translation": [-8, 2.5, 0]
		},
		"firstperson_lefthand": {
			"rotation": [45, 0, -90],
			"translation": [8, 2.5, 0]
		},
		"ground": {
			"rotation": [90, 0, 90],
			"translation": [-4, 0, 0],
			"scale": [0.5, 0.5, 0.5]
		},
		"gui": {
			"rotation": [90, 0, 0]
		},
		"head": {
			"rotation": [45, 0, 90],
			"translation": [-7.5, 8.25, -1.5]
		},
		"fixed": {
			"rotation": [90, 0, 0],
			"translation": [0, 0, 7]
		}
	},
	"groups": [
		{
			"name": "acid_gun",
			"origin": [8, 8, 8],
			"children": [0, 1, 2, 3, 4, 5, 6, 7, 8, 9, 10, 11, 12, 13, 14, 15, 16, 17, 18, 19, 20, 21, 22, 23, 24, 25, 26, 27, 28, 29, 30, 31, 32, 33, 34, 35, 36, 37, 38, 39, 40, 41, 42, 43, 44, 45, 46, 47, 48, 49, 50, 51, 52, 53, 54, 55, 56, 57, 58, 59]
		}
	]
}