{
	"credit": "Made with Blockbench",
	"textures": {
		"0": "gun_textures/nukelauncher",
		"particle": "gun_textures/nukelauncher"
	},
	"elements": [
		{
			"name": "nukelauncher_0",
			"from": [0.75, 0, 1.5],
			"to": [2.25, 1.25, 3.25],
			"faces": {
				"north": {"uv": [2.25, 1.5, 0.75, 1.75], "texture": "#0"},
				"east": {"uv": [2, 1.5, 2.25, 3.25], "rotation": 90, "texture": "#0"},
				"south": {"uv": [0.75, 3, 2.25, 3.25], "texture": "#0"},
				"west": {"uv": [0.75, 1.5, 1, 3.25], "rotation": 270, "texture": "#0"},
				"up": {"uv": [0.75, 1.5, 2.25, 3.25], "texture": "#0"},
				"down": {"uv": [0.75, 3.25, 2.25, 1.5], "texture": "#0"}
			}
		},
		{
			"name": "nukelauncher_1",
			"from": [0.5, 0, 1.75],
			"to": [0.75, 1.25, 3],
			"faces": {
				"north": {"uv": [0.75, 1.75, 0.5, 2], "texture": "#0"},
				"east": {"uv": [0.5, 1.75, 0.75, 3], "rotation": 90, "texture": "#0"},
				"south": {"uv": [0.5, 2.75, 0.75, 3], "texture": "#0"},
				"west": {"uv": [0.5, 1.75, 0.75, 3], "rotation": 270, "texture": "#0"},
				"up": {"uv": [0.5, 1.75, 0.75, 3], "texture": "#0"},
				"down": {"uv": [0.5, 3, 0.75, 1.75], "texture": "#0"}
			}
		},
		{
			"name": "nukelauncher_2",
			"from": [2.25, 0, 1.75],
			"to": [2.5, 1.25, 4.75],
			"faces": {
				"north": {"uv": [2.5, 1.75, 2.25, 2], "texture": "#0"},
				"east": {"uv": [2.25, 1.75, 2.5, 4.75], "rotation": 90, "texture": "#0"},
				"south": {"uv": [2.25, 4.5, 2.5, 4.75], "texture": "#0"},
				"west": {"uv": [2.25, 1.75, 2.5, 4.75], "rotation": 270, "texture": "#0"},
				"up": {"uv": [2.25, 1.75, 2.5, 4.75], "texture": "#0"},
				"down": {"uv": [2.25, 4.75, 2.5, 1.75], "texture": "#0"}
			}
		},
		{
			"name": "nukelauncher_3",
			"from": [0.25, 0, 2],
			"to": [0.5, 1.25, 2.75],
			"faces": {
				"north": {"uv": [0.5, 2, 0.25, 2.25], "texture": "#0"},
				"east": {"uv": [0.25, 2, 0.5, 2.75], "rotation": 90, "texture": "#0"},
				"south": {"uv": [0.25, 2.5, 0.5, 2.75], "texture": "#0"},
				"west": {"uv": [0.25, 2, 0.5, 2.75], "rotation": 270, "texture": "#0"},
				"up": {"uv": [0.25, 2, 0.5, 2.75], "texture": "#0"},
				"down": {"uv": [0.25, 2.75, 0.5, 2], "texture": "#0"}
			}
		},
		{
			"name": "nukelauncher_4",
			"from": [2.5, 0, 2],
			"to": [2.75, 1.25, 5],
			"faces": {
				"north": {"uv": [2.75, 2, 2.5, 2.25], "texture": "#0"},
				"east": {"uv": [2.5, 2, 2.75, 5], "rotation": 90, "texture": "#0"},
				"south": {"uv": [2.5, 4.75, 2.75, 5], "texture": "#0"},
				"west": {"uv": [2.5, 2, 2.75, 5], "rotation": 270, "texture": "#0"},
				"up": {"uv": [2.5, 2, 2.75, 5], "texture": "#0"},
				"down": {"uv": [2.5, 5, 2.75, 2], "texture": "#0"}
			}
		},
		{
			"name": "nukelauncher_5",
			"from": [0, 0, 2.25],
			"to": [0.25, 1.25, 2.5],
			"faces": {
				"north": {"uv": [0.25, 2.25, 0, 2.5], "texture": "#0"},
				"east": {"uv": [0, 2.25, 0.25, 2.5], "rotation": 90, "texture": "#0"},
				"south": {"uv": [0, 2.25, 0.25, 2.5], "texture": "#0"},
				"west": {"uv": [0, 2.25, 0.25, 2.5], "rotation": 270, "texture": "#0"},
				"up": {"uv": [0, 2.25, 0.25, 2.5], "texture": "#0"},
				"down": {"uv": [0, 2.5, 0.25, 2.25], "texture": "#0"}
			}
		},
		{
			"name": "nukelauncher_6",
			"from": [2.75, 0, 2.25],
			"to": [3, 1.25, 5.25],
			"faces": {
				"north": {"uv": [3, 2.25, 2.75, 2.5], "texture": "#0"},
				"east": {"uv": [2.75, 2.25, 3, 5.25], "rotation": 90, "texture": "#0"},
				"south": {"uv": [2.75, 5, 3, 5.25], "texture": "#0"},
				"west": {"uv": [2.75, 2.25, 3, 5.25], "rotation": 270, "texture": "#0"},
				"up": {"uv": [2.75, 2.25, 3, 5.25], "texture": "#0"},
				"down": {"uv": [2.75, 5.25, 3, 2.25], "texture": "#0"}
			}
		},
		{
			"name": "nukelauncher_7",
			"from": [3, 0, 2.5],
			"to": [3.25, 1.25, 5.5],
			"faces": {
				"north": {"uv": [3.25, 2.5, 3, 2.75], "texture": "#0"},
				"east": {"uv": [3, 2.5, 3.25, 5.5], "rotation": 90, "texture": "#0"},
				"south": {"uv": [3, 5.25, 3.25, 5.5], "texture": "#0"},
				"west": {"uv": [3, 2.5, 3.25, 5.5], "rotation": 270, "texture": "#0"},
				"up": {"uv": [3, 2.5, 3.25, 5.5], "texture": "#0"},
				"down": {"uv": [3, 5.5, 3.25, 2.5], "texture": "#0"}
			}
		},
		{
			"name": "nukelauncher_8",
			"from": [3.25, 0, 2.75],
			"to": [3.5, 1.25, 7.5],
			"faces": {
				"north": {"uv": [3.5, 2.75, 3.25, 3], "texture": "#0"},
				"east": {"uv": [3.25, 2.75, 3.5, 7.5], "rotation": 90, "texture": "#0"},
				"south": {"uv": [3.25, 7.25, 3.5, 7.5], "texture": "#0"},
				"west": {"uv": [3.25, 2.75, 3.5, 7.5], "rotation": 270, "texture": "#0"},
				"up": {"uv": [3.25, 2.75, 3.5, 7.5], "texture": "#0"},
				"down": {"uv": [3.25, 7.5, 3.5, 2.75], "texture": "#0"}
			}
		},
		{
			"name": "nukelauncher_9",
			"from": [3.5, 0, 3],
			"to": [3.75, 1.25, 7.25],
			"faces": {
				"north": {"uv": [3.75, 3, 3.5, 3.25], "texture": "#0"},
				"east": {"uv": [3.5, 3, 3.75, 7.25], "rotation": 90, "texture": "#0"},
				"south": {"uv": [3.5, 7, 3.75, 7.25], "texture": "#0"},
				"west": {"uv": [3.5, 3, 3.75, 7.25], "rotation": 270, "texture": "#0"},
				"up": {"uv": [3.5, 3, 3.75, 7.25], "texture": "#0"},
				"down": {"uv": [3.5, 7.25, 3.75, 3], "texture": "#0"}
			}
		},
		{
			"name": "nukelauncher_10",
			"from": [1, 0, 3.25],
			"to": [2.25, 1.25, 3.5],
			"faces": {
				"north": {"uv": [2.25, 3.25, 1, 3.5], "texture": "#0"},
				"east": {"uv": [2, 3.25, 2.25, 3.5], "rotation": 90, "texture": "#0"},
				"south": {"uv": [1, 3.25, 2.25, 3.5], "texture": "#0"},
				"west": {"uv": [1, 3.25, 1.25, 3.5], "rotation": 270, "texture": "#0"},
				"up": {"uv": [1, 3.25, 2.25, 3.5], "texture": "#0"},
				"down": {"uv": [1, 3.5, 2.25, 3.25], "texture": "#0"}
			}
		},
		{
			"name": "nukelauncher_11",
			"from": [3.75, 0, 3.25],
			"to": [4, 1.25, 7],
			"faces": {
				"north": {"uv": [4, 3.25, 3.75, 3.5], "texture": "#0"},
				"east": {"uv": [3.75, 3.25, 4, 7], "rotation": 90, "texture": "#0"},
				"south": {"uv": [3.75, 6.75, 4, 7], "texture": "#0"},
				"west": {"uv": [3.75, 3.25, 4, 7], "rotation": 270, "texture": "#0"},
				"up": {"uv": [3.75, 3.25, 4, 7], "texture": "#0"},
				"down": {"uv": [3.75, 7, 4, 3.25], "texture": "#0"}
			}
		},
		{
			"name": "nukelauncher_12",
			"from": [1.25, 0, 3.5],
			"to": [2.25, 1.25, 3.75],
			"faces": {
				"north": {"uv": [2.25, 3.5, 1.25, 3.75], "texture": "#0"},
				"east": {"uv": [2, 3.5, 2.25, 3.75], "rotation": 90, "texture": "#0"},
				"south": {"uv": [1.25, 3.5, 2.25, 3.75], "texture": "#0"},
				"west": {"uv": [1.25, 3.5, 1.5, 3.75], "rotation": 270, "texture": "#0"},
				"up": {"uv": [1.25, 3.5, 2.25, 3.75], "texture": "#0"},
				"down": {"uv": [1.25, 3.75, 2.25, 3.5], "texture": "#0"}
			}
		},
		{
			"name": "nukelauncher_13",
			"from": [4, 0, 3.5],
			"to": [4.25, 1.25, 6.75],
			"faces": {
				"north": {"uv": [4.25, 3.5, 4, 3.75], "texture": "#0"},
				"east": {"uv": [4, 3.5, 4.25, 6.75], "rotation": 90, "texture": "#0"},
				"south": {"uv": [4, 6.5, 4.25, 6.75], "texture": "#0"},
				"west": {"uv": [4, 3.5, 4.25, 6.75], "rotation": 270, "texture": "#0"},
				"up": {"uv": [4, 3.5, 4.25, 6.75], "texture": "#0"},
				"down": {"uv": [4, 6.75, 4.25, 3.5], "texture": "#0"}
			}
		},
		{
			"name": "nukelauncher_14",
			"from": [1.5, 0, 3.75],
			"to": [2.25, 1.25, 4],
			"faces": {
				"north": {"uv": [2.25, 3.75, 1.5, 4], "texture": "#0"},
				"east": {"uv": [2, 3.75, 2.25, 4], "rotation": 90, "texture": "#0"},
				"south": {"uv": [1.5, 3.75, 2.25, 4], "texture": "#0"},
				"west": {"uv": [1.5, 3.75, 1.75, 4], "rotation": 270, "texture": "#0"},
				"up": {"uv": [1.5, 3.75, 2.25, 4], "texture": "#0"},
				"down": {"uv": [1.5, 4, 2.25, 3.75], "texture": "#0"}
			}
		},
		{
			"name": "nukelauncher_15",
			"from": [4.25, 0, 3.75],
			"to": [4.5, 1.25, 6.75],
			"faces": {
				"north": {"uv": [4.5, 3.75, 4.25, 4], "texture": "#0"},
				"east": {"uv": [4.25, 3.75, 4.5, 6.75], "rotation": 90, "texture": "#0"},
				"south": {"uv": [4.25, 6.5, 4.5, 6.75], "texture": "#0"},
				"west": {"uv": [4.25, 3.75, 4.5, 6.75], "rotation": 270, "texture": "#0"},
				"up": {"uv": [4.25, 3.75, 4.5, 6.75], "texture": "#0"},
				"down": {"uv": [4.25, 6.75, 4.5, 3.75], "texture": "#0"}
			}
		},
		{
			"name": "nukelauncher_16",
			"from": [1.75, 0, 4],
			"to": [2.25, 1.25, 4.25],
			"faces": {
				"north": {"uv": [2.25, 4, 1.75, 4.25], "texture": "#0"},
				"east": {"uv": [2, 4, 2.25, 4.25], "rotation": 90, "texture": "#0"},
				"south": {"uv": [1.75, 4, 2.25, 4.25], "texture": "#0"},
				"west": {"uv": [1.75, 4, 2, 4.25], "rotation": 270, "texture": "#0"},
				"up": {"uv": [1.75, 4, 2.25, 4.25], "texture": "#0"},
				"down": {"uv": [1.75, 4.25, 2.25, 4], "texture": "#0"}
			}
		},
		{
			"name": "nukelauncher_17",
			"from": [4.5, 0, 4],
			"to": [4.75, 1.25, 7],
			"faces": {
				"north": {"uv": [4.75, 4, 4.5, 4.25], "texture": "#0"},
				"east": {"uv": [4.5, 4, 4.75, 7], "rotation": 90, "texture": "#0"},
				"south": {"uv": [4.5, 6.75, 4.75, 7], "texture": "#0"},
				"west": {"uv": [4.5, 4, 4.75, 7], "rotation": 270, "texture": "#0"},
				"up": {"uv": [4.5, 4, 4.75, 7], "texture": "#0"},
				"down": {"uv": [4.5, 7, 4.75, 4], "texture": "#0"}
			}
		},
		{
			"name": "nukelauncher_18",
			"from": [2, 0, 4.25],
			"to": [2.25, 1.25, 4.5],
			"faces": {
				"north": {"uv": [2.25, 4.25, 2, 4.5], "texture": "#0"},
				"east": {"uv": [2, 4.25, 2.25, 4.5], "rotation": 90, "texture": "#0"},
				"south": {"uv": [2, 4.25, 2.25, 4.5], "texture": "#0"},
				"west": {"uv": [2, 4.25, 2.25, 4.5], "rotation": 270, "texture": "#0"},
				"up": {"uv": [2, 4.25, 2.25, 4.5], "texture": "#0"},
				"down": {"uv": [2, 4.5, 2.25, 4.25], "texture": "#0"}
			}
		},
		{
			"name": "nukelauncher_19",
			"from": [4.75, 0, 4.25],
			"to": [5, 1.25, 7.25],
			"faces": {
				"north": {"uv": [5, 4.25, 4.75, 4.5], "texture": "#0"},
				"east": {"uv": [4.75, 4.25, 5, 7.25], "rotation": 90, "texture": "#0"},
				"south": {"uv": [4.75, 7, 5, 7.25], "texture": "#0"},
				"west": {"uv": [4.75, 4.25, 5, 7.25], "rotation": 270, "texture": "#0"},
				"up": {"uv": [4.75, 4.25, 5, 7.25], "texture": "#0"},
				"down": {"uv": [4.75, 7.25, 5, 4.25], "texture": "#0"}
			}
		},
		{
			"name": "nukelauncher_20",
			"from": [5, 0, 4.5],
			"to": [5.25, 1.25, 7.5],
			"faces": {
				"north": {"uv": [5.25, 4.5, 5, 4.75], "texture": "#0"},
				"east": {"uv": [5, 4.5, 5.25, 7.5], "rotation": 90, "texture": "#0"},
				"south": {"uv": [5, 7.25, 5.25, 7.5], "texture": "#0"},
				"west": {"uv": [5, 4.5, 5.25, 7.5], "rotation": 270, "texture": "#0"},
				"up": {"uv": [5, 4.5, 5.25, 7.5], "texture": "#0"},
				"down": {"uv": [5, 7.5, 5.25, 4.5], "texture": "#0"}
			}
		},
		{
			"name": "nukelauncher_21",
			"from": [5.25, 0, 4.75],
			"to": [5.5, 1.25, 7.75],
			"faces": {
				"north": {"uv": [5.5, 4.75, 5.25, 5], "texture": "#0"},
				"east": {"uv": [5.25, 4.75, 5.5, 7.75], "rotation": 90, "texture": "#0"},
				"south": {"uv": [5.25, 7.5, 5.5, 7.75], "texture": "#0"},
				"west": {"uv": [5.25, 4.75, 5.5, 7.75], "rotation": 270, "texture": "#0"},
				"up": {"uv": [5.25, 4.75, 5.5, 7.75], "texture": "#0"},
				"down": {"uv": [5.25, 7.75, 5.5, 4.75], "texture": "#0"}
			}
		},
		{
			"name": "nukelauncher_22",
			"from": [5.5, 0, 5],
			"to": [5.75, 1.25, 8],
			"faces": {
				"north": {"uv": [5.75, 5, 5.5, 5.25], "texture": "#0"},
				"east": {"uv": [5.5, 5, 5.75, 8], "rotation": 90, "texture": "#0"},
				"south": {"uv": [5.5, 7.75, 5.75, 8], "texture": "#0"},
				"west": {"uv": [5.5, 5, 5.75, 8], "rotation": 270, "texture": "#0"},
				"up": {"uv": [5.5, 5, 5.75, 8], "texture": "#0"},
				"down": {"uv": [5.5, 8, 5.75, 5], "texture": "#0"}
			}
		},
		{
			"name": "nukelauncher_23",
			"from": [5.75, 0, 5.25],
			"to": [6, 1.25, 8.25],
			"faces": {
				"north": {"uv": [6, 5.25, 5.75, 5.5], "texture": "#0"},
				"east": {"uv": [5.75, 5.25, 6, 8.25], "rotation": 90, "texture": "#0"},
				"south": {"uv": [5.75, 8, 6, 8.25], "texture": "#0"},
				"west": {"uv": [5.75, 5.25, 6, 8.25], "rotation": 270, "texture": "#0"},
				"up": {"uv": [5.75, 5.25, 6, 8.25], "texture": "#0"},
				"down": {"uv": [5.75, 8.25, 6, 5.25], "texture": "#0"}
			}
		},
		{
			"name": "nukelauncher_24",
			"from": [6, 0, 5.5],
			"to": [6.25, 1.25, 8.5],
			"faces": {
				"north": {"uv": [6.25, 5.5, 6, 5.75], "texture": "#0"},
				"east": {"uv": [6, 5.5, 6.25, 8.5], "rotation": 90, "texture": "#0"},
				"south": {"uv": [6, 8.25, 6.25, 8.5], "texture": "#0"},
				"west": {"uv": [6, 5.5, 6.25, 8.5], "rotation": 270, "texture": "#0"},
				"up": {"uv": [6, 5.5, 6.25, 8.5], "texture": "#0"},
				"down": {"uv": [6, 8.5, 6.25, 5.5], "texture": "#0"}
			}
		},
		{
			"name": "nukelauncher_25",
			"from": [6.25, 0, 5.75],
			"to": [6.5, 1.25, 8.75],
			"faces": {
				"north": {"uv": [6.5, 5.75, 6.25, 6], "texture": "#0"},
				"east": {"uv": [6.25, 5.75, 6.5, 8.75], "rotation": 90, "texture": "#0"},
				"south": {"uv": [6.25, 8.5, 6.5, 8.75], "texture": "#0"},
				"west": {"uv": [6.25, 5.75, 6.5, 8.75], "rotation": 270, "texture": "#0"},
				"up": {"uv": [6.25, 5.75, 6.5, 8.75], "texture": "#0"},
				"down": {"uv": [6.25, 8.75, 6.5, 5.75], "texture": "#0"}
			}
		},
		{
			"name": "nukelauncher_26",
			"from": [2.75, 0, 6],
			"to": [3.25, 1.25, 8],
			"faces": {
				"north": {"uv": [3.25, 6, 2.75, 6.25], "texture": "#0"},
				"east": {"uv": [3, 6, 3.25, 8], "rotation": 90, "texture": "#0"},
				"south": {"uv": [2.75, 7.75, 3.25, 8], "texture": "#0"},
				"west": {"uv": [2.75, 6, 3, 8], "rotation": 270, "texture": "#0"},
				"up": {"uv": [2.75, 6, 3.25, 8], "texture": "#0"},
				"down": {"uv": [2.75, 8, 3.25, 6], "texture": "#0"}
			}
		},
		{
			"name": "nukelauncher_27",
			"from": [6.5, 0, 6],
			"to": [6.75, 1.25, 9],
			"faces": {
				"north": {"uv": [6.75, 6, 6.5, 6.25], "texture": "#0"},
				"east": {"uv": [6.5, 6, 6.75, 9], "rotation": 90, "texture": "#0"},
				"south": {"uv": [6.5, 8.75, 6.75, 9], "texture": "#0"},
				"west": {"uv": [6.5, 6, 6.75, 9], "rotation": 270, "texture": "#0"},
				"up": {"uv": [6.5, 6, 6.75, 9], "texture": "#0"},
				"down": {"uv": [6.5, 9, 6.75, 6], "texture": "#0"}
			}
		},
		{
			"name": "nukelauncher_28",
			"from": [2.5, 0, 6.25],
			"to": [2.75, 1.25, 8.5],
			"faces": {
				"north": {"uv": [2.75, 6.25, 2.5, 6.5], "texture": "#0"},
				"east": {"uv": [2.5, 6.25, 2.75, 8.5], "rotation": 90, "texture": "#0"},
				"south": {"uv": [2.5, 8.25, 2.75, 8.5], "texture": "#0"},
				"west": {"uv": [2.5, 6.25, 2.75, 8.5], "rotation": 270, "texture": "#0"},
				"up": {"uv": [2.5, 6.25, 2.75, 8.5], "texture": "#0"},
				"down": {"uv": [2.5, 8.5, 2.75, 6.25], "texture": "#0"}
			}
		},
		{
			"name": "nukelauncher_29",
			"from": [6.75, 0, 6.25],
			"to": [7, 1.25, 9.25],
			"faces": {
				"north": {"uv": [7, 6.25, 6.75, 6.5], "texture": "#0"},
				"east": {"uv": [6.75, 6.25, 7, 9.25], "rotation": 90, "texture": "#0"},
				"south": {"uv": [6.75, 9, 7, 9.25], "texture": "#0"},
				"west": {"uv": [6.75, 6.25, 7, 9.25], "rotation": 270, "texture": "#0"},
				"up": {"uv": [6.75, 6.25, 7, 9.25], "texture": "#0"},
				"down": {"uv": [6.75, 9.25, 7, 6.25], "texture": "#0"}
			}
		},
		{
			"name": "nukelauncher_30",
			"from": [7, 0, 6.5],
			"to": [7.25, 1.25, 9.5],
			"faces": {
				"north": {"uv": [7.25, 6.5, 7, 6.75], "texture": "#0"},
				"east": {"uv": [7, 6.5, 7.25, 9.5], "rotation": 90, "texture": "#0"},
				"south": {"uv": [7, 9.25, 7.25, 9.5], "texture": "#0"},
				"west": {"uv": [7, 6.5, 7.25, 9.5], "rotation": 270, "texture": "#0"},
				"up": {"uv": [7, 6.5, 7.25, 9.5], "texture": "#0"},
				"down": {"uv": [7, 9.5, 7.25, 6.5], "texture": "#0"}
			}
		},
		{
			"name": "nukelauncher_31",
			"from": [7.25, 0, 6.75],
			"to": [7.5, 1.25, 9.75],
			"faces": {
				"north": {"uv": [7.5, 6.75, 7.25, 7], "texture": "#0"},
				"east": {"uv": [7.25, 6.75, 7.5, 9.75], "rotation": 90, "texture": "#0"},
				"south": {"uv": [7.25, 9.5, 7.5, 9.75], "texture": "#0"},
				"west": {"uv": [7.25, 6.75, 7.5, 9.75], "rotation": 270, "texture": "#0"},
				"up": {"uv": [7.25, 6.75, 7.5, 9.75], "texture": "#0"},
				"down": {"uv": [7.25, 9.75, 7.5, 6.75], "texture": "#0"}
			}
		},
		{
			"name": "nukelauncher_32",
			"from": [2.25, 0, 7],
			"to": [2.5, 1.25, 8.25],
			"faces": {
				"north": {"uv": [2.5, 7, 2.25, 7.25], "texture": "#0"},
				"east": {"uv": [2.25, 7, 2.5, 8.25], "rotation": 90, "texture": "#0"},
				"south": {"uv": [2.25, 8, 2.5, 8.25], "texture": "#0"},
				"west": {"uv": [2.25, 7, 2.5, 8.25], "rotation": 270, "texture": "#0"},
				"up": {"uv": [2.25, 7, 2.5, 8.25], "texture": "#0"},
				"down": {"uv": [2.25, 8.25, 2.5, 7], "texture": "#0"}
			}
		},
		{
			"name": "nukelauncher_33",
			"from": [7.5, 0, 7],
			"to": [7.75, 1.25, 10],
			"faces": {
				"north": {"uv": [7.75, 7, 7.5, 7.25], "texture": "#0"},
				"east": {"uv": [7.5, 7, 7.75, 10], "rotation": 90, "texture": "#0"},
				"south": {"uv": [7.5, 9.75, 7.75, 10], "texture": "#0"},
				"west": {"uv": [7.5, 7, 7.75, 10], "rotation": 270, "texture": "#0"},
				"up": {"uv": [7.5, 7, 7.75, 10], "texture": "#0"},
				"down": {"uv": [7.5, 10, 7.75, 7], "texture": "#0"}
			}
		},
		{
			"name": "nukelauncher_34",
			"from": [2, 0, 7.25],
			"to": [2.25, 1.25, 8.25],
			"faces": {
				"north": {"uv": [2.25, 7.25, 2, 7.5], "texture": "#0"},
				"east": {"uv": [2, 7.25, 2.25, 8.25], "rotation": 90, "texture": "#0"},
				"south": {"uv": [2, 8, 2.25, 8.25], "texture": "#0"},
				"west": {"uv": [2, 7.25, 2.25, 8.25], "rotation": 270, "texture": "#0"},
				"up": {"uv": [2, 7.25, 2.25, 8.25], "texture": "#0"},
				"down": {"uv": [2, 8.25, 2.25, 7.25], "texture": "#0"}
			}
		},
		{
			"name": "nukelauncher_35",
			"from": [7.75, 0, 7.25],
			"to": [8.25, 1.25, 10.25],
			"faces": {
				"north": {"uv": [8.25, 7.25, 7.75, 7.5], "texture": "#0"},
				"east": {"uv": [8, 7.25, 8.25, 10.25], "rotation": 90, "texture": "#0"},
				"south": {"uv": [7.75, 10, 8.25, 10.25], "texture": "#0"},
				"west": {"uv": [7.75, 7.25, 8, 10.25], "rotation": 270, "texture": "#0"},
				"up": {"uv": [7.75, 7.25, 8.25, 10.25], "texture": "#0"},
				"down": {"uv": [7.75, 10.25, 8.25, 7.25], "texture": "#0"}
			}
		},
		{
			"name": "nukelauncher_36",
			"from": [8.25, 0, 7.25],
			"to": [10.75, 1.25, 7.5],
			"faces": {
				"north": {"uv": [10.75, 7.25, 8.25, 7.5], "texture": "#0"},
				"east": {"uv": [10.5, 7.25, 10.75, 7.5], "rotation": 90, "texture": "#0"},
				"south": {"uv": [8.25, 7.25, 10.75, 7.5], "texture": "#0"},
				"west": {"uv": [8.25, 7.25, 8.5, 7.5], "rotation": 270, "texture": "#0"},
				"up": {"uv": [8.25, 7.25, 10.75, 7.5], "texture": "#0"},
				"down": {"uv": [8.25, 7.5, 10.75, 7.25], "texture": "#0"}
			}
		},
		{
			"name": "nukelauncher_37",
			"from": [10.5, 0, 7.5],
			"to": [11, 1.25, 8],
			"faces": {
				"north": {"uv": [11, 7.5, 10.5, 7.75], "texture": "#0"},
				"east": {"uv": [10.75, 7.5, 11, 8], "rotation": 90, "texture": "#0"},
				"south": {"uv": [10.5, 7.75, 11, 8], "texture": "#0"},
				"west": {"uv": [10.5, 7.5, 10.75, 8], "rotation": 270, "texture": "#0"},
				"up": {"uv": [10.5, 7.5, 11, 8], "texture": "#0"},
				"down": {"uv": [10.5, 8, 11, 7.5], "texture": "#0"}
			}
		},
		{
			"name": "nukelauncher_38",
			"from": [8.25, 0, 7.75],
			"to": [8.5, 1.25, 10.75],
			"faces": {
				"north": {"uv": [8.5, 7.75, 8.25, 8], "texture": "#0"},
				"east": {"uv": [8.25, 7.75, 8.5, 10.75], "rotation": 90, "texture": "#0"},
				"south": {"uv": [8.25, 10.5, 8.5, 10.75], "texture": "#0"},
				"west": {"uv": [8.25, 7.75, 8.5, 10.75], "rotation": 270, "texture": "#0"},
				"up": {"uv": [8.25, 7.75, 8.5, 10.75], "texture": "#0"},
				"down": {"uv": [8.25, 10.75, 8.5, 7.75], "texture": "#0"}
			}
		},
		{
			"name": "nukelauncher_39",
			"from": [10.25, 0, 7.75],
			"to": [10.5, 1.25, 8.25],
			"faces": {
				"north": {"uv": [10.5, 7.75, 10.25, 8], "texture": "#0"},
				"east": {"uv": [10.25, 7.75, 10.5, 8.25], "rotation": 90, "texture": "#0"},
				"south": {"uv": [10.25, 8, 10.5, 8.25], "texture": "#0"},
				"west": {"uv": [10.25, 7.75, 10.5, 8.25], "rotation": 270, "texture": "#0"},
				"up": {"uv": [10.25, 7.75, 10.5, 8.25], "texture": "#0"},
				"down": {"uv": [10.25, 8.25, 10.5, 7.75], "texture": "#0"}
			}
		},
		{
			"name": "nukelauncher_40",
			"from": [11, 0, 7.75],
			"to": [11.25, 1.25, 8.25],
			"faces": {
				"north": {"uv": [11.25, 7.75, 11, 8], "texture": "#0"},
				"east": {"uv": [11, 7.75, 11.25, 8.25], "rotation": 90, "texture": "#0"},
				"south": {"uv": [11, 8, 11.25, 8.25], "texture": "#0"},
				"west": {"uv": [11, 7.75, 11.25, 8.25], "rotation": 270, "texture": "#0"},
				"up": {"uv": [11, 7.75, 11.25, 8.25], "texture": "#0"},
				"down": {"uv": [11, 8.25, 11.25, 7.75], "texture": "#0"}
			}
		},
		{
			"name": "nukelauncher_41",
			"from": [2.75, 0, 8],
			"to": [3, 1.25, 8.25],
			"faces": {
				"north": {"uv": [3, 8, 2.75, 8.25], "texture": "#0"},
				"east": {"uv": [2.75, 8, 3, 8.25], "rotation": 90, "texture": "#0"},
				"south": {"uv": [2.75, 8, 3, 8.25], "texture": "#0"},
				"west": {"uv": [2.75, 8, 3, 8.25], "rotation": 270, "texture": "#0"},
				"up": {"uv": [2.75, 8, 3, 8.25], "texture": "#0"},
				"down": {"uv": [2.75, 8.25, 3, 8], "texture": "#0"}
			}
		},
		{
			"name": "nukelauncher_42",
			"from": [8.5, 0, 8],
			"to": [8.75, 1.25, 11],
			"faces": {
				"north": {"uv": [8.75, 8, 8.5, 8.25], "texture": "#0"},
				"east": {"uv": [8.5, 8, 8.75, 11], "rotation": 90, "texture": "#0"},
				"south": {"uv": [8.5, 10.75, 8.75, 11], "texture": "#0"},
				"west": {"uv": [8.5, 8, 8.75, 11], "rotation": 270, "texture": "#0"},
				"up": {"uv": [8.5, 8, 8.75, 11], "texture": "#0"},
				"down": {"uv": [8.5, 11, 8.75, 8], "texture": "#0"}
			}
		},
		{
			"name": "nukelauncher_43",
			"from": [10, 0, 8],
			"to": [10.25, 1.25, 8.5],
			"faces": {
				"north": {"uv": [10.25, 8, 10, 8.25], "texture": "#0"},
				"east": {"uv": [10, 8, 10.25, 8.5], "rotation": 90, "texture": "#0"},
				"south": {"uv": [10, 8.25, 10.25, 8.5], "texture": "#0"},
				"west": {"uv": [10, 8, 10.25, 8.5], "rotation": 270, "texture": "#0"},
				"up": {"uv": [10, 8, 10.25, 8.5], "texture": "#0"},
				"down": {"uv": [10, 8.5, 10.25, 8], "texture": "#0"}
			}
		},
		{
			"name": "nukelauncher_44",
			"from": [11.25, 0, 8],
			"to": [11.5, 1.25, 8.5],
			"faces": {
				"north": {"uv": [11.5, 8, 11.25, 8.25], "texture": "#0"},
				"east": {"uv": [11.25, 8, 11.5, 8.5], "rotation": 90, "texture": "#0"},
				"south": {"uv": [11.25, 8.25, 11.5, 8.5], "texture": "#0"},
				"west": {"uv": [11.25, 8, 11.5, 8.5], "rotation": 270, "texture": "#0"},
				"up": {"uv": [11.25, 8, 11.5, 8.5], "texture": "#0"},
				"down": {"uv": [11.25, 8.5, 11.5, 8], "texture": "#0"}
			}
		},
		{
			"name": "nukelauncher_45",
			"from": [8.75, 0, 8.25],
			"to": [9, 1.25, 11.25],
			"faces": {
				"north": {"uv": [9, 8.25, 8.75, 8.5], "texture": "#0"},
				"east": {"uv": [8.75, 8.25, 9, 11.25], "rotation": 90, "texture": "#0"},
				"south": {"uv": [8.75, 11, 9, 11.25], "texture": "#0"},
				"west": {"uv": [8.75, 8.25, 9, 11.25], "rotation": 270, "texture": "#0"},
				"up": {"uv": [8.75, 8.25, 9, 11.25], "texture": "#0"},
				"down": {"uv": [8.75, 11.25, 9, 8.25], "texture": "#0"}
			}
		},
		{
			"name": "nukelauncher_46",
			"from": [9.75, 0, 8.25],
			"to": [10, 1.25, 8.75],
			"faces": {
				"north": {"uv": [10, 8.25, 9.75, 8.5], "texture": "#0"},
				"east": {"uv": [9.75, 8.25, 10, 8.75], "rotation": 90, "texture": "#0"},
				"south": {"uv": [9.75, 8.5, 10, 8.75], "texture": "#0"},
				"west": {"uv": [9.75, 8.25, 10, 8.75], "rotation": 270, "texture": "#0"},
				"up": {"uv": [9.75, 8.25, 10, 8.75], "texture": "#0"},
				"down": {"uv": [9.75, 8.75, 10, 8.25], "texture": "#0"}
			}
		},
		{
			"name": "nukelauncher_47",
			"from": [11.5, 0, 8.25],
			"to": [11.75, 1.25, 8.75],
			"faces": {
				"north": {"uv": [11.75, 8.25, 11.5, 8.5], "texture": "#0"},
				"east": {"uv": [11.5, 8.25, 11.75, 8.75], "rotation": 90, "texture": "#0"},
				"south": {"uv": [11.5, 8.5, 11.75, 8.75], "texture": "#0"},
				"west": {"uv": [11.5, 8.25, 11.75, 8.75], "rotation": 270, "texture": "#0"},
				"up": {"uv": [11.5, 8.25, 11.75, 8.75], "texture": "#0"},
				"down": {"uv": [11.5, 8.75, 11.75, 8.25], "texture": "#0"}
			}
		},
		{
			"name": "nukelauncher_48",
			"from": [9, 0, 8.5],
			"to": [9.25, 1.25, 11.5],
			"faces": {
				"north": {"uv": [9.25, 8.5, 9, 8.75], "texture": "#0"},
				"east": {"uv": [9, 8.5, 9.25, 11.5], "rotation": 90, "texture": "#0"},
				"south": {"uv": [9, 11.25, 9.25, 11.5], "texture": "#0"},
				"west": {"uv": [9, 8.5, 9.25, 11.5], "rotation": 270, "texture": "#0"},
				"up": {"uv": [9, 8.5, 9.25, 11.5], "texture": "#0"},
				"down": {"uv": [9, 11.5, 9.25, 8.5], "texture": "#0"}
			}
		},
		{
			"name": "nukelauncher_49",
			"from": [9.5, 0, 8.5],
			"to": [9.75, 1.25, 12],
			"faces": {
				"north": {"uv": [9.75, 8.5, 9.5, 8.75], "texture": "#0"},
				"east": {"uv": [9.5, 8.5, 9.75, 12], "rotation": 90, "texture": "#0"},
				"south": {"uv": [9.5, 11.75, 9.75, 12], "texture": "#0"},
				"west": {"uv": [9.5, 8.5, 9.75, 12], "rotation": 270, "texture": "#0"},
				"up": {"uv": [9.5, 8.5, 9.75, 12], "texture": "#0"},
				"down": {"uv": [9.5, 12, 9.75, 8.5], "texture": "#0"}
			}
		},
		{
			"name": "nukelauncher_50",
			"from": [11.75, 0, 8.5],
			"to": [12, 1.25, 9],
			"faces": {
				"north": {"uv": [12, 8.5, 11.75, 8.75], "texture": "#0"},
				"east": {"uv": [11.75, 8.5, 12, 9], "rotation": 90, "texture": "#0"},
				"south": {"uv": [11.75, 8.75, 12, 9], "texture": "#0"},
				"west": {"uv": [11.75, 8.5, 12, 9], "rotation": 270, "texture": "#0"},
				"up": {"uv": [11.75, 8.5, 12, 9], "texture": "#0"},
				"down": {"uv": [11.75, 9, 12, 8.5], "texture": "#0"}
			}
		},
		{
			"name": "nukelauncher_51",
			"from": [9.25, 0, 8.75],
			"to": [9.5, 1.25, 11.75],
			"faces": {
				"north": {"uv": [9.5, 8.75, 9.25, 9], "texture": "#0"},
				"east": {"uv": [9.25, 8.75, 9.5, 11.75], "rotation": 90, "texture": "#0"},
				"south": {"uv": [9.25, 11.5, 9.5, 11.75], "texture": "#0"},
				"west": {"uv": [9.25, 8.75, 9.5, 11.75], "rotation": 270, "texture": "#0"},
				"up": {"uv": [9.25, 8.75, 9.5, 11.75], "texture": "#0"},
				"down": {"uv": [9.25, 11.75, 9.5, 8.75], "texture": "#0"}
			}
		},
		{
			"name": "nukelauncher_52",
			"from": [12, 0, 8.75],
			"to": [12.25, 1.25, 9.25],
			"faces": {
				"north": {"uv": [12.25, 8.75, 12, 9], "texture": "#0"},
				"east": {"uv": [12, 8.75, 12.25, 9.25], "rotation": 90, "texture": "#0"},
				"south": {"uv": [12, 9, 12.25, 9.25], "texture": "#0"},
				"west": {"uv": [12, 8.75, 12.25, 9.25], "rotation": 270, "texture": "#0"},
				"up": {"uv": [12, 8.75, 12.25, 9.25], "texture": "#0"},
				"down": {"uv": [12, 9.25, 12.25, 8.75], "texture": "#0"}
			}
		},
		{
			"name": "nukelauncher_53",
			"from": [12.25, 0, 9],
			"to": [12.5, 1.25, 9.5],
			"faces": {
				"north": {"uv": [12.5, 9, 12.25, 9.25], "texture": "#0"},
				"east": {"uv": [12.25, 9, 12.5, 9.5], "rotation": 90, "texture": "#0"},
				"south": {"uv": [12.25, 9.25, 12.5, 9.5], "texture": "#0"},
				"west": {"uv": [12.25, 9, 12.5, 9.5], "rotation": 270, "texture": "#0"},
				"up": {"uv": [12.25, 9, 12.5, 9.5], "texture": "#0"},
				"down": {"uv": [12.25, 9.5, 12.5, 9], "texture": "#0"}
			}
		},
		{
			"name": "nukelauncher_54",
			"from": [9.75, 0, 9.25],
			"to": [10, 1.25, 12.25],
			"faces": {
				"north": {"uv": [10, 9.25, 9.75, 9.5], "texture": "#0"},
				"east": {"uv": [9.75, 9.25, 10, 12.25], "rotation": 90, "texture": "#0"},
				"south": {"uv": [9.75, 12, 10, 12.25], "texture": "#0"},
				"west": {"uv": [9.75, 9.25, 10, 12.25], "rotation": 270, "texture": "#0"},
				"up": {"uv": [9.75, 9.25, 10, 12.25], "texture": "#0"},
				"down": {"uv": [9.75, 12.25, 10, 9.25], "texture": "#0"}
			}
		},
		{
			"name": "nukelauncher_55",
			"from": [12.5, 0, 9.25],
			"to": [12.75, 1.25, 9.75],
			"faces": {
				"north": {"uv": [12.75, 9.25, 12.5, 9.5], "texture": "#0"},
				"east": {"uv": [12.5, 9.25, 12.75, 9.75], "rotation": 90, "texture": "#0"},
				"south": {"uv": [12.5, 9.5, 12.75, 9.75], "texture": "#0"},
				"west": {"uv": [12.5, 9.25, 12.75, 9.75], "rotation": 270, "texture": "#0"},
				"up": {"uv": [12.5, 9.25, 12.75, 9.75], "texture": "#0"},
				"down": {"uv": [12.5, 9.75, 12.75, 9.25], "texture": "#0"}
			}
		},
		{
			"name": "nukelauncher_56",
			"from": [10, 0, 9.5],
			"to": [10.25, 1.25, 12.5],
			"faces": {
				"north": {"uv": [10.25, 9.5, 10, 9.75], "texture": "#0"},
				"east": {"uv": [10, 9.5, 10.25, 12.5], "rotation": 90, "texture": "#0"},
				"south": {"uv": [10, 12.25, 10.25, 12.5], "texture": "#0"},
				"west": {"uv": [10, 9.5, 10.25, 12.5], "rotation": 270, "texture": "#0"},
				"up": {"uv": [10, 9.5, 10.25, 12.5], "texture": "#0"},
				"down": {"uv": [10, 12.5, 10.25, 9.5], "texture": "#0"}
			}
		},
		{
			"name": "nukelauncher_57",
			"from": [12.75, 0, 9.5],
			"to": [13, 1.25, 10],
			"faces": {
				"north": {"uv": [13, 9.5, 12.75, 9.75], "texture": "#0"},
				"east": {"uv": [12.75, 9.5, 13, 10], "rotation": 90, "texture": "#0"},
				"south": {"uv": [12.75, 9.75, 13, 10], "texture": "#0"},
				"west": {"uv": [12.75, 9.5, 13, 10], "rotation": 270, "texture": "#0"},
				"up": {"uv": [12.75, 9.5, 13, 10], "texture": "#0"},
				"down": {"uv": [12.75, 10, 13, 9.5], "texture": "#0"}
			}
		},
		{
			"name": "nukelauncher_58",
			"from": [10.25, 0, 9.75],
			"to": [10.5, 1.25, 12.75],
			"faces": {
				"north": {"uv": [10.5, 9.75, 10.25, 10], "texture": "#0"},
				"east": {"uv": [10.25, 9.75, 10.5, 12.75], "rotation": 90, "texture": "#0"},
				"south": {"uv": [10.25, 12.5, 10.5, 12.75], "texture": "#0"},
				"west": {"uv": [10.25, 9.75, 10.5, 12.75], "rotation": 270, "texture": "#0"},
				"up": {"uv": [10.25, 9.75, 10.5, 12.75], "texture": "#0"},
				"down": {"uv": [10.25, 12.75, 10.5, 9.75], "texture": "#0"}
			}
		},
		{
			"name": "nukelauncher_59",
			"from": [11.75, 0, 9.75],
			"to": [12.25, 1.25, 14.25],
			"faces": {
				"north": {"uv": [12.25, 9.75, 11.75, 10], "texture": "#0"},
				"east": {"uv": [12, 9.75, 12.25, 14.25], "rotation": 90, "texture": "#0"},
				"south": {"uv": [11.75, 14, 12.25, 14.25], "texture": "#0"},
				"west": {"uv": [11.75, 9.75, 12, 14.25], "rotation": 270, "texture": "#0"},
				"up": {"uv": [11.75, 9.75, 12.25, 14.25], "texture": "#0"},
				"down": {"uv": [11.75, 14.25, 12.25, 9.75], "texture": "#0"}
			}
		},
		{
			"name": "nukelauncher_60",
			"from": [13, 0, 9.75],
			"to": [13.25, 1.25, 10.25],
			"faces": {
				"north": {"uv": [13.25, 9.75, 13, 10], "texture": "#0"},
				"east": {"uv": [13, 9.75, 13.25, 10.25], "rotation": 90, "texture": "#0"},
				"south": {"uv": [13, 10, 13.25, 10.25], "texture": "#0"},
				"west": {"uv": [13, 9.75, 13.25, 10.25], "rotation": 270, "texture": "#0"},
				"up": {"uv": [13, 9.75, 13.25, 10.25], "texture": "#0"},
				"down": {"uv": [13, 10.25, 13.25, 9.75], "texture": "#0"}
			}
		},
		{
			"name": "nukelauncher_61",
			"from": [10.5, 0, 10],
			"to": [10.75, 1.25, 13],
			"faces": {
				"north": {"uv": [10.75, 10, 10.5, 10.25], "texture": "#0"},
				"east": {"uv": [10.5, 10, 10.75, 13], "rotation": 90, "texture": "#0"},
				"south": {"uv": [10.5, 12.75, 10.75, 13], "texture": "#0"},
				"west": {"uv": [10.5, 10, 10.75, 13], "rotation": 270, "texture": "#0"},
				"up": {"uv": [10.5, 10, 10.75, 13], "texture": "#0"},
				"down": {"uv": [10.5, 13, 10.75, 10], "texture": "#0"}
			}
		},
		{
			"name": "nukelauncher_62",
			"from": [11.25, 0, 10],
			"to": [11.75, 1.25, 13.75],
			"faces": {
				"north": {"uv": [11.75, 10, 11.25, 10.25], "texture": "#0"},
				"east": {"uv": [11.5, 10, 11.75, 13.75], "rotation": 90, "texture": "#0"},
				"south": {"uv": [11.25, 13.5, 11.75, 13.75], "texture": "#0"},
				"west": {"uv": [11.25, 10, 11.5, 13.75], "rotation": 270, "texture": "#0"},
				"up": {"uv": [11.25, 10, 11.75, 13.75], "texture": "#0"},
				"down": {"uv": [11.25, 13.75, 11.75, 10], "texture": "#0"}
			}
		},
		{
			"name": "nukelauncher_63",
			"from": [12.25, 0, 10],
			"to": [12.75, 1.25, 14.75],
			"faces": {
				"north": {"uv": [12.75, 10, 12.25, 10.25], "texture": "#0"},
				"east": {"uv": [12.5, 10, 12.75, 14.75], "rotation": 90, "texture": "#0"},
				"south": {"uv": [12.25, 14.5, 12.75, 14.75], "texture": "#0"},
				"west": {"uv": [12.25, 10, 12.5, 14.75], "rotation": 270, "texture": "#0"},
				"up": {"uv": [12.25, 10, 12.75, 14.75], "texture": "#0"},
				"down": {"uv": [12.25, 14.75, 12.75, 10], "texture": "#0"}
			}
		},
		{
			"name": "nukelauncher_64",
			"from": [13.25, 0, 10],
			"to": [13.5, 1.25, 10.5],
			"faces": {
				"north": {"uv": [13.5, 10, 13.25, 10.25], "texture": "#0"},
				"east": {"uv": [13.25, 10, 13.5, 10.5], "rotation": 90, "texture": "#0"},
				"south": {"uv": [13.25, 10.25, 13.5, 10.5], "texture": "#0"},
				"west": {"uv": [13.25, 10, 13.5, 10.5], "rotation": 270, "texture": "#0"},
				"up": {"uv": [13.25, 10, 13.5, 10.5], "texture": "#0"},
				"down": {"uv": [13.25, 10.5, 13.5, 10], "texture": "#0"}
			}
		},
		{
			"name": "nukelauncher_65",
			"from": [8, 0, 10.25],
			"to": [8.25, 1.25, 10.5],
			"faces": {
				"north": {"uv": [8.25, 10.25, 8, 10.5], "texture": "#0"},
				"east": {"uv": [8, 10.25, 8.25, 10.5], "rotation": 90, "texture": "#0"},
				"south": {"uv": [8, 10.25, 8.25, 10.5], "texture": "#0"},
				"west": {"uv": [8, 10.25, 8.25, 10.5], "rotation": 270, "texture": "#0"},
				"up": {"uv": [8, 10.25, 8.25, 10.5], "texture": "#0"},
				"down": {"uv": [8, 10.5, 8.25, 10.25], "texture": "#0"}
			}
		},
		{
			"name": "nukelauncher_66",
			"from": [10.75, 0, 10.25],
			"to": [11, 1.25, 13.25],
			"faces": {
				"north": {"uv": [11, 10.25, 10.75, 10.5], "texture": "#0"},
				"east": {"uv": [10.75, 10.25, 11, 13.25], "rotation": 90, "texture": "#0"},
				"south": {"uv": [10.75, 13, 11, 13.25], "texture": "#0"},
				"west": {"uv": [10.75, 10.25, 11, 13.25], "rotation": 270, "texture": "#0"},
				"up": {"uv": [10.75, 10.25, 11, 13.25], "texture": "#0"},
				"down": {"uv": [10.75, 13.25, 11, 10.25], "texture": "#0"}
			}
		},
		{
			"name": "nukelauncher_67",
			"from": [12.75, 0, 10.25],
			"to": [13, 1.25, 15.25],
			"faces": {
				"north": {"uv": [13, 10.25, 12.75, 10.5], "texture": "#0"},
				"east": {"uv": [12.75, 10.25, 13, 15.25], "rotation": 90, "texture": "#0"},
				"south": {"uv": [12.75, 15, 13, 15.25], "texture": "#0"},
				"west": {"uv": [12.75, 10.25, 13, 15.25], "rotation": 270, "texture": "#0"},
				"up": {"uv": [12.75, 10.25, 13, 15.25], "texture": "#0"},
				"down": {"uv": [12.75, 15.25, 13, 10.25], "texture": "#0"}
			}
		},
		{
			"name": "nukelauncher_68",
			"from": [13.5, 0, 10.25],
			"to": [13.75, 1.25, 10.75],
			"faces": {
				"north": {"uv": [13.75, 10.25, 13.5, 10.5], "texture": "#0"},
				"east": {"uv": [13.5, 10.25, 13.75, 10.75], "rotation": 90, "texture": "#0"},
				"south": {"uv": [13.5, 10.5, 13.75, 10.75], "texture": "#0"},
				"west": {"uv": [13.5, 10.25, 13.75, 10.75], "rotation": 270, "texture": "#0"},
				"up": {"uv": [13.5, 10.25, 13.75, 10.75], "texture": "#0"},
				"down": {"uv": [13.5, 10.75, 13.75, 10.25], "texture": "#0"}
			}
		},
		{
			"name": "nukelauncher_69",
			"from": [11, 0, 10.5],
			"to": [11.25, 1.25, 13.5],
			"faces": {
				"north": {"uv": [11.25, 10.5, 11, 10.75], "texture": "#0"},
				"east": {"uv": [11, 10.5, 11.25, 13.5], "rotation": 90, "texture": "#0"},
				"south": {"uv": [11, 13.25, 11.25, 13.5], "texture": "#0"},
				"west": {"uv": [11, 10.5, 11.25, 13.5], "rotation": 270, "texture": "#0"},
				"up": {"uv": [11, 10.5, 11.25, 13.5], "texture": "#0"},
				"down": {"uv": [11, 13.5, 11.25, 10.5], "texture": "#0"}
			}
		},
		{
			"name": "nukelauncher_70",
			"from": [13, 0, 10.5],
			"to": [13.25, 1.25, 15.25],
			"faces": {
				"north": {"uv": [13.25, 10.5, 13, 10.75], "texture": "#0"},
				"east": {"uv": [13, 10.5, 13.25, 15.25], "rotation": 90, "texture": "#0"},
				"south": {"uv": [13, 15, 13.25, 15.25], "texture": "#0"},
				"west": {"uv": [13, 10.5, 13.25, 15.25], "rotation": 270, "texture": "#0"},
				"up": {"uv": [13, 10.5, 13.25, 15.25], "texture": "#0"},
				"down": {"uv": [13, 15.25, 13.25, 10.5], "texture": "#0"}
			}
		},
		{
			"name": "nukelauncher_71",
			"from": [13.75, 0, 10.5],
			"to": [14, 1.25, 11],
			"faces": {
				"north": {"uv": [14, 10.5, 13.75, 10.75], "texture": "#0"},
				"east": {"uv": [13.75, 10.5, 14, 11], "rotation": 90, "texture": "#0"},
				"south": {"uv": [13.75, 10.75, 14, 11], "texture": "#0"},
				"west": {"uv": [13.75, 10.5, 14, 11], "rotation": 270, "texture": "#0"},
				"up": {"uv": [13.75, 10.5, 14, 11], "texture": "#0"},
				"down": {"uv": [13.75, 11, 14, 10.5], "texture": "#0"}
			}
		},
		{
			"name": "nukelauncher_72",
			"from": [13.25, 0, 10.75],
			"to": [13.5, 1.25, 12.25],
			"faces": {
				"north": {"uv": [13.5, 10.75, 13.25, 11], "texture": "#0"},
				"east": {"uv": [13.25, 10.75, 13.5, 12.25], "rotation": 90, "texture": "#0"},
				"south": {"uv": [13.25, 12, 13.5, 12.25], "texture": "#0"},
				"west": {"uv": [13.25, 10.75, 13.5, 12.25], "rotation": 270, "texture": "#0"},
				"up": {"uv": [13.25, 10.75, 13.5, 12.25], "texture": "#0"},
				"down": {"uv": [13.25, 12.25, 13.5, 10.75], "texture": "#0"}
			}
		},
		{
			"name": "nukelauncher_73",
			"from": [14, 0, 10.75],
			"to": [14.25, 1.25, 11.25],
			"faces": {
				"north": {"uv": [14.25, 10.75, 14, 11], "texture": "#0"},
				"east": {"uv": [14, 10.75, 14.25, 11.25], "rotation": 90, "texture": "#0"},
				"south": {"uv": [14, 11, 14.25, 11.25], "texture": "#0"},
				"west": {"uv": [14, 10.75, 14.25, 11.25], "rotation": 270, "texture": "#0"},
				"up": {"uv": [14, 10.75, 14.25, 11.25], "texture": "#0"},
				"down": {"uv": [14, 11.25, 14.25, 10.75], "texture": "#0"}
			}
		},
		{
			"name": "nukelauncher_74",
			"from": [14.25, 0, 11],
			"to": [14.5, 1.25, 11.5],
			"faces": {
				"north": {"uv": [14.5, 11, 14.25, 11.25], "texture": "#0"},
				"east": {"uv": [14.25, 11, 14.5, 11.5], "rotation": 90, "texture": "#0"},
				"south": {"uv": [14.25, 11.25, 14.5, 11.5], "texture": "#0"},
				"west": {"uv": [14.25, 11, 14.5, 11.5], "rotation": 270, "texture": "#0"},
				"up": {"uv": [14.25, 11, 14.5, 11.5], "texture": "#0"},
				"down": {"uv": [14.25, 11.5, 14.5, 11], "texture": "#0"}
			}
		},
		{
			"name": "nukelauncher_75",
			"from": [13.5, 0, 11.25],
			"to": [13.75, 1.25, 12],
			"faces": {
				"north": {"uv": [13.75, 11.25, 13.5, 11.5], "texture": "#0"},
				"east": {"uv": [13.5, 11.25, 13.75, 12], "rotation": 90, "texture": "#0"},
				"south": {"uv": [13.5, 11.75, 13.75, 12], "texture": "#0"},
				"west": {"uv": [13.5, 11.25, 13.75, 12], "rotation": 270, "texture": "#0"},
				"up": {"uv": [13.5, 11.25, 13.75, 12], "texture": "#0"},
				"down": {"uv": [13.5, 12, 13.75, 11.25], "texture": "#0"}
			}
		},
		{
			"name": "nukelauncher_76",
			"from": [14.5, 0, 11.25],
			"to": [14.75, 1.25, 14],
			"faces": {
				"north": {"uv": [14.75, 11.25, 14.5, 11.5], "texture": "#0"},
				"east": {"uv": [14.5, 11.25, 14.75, 14], "rotation": 90, "texture": "#0"},
				"south": {"uv": [14.5, 13.75, 14.75, 14], "texture": "#0"},
				"west": {"uv": [14.5, 11.25, 14.75, 14], "rotation": 270, "texture": "#0"},
				"up": {"uv": [14.5, 11.25, 14.75, 14], "texture": "#0"},
				"down": {"uv": [14.5, 14, 14.75, 11.25], "texture": "#0"}
			}
		},
		{
			"name": "nukelauncher_77",
			"from": [14.75, 0, 11.5],
			"to": [15, 1.25, 13.75],
			"faces": {
				"north": {"uv": [15, 11.5, 14.75, 11.75], "texture": "#0"},
				"east": {"uv": [14.75, 11.5, 15, 13.75], "rotation": 90, "texture": "#0"},
				"south": {"uv": [14.75, 13.5, 15, 13.75], "texture": "#0"},
				"west": {"uv": [14.75, 11.5, 15, 13.75], "rotation": 270, "texture": "#0"},
				"up": {"uv": [14.75, 11.5, 15, 13.75], "texture": "#0"},
				"down": {"uv": [14.75, 13.75, 15, 11.5], "texture": "#0"}
			}
		},
		{
			"name": "nukelauncher_78",
			"from": [13.75, 0, 11.75],
			"to": [14.5, 1.25, 12],
			"faces": {
				"north": {"uv": [14.5, 11.75, 13.75, 12], "texture": "#0"},
				"east": {"uv": [14.25, 11.75, 14.5, 12], "rotation": 90, "texture": "#0"},
				"south": {"uv": [13.75, 11.75, 14.5, 12], "texture": "#0"},
				"west": {"uv": [13.75, 11.75, 14, 12], "rotation": 270, "texture": "#0"},
				"up": {"uv": [13.75, 11.75, 14.5, 12], "texture": "#0"},
				"down": {"uv": [13.75, 12, 14.5, 11.75], "texture": "#0"}
			}
		},
		{
			"name": "nukelauncher_79",
			"from": [15, 0, 11.75],
			"to": [15.25, 1.25, 13.5],
			"faces": {
				"north": {"uv": [15.25, 11.75, 15, 12], "texture": "#0"},
				"east": {"uv": [15, 11.75, 15.25, 13.5], "rotation": 90, "texture": "#0"},
				"south": {"uv": [15, 13.25, 15.25, 13.5], "texture": "#0"},
				"west": {"uv": [15, 11.75, 15.25, 13.5], "rotation": 270, "texture": "#0"},
				"up": {"uv": [15, 11.75, 15.25, 13.5], "texture": "#0"},
				"down": {"uv": [15, 13.5, 15.25, 11.75], "texture": "#0"}
			}
		},
		{
			"name": "nukelauncher_80",
			"from": [14, 0, 12],
			"to": [14.5, 1.25, 13.25],
			"faces": {
				"north": {"uv": [14.5, 12, 14, 12.25], "texture": "#0"},
				"east": {"uv": [14.25, 12, 14.5, 13.25], "rotation": 90, "texture": "#0"},
				"south": {"uv": [14, 13, 14.5, 13.25], "texture": "#0"},
				"west": {"uv": [14, 12, 14.25, 13.25], "rotation": 270, "texture": "#0"},
				"up": {"uv": [14, 12, 14.5, 13.25], "texture": "#0"},
				"down": {"uv": [14, 13.25, 14.5, 12], "texture": "#0"}
			}
		},
		{
			"name": "nukelauncher_81",
			"from": [15.25, 0, 12],
			"to": [15.5, 1.25, 13.25],
			"faces": {
				"north": {"uv": [15.5, 12, 15.25, 12.25], "texture": "#0"},
				"east": {"uv": [15.25, 12, 15.5, 13.25], "rotation": 90, "texture": "#0"},
				"south": {"uv": [15.25, 13, 15.5, 13.25], "texture": "#0"},
				"west": {"uv": [15.25, 12, 15.5, 13.25], "rotation": 270, "texture": "#0"},
				"up": {"uv": [15.25, 12, 15.5, 13.25], "texture": "#0"},
				"down": {"uv": [15.25, 13.25, 15.5, 12], "texture": "#0"}
			}
		},
		{
			"name": "nukelauncher_82",
			"from": [13.75, 0, 12.25],
			"to": [14, 1.25, 14.75],
			"faces": {
				"north": {"uv": [14, 12.25, 13.75, 12.5], "texture": "#0"},
				"east": {"uv": [13.75, 12.25, 14, 14.75], "rotation": 90, "texture": "#0"},
				"south": {"uv": [13.75, 14.5, 14, 14.75], "texture": "#0"},
				"west": {"uv": [13.75, 12.25, 14, 14.75], "rotation": 270, "texture": "#0"},
				"up": {"uv": [13.75, 12.25, 14, 14.75], "texture": "#0"},
				"down": {"uv": [13.75, 14.75, 14, 12.25], "texture": "#0"}
			}
		},
		{
			"name": "nukelauncher_83",
			"from": [13.5, 0, 12.5],
			"to": [13.75, 1.25, 14.75],
			"faces": {
				"north": {"uv": [13.75, 12.5, 13.5, 12.75], "texture": "#0"},
				"east": {"uv": [13.5, 12.5, 13.75, 14.75], "rotation": 90, "texture": "#0"},
				"south": {"uv": [13.5, 14.5, 13.75, 14.75], "texture": "#0"},
				"west": {"uv": [13.5, 12.5, 13.75, 14.75], "rotation": 270, "texture": "#0"},
				"up": {"uv": [13.5, 12.5, 13.75, 14.75], "texture": "#0"},
				"down": {"uv": [13.5, 14.75, 13.75, 12.5], "texture": "#0"}
			}
		},
		{
			"name": "nukelauncher_84",
			"from": [13.25, 0, 12.75],
			"to": [13.5, 1.25, 15.25],
			"faces": {
				"north": {"uv": [13.5, 12.75, 13.25, 13], "texture": "#0"},
				"east": {"uv": [13.25, 12.75, 13.5, 15.25], "rotation": 90, "texture": "#0"},
				"south": {"uv": [13.25, 15, 13.5, 15.25], "texture": "#0"},
				"west": {"uv": [13.25, 12.75, 13.5, 15.25], "rotation": 270, "texture": "#0"},
				"up": {"uv": [13.25, 12.75, 13.5, 15.25], "texture": "#0"},
				"down": {"uv": [13.25, 15.25, 13.5, 12.75], "texture": "#0"}
			}
		},
		{
			"name": "nukelauncher_85",
			"from": [14, 0, 13.25],
			"to": [14.25, 1.25, 14.5],
			"faces": {
				"north": {"uv": [14.25, 13.25, 14, 13.5], "texture": "#0"},
				"east": {"uv": [14, 13.25, 14.25, 14.5], "rotation": 90, "texture": "#0"},
				"south": {"uv": [14, 14.25, 14.25, 14.5], "texture": "#0"},
				"west": {"uv": [14, 13.25, 14.25, 14.5], "rotation": 270, "texture": "#0"},
				"up": {"uv": [14, 13.25, 14.25, 14.5], "texture": "#0"},
				"down": {"uv": [14, 14.5, 14.25, 13.25], "texture": "#0"}
			}
		},
		{
			"name": "nukelauncher_86",
			"from": [14.25, 0, 13.5],
			"to": [14.5, 1.25, 14.25],
			"faces": {
				"north": {"uv": [14.5, 13.5, 14.25, 13.75], "texture": "#0"},
				"east": {"uv": [14.25, 13.5, 14.5, 14.25], "rotation": 90, "texture": "#0"},
				"south": {"uv": [14.25, 14, 14.5, 14.25], "texture": "#0"},
				"west": {"uv": [14.25, 13.5, 14.5, 14.25], "rotation": 270, "texture": "#0"},
				"up": {"uv": [14.25, 13.5, 14.5, 14.25], "texture": "#0"},
				"down": {"uv": [14.25, 14.25, 14.5, 13.5], "texture": "#0"}
			}
		},
		{
			"name": "nukelauncher_87",
			"from": [11.5, 0, 13.75],
			"to": [11.75, 1.25, 14],
			"faces": {
				"north": {"uv": [11.75, 13.75, 11.5, 14], "texture": "#0"},
				"east": {"uv": [11.5, 13.75, 11.75, 14], "rotation": 90, "texture": "#0"},
				"south": {"uv": [11.5, 13.75, 11.75, 14], "texture": "#0"},
				"west": {"uv": [11.5, 13.75, 11.75, 14], "rotation": 270, "texture": "#0"},
				"up": {"uv": [11.5, 13.75, 11.75, 14], "texture": "#0"},
				"down": {"uv": [11.5, 14, 11.75, 13.75], "texture": "#0"}
			}
		},
		{
			"name": "nukelauncher_88",
			"from": [12, 0, 14.25],
			"to": [12.25, 1.25, 14.5],
			"faces": {
				"north": {"uv": [12.25, 14.25, 12, 14.5], "texture": "#0"},
				"east": {"uv": [12, 14.25, 12.25, 14.5], "rotation": 90, "texture": "#0"},
				"south": {"uv": [12, 14.25, 12.25, 14.5], "texture": "#0"},
				"west": {"uv": [12, 14.25, 12.25, 14.5], "rotation": 270, "texture": "#0"},
				"up": {"uv": [12, 14.25, 12.25, 14.5], "texture": "#0"},
				"down": {"uv": [12, 14.5, 12.25, 14.25], "texture": "#0"}
			}
		},
		{
			"name": "nukelauncher_89",
			"from": [12.5, 0, 14.75],
			"to": [12.75, 1.25, 15],
			"faces": {
				"north": {"uv": [12.75, 14.75, 12.5, 15], "texture": "#0"},
				"east": {"uv": [12.5, 14.75, 12.75, 15], "rotation": 90, "texture": "#0"},
				"south": {"uv": [12.5, 14.75, 12.75, 15], "texture": "#0"},
				"west": {"uv": [12.5, 14.75, 12.75, 15], "rotation": 270, "texture": "#0"},
				"up": {"uv": [12.5, 14.75, 12.75, 15], "texture": "#0"},
				"down": {"uv": [12.5, 15, 12.75, 14.75], "texture": "#0"}
			}
		}
	],
	"display": {
		"thirdperson_righthand": {
			"rotation": [45, 0, 90],
			"translation": [-7.25, 1.75, 4]
		},
		"thirdperson_lefthand": {
			"rotation": [45, 0, -90],
			"translation": [7.25, 1.75, 4]
		},
		"firstperson_righthand": {
			"rotation": [55, 0, 90],
			"translation": [-8.75, 3.75, 0.5]
		},
		"firstperson_lefthand": {
			"rotation": [55, 0, -90],
			"translation": [8, 3.75, -0.5]
		},
		"ground": {
			"rotation": [90, 0, 90],
			"translation": [-3.5, 0, 0],
			"scale": [0.5, 0.5, 0.5]
		},
		"gui": {
			"rotation": [90, 0, 0],
			"translation": [0.25, 0.5, 0]
		},
		"head": {
			"rotation": [90, 0, 0],
			"translation": [0, 0, 0.5]
		},
		"fixed": {
			"rotation": [90, 0, 0],
			"translation": [0, 0, 7]
		}
	},
	"groups": [
		{
			"name": "nukelauncher",
			"origin": [8, 8, 8],
			"children": [0, 1, 2, 3, 4, 5, 6, 7, 8, 9, 10, 11, 12, 13, 14, 15, 16, 17, 18, 19, 20, 21, 22, 23, 24, 25, 26, 27, 28, 29, 30, 31, 32, 33, 34, 35, 36, 37, 38, 39, 40, 41, 42, 43, 44, 45, 46, 47, 48, 49, 50, 51, 52, 53, 54, 55, 56, 57, 58, 59, 60, 61, 62, 63, 64, 65, 66, 67, 68, 69, 70, 71, 72, 73, 74, 75, 76, 77, 78, 79, 80, 81, 82, 83, 84, 85, 86, 87, 88, 89]
		}
	]
}