{
	"credit": "Made with Blockbench",
	"textures": {
		"0": "gun_textures/rocketlauncher",
		"particle": "gun_textures/rocketlauncher"
	},
	"elements": [
		{
			"name": "RocketLauncher_0",
			"from": [0.25, 0, 0],
			"to": [0.75, 1.25, 1.25],
			"faces": {
				"north": {"uv": [0.75, 0, 0.25, 0.25], "texture": "#0"},
				"east": {"uv": [0.5, 0, 0.75, 1.25], "rotation": 90, "texture": "#0"},
				"south": {"uv": [0.25, 1, 0.75, 1.25], "texture": "#0"},
				"west": {"uv": [0.25, 0, 0.5, 1.25], "rotation": 270, "texture": "#0"},
				"up": {"uv": [0.25, 0, 0.75, 1.25], "texture": "#0"},
				"down": {"uv": [0.25, 1.25, 0.75, 0], "texture": "#0"}
			}
		},
		{
			"name": "RocketLauncher_1",
			"from": [0, 0, 0.25],
			"to": [0.25, 1.25, 0.75],
			"faces": {
				"north": {"uv": [0.25, 0.25, 0, 0.5], "texture": "#0"},
				"south": {"uv": [0, 0.5, 0.25, 0.75], "texture": "#0"},
				"west": {"uv": [0, 0.25, 0.25, 0.75], "rotation": 270, "texture": "#0"},
				"up": {"uv": [0, 0.25, 0.25, 0.75], "texture": "#0"},
				"down": {"uv": [0, 0.75, 0.25, 0.25], "texture": "#0"}
			}
		},
		{
			"name": "RocketLauncher_2",
			"from": [0.75, 0, 0.25],
			"to": [1.25, 1.25, 2.5],
			"faces": {
				"north": {"uv": [1.25, 0.25, 0.75, 0.5], "texture": "#0"},
				"east": {"uv": [1, 0.25, 1.25, 2.5], "rotation": 90, "texture": "#0"},
				"south": {"uv": [0.75, 2.25, 1.25, 2.5], "texture": "#0"},
				"west": {"uv": [0.75, 0.25, 1, 2.5], "rotation": 270, "texture": "#0"},
				"up": {"uv": [0.75, 0.25, 1.25, 2.5], "texture": "#0"},
				"down": {"uv": [0.75, 2.5, 1.25, 0.25], "texture": "#0"}
			}
		},
		{
			"name": "RocketLauncher_3",
			"from": [1.25, 0, 0.5],
			"to": [2, 1.25, 3],
			"faces": {
				"north": {"uv": [2, 0.5, 1.25, 0.75], "texture": "#0"},
				"east": {"uv": [1.75, 0.5, 2, 3], "rotation": 90, "texture": "#0"},
				"south": {"uv": [1.25, 2.75, 2, 3], "texture": "#0"},
				"up": {"uv": [1.25, 0.5, 2, 3], "texture": "#0"},
				"down": {"uv": [1.25, 3, 2, 0.5], "texture": "#0"}
			}
		},
		{
			"name": "RocketLauncher_4",
			"from": [2, 0, 0.75],
			"to": [2.5, 1.25, 3.25],
			"faces": {
				"north": {"uv": [2.5, 0.75, 2, 1], "texture": "#0"},
				"east": {"uv": [2.25, 0.75, 2.5, 3.25], "rotation": 90, "texture": "#0"},
				"south": {"uv": [2, 3, 2.5, 3.25], "texture": "#0"},
				"up": {"uv": [2, 0.75, 2.5, 3.25], "texture": "#0"},
				"down": {"uv": [2, 3.25, 2.5, 0.75], "texture": "#0"}
			}
		},
		{
			"name": "RocketLauncher_5",
			"from": [2.5, 0, 1],
			"to": [3, 1.25, 3.5],
			"faces": {
				"north": {"uv": [3, 1, 2.5, 1.25], "texture": "#0"},
				"east": {"uv": [2.75, 1, 3, 3.5], "rotation": 90, "texture": "#0"},
				"south": {"uv": [2.5, 3.25, 3, 3.5], "texture": "#0"},
				"up": {"uv": [2.5, 1, 3, 3.5], "texture": "#0"},
				"down": {"uv": [2.5, 3.5, 3, 1], "texture": "#0"}
			}
		},
		{
			"name": "RocketLauncher_6",
			"from": [0.5, 0, 1.25],
			"to": [0.75, 1.25, 2],
			"faces": {
				"south": {"uv": [0.5, 1.75, 0.75, 2], "texture": "#0"},
				"west": {"uv": [0.5, 1.25, 0.75, 2], "rotation": 270, "texture": "#0"},
				"up": {"uv": [0.5, 1.25, 0.75, 2], "texture": "#0"},
				"down": {"uv": [0.5, 2, 0.75, 1.25], "texture": "#0"}
			}
		},
		{
			"name": "RocketLauncher_7",
			"from": [3, 0, 1.5],
			"to": [3.25, 1.25, 4.25],
			"faces": {
				"north": {"uv": [3.25, 1.5, 3, 1.75], "texture": "#0"},
				"east": {"uv": [3, 1.5, 3.25, 4.25], "rotation": 90, "texture": "#0"},
				"south": {"uv": [3, 4, 3.25, 4.25], "texture": "#0"},
				"west": {"uv": [3, 1.5, 3.25, 4.25], "rotation": 270, "texture": "#0"},
				"up": {"uv": [3, 1.5, 3.25, 4.25], "texture": "#0"},
				"down": {"uv": [3, 4.25, 3.25, 1.5], "texture": "#0"}
			}
		},
		{
			"name": "RocketLauncher_8",
			"from": [3.25, 0, 2.25],
			"to": [3.5, 1.25, 4.25],
			"faces": {
				"north": {"uv": [3.5, 2.25, 3.25, 2.5], "texture": "#0"},
				"east": {"uv": [3.25, 2.25, 3.5, 4.25], "rotation": 90, "texture": "#0"},
				"south": {"uv": [3.25, 4, 3.5, 4.25], "texture": "#0"},
				"up": {"uv": [3.25, 2.25, 3.5, 4.25], "texture": "#0"},
				"down": {"uv": [3.25, 4.25, 3.5, 2.25], "texture": "#0"}
			}
		},
		{
			"name": "RocketLauncher_9",
			"from": [1, 0, 2.5],
			"to": [1.25, 1.25, 3],
			"faces": {
				"south": {"uv": [1, 2.75, 1.25, 3], "texture": "#0"},
				"west": {"uv": [1, 2.5, 1.25, 3], "rotation": 270, "texture": "#0"},
				"up": {"uv": [1, 2.5, 1.25, 3], "texture": "#0"},
				"down": {"uv": [1, 3, 1.25, 2.5], "texture": "#0"}
			}
		},
		{
			"name": "RocketLauncher_10",
			"from": [3.5, 0, 2.75],
			"to": [3.75, 1.25, 4.5],
			"faces": {
				"north": {"uv": [3.75, 2.75, 3.5, 3], "texture": "#0"},
				"east": {"uv": [3.5, 2.75, 3.75, 4.5], "rotation": 90, "texture": "#0"},
				"south": {"uv": [3.5, 4.25, 3.75, 4.5], "texture": "#0"},
				"west": {"uv": [3.5, 2.75, 3.75, 4.5], "rotation": 270, "texture": "#0"},
				"up": {"uv": [3.5, 2.75, 3.75, 4.5], "texture": "#0"},
				"down": {"uv": [3.5, 4.5, 3.75, 2.75], "texture": "#0"}
			}
		},
		{
			"name": "RocketLauncher_11",
			"from": [1.5, 0, 3],
			"to": [2, 1.25, 3.25],
			"faces": {
				"south": {"uv": [1.5, 3, 2, 3.25], "texture": "#0"},
				"west": {"uv": [1.5, 3, 1.75, 3.25], "rotation": 270, "texture": "#0"},
				"up": {"uv": [1.5, 3, 2, 3.25], "texture": "#0"},
				"down": {"uv": [1.5, 3.25, 2, 3], "texture": "#0"}
			}
		},
		{
			"name": "RocketLauncher_12",
			"from": [3.75, 0, 3],
			"to": [4.25, 1.25, 4.75],
			"faces": {
				"north": {"uv": [4.25, 3, 3.75, 3.25], "texture": "#0"},
				"east": {"uv": [4, 3, 4.25, 4.75], "rotation": 90, "texture": "#0"},
				"south": {"uv": [3.75, 4.5, 4.25, 4.75], "texture": "#0"},
				"west": {"uv": [3.75, 3, 4, 4.75], "rotation": 270, "texture": "#0"},
				"up": {"uv": [3.75, 3, 4.25, 4.75], "texture": "#0"},
				"down": {"uv": [3.75, 4.75, 4.25, 3], "texture": "#0"}
			}
		},
		{
			"name": "RocketLauncher_13",
			"from": [2.25, 0, 3.25],
			"to": [2.5, 1.25, 3.5],
			"faces": {
				"south": {"uv": [2.25, 3.25, 2.5, 3.5], "texture": "#0"},
				"west": {"uv": [2.25, 3.25, 2.5, 3.5], "rotation": 270, "texture": "#0"},
				"up": {"uv": [2.25, 3.25, 2.5, 3.5], "texture": "#0"},
				"down": {"uv": [2.25, 3.5, 2.5, 3.25], "texture": "#0"}
			}
		},
		{
			"name": "RocketLauncher_14",
			"from": [4.5, 0, 3.25],
			"to": [5, 1.25, 5.5],
			"faces": {
				"north": {"uv": [5, 3.25, 4.5, 3.5], "texture": "#0"},
				"east": {"uv": [4.75, 3.25, 5, 5.5], "rotation": 90, "texture": "#0"},
				"south": {"uv": [4.5, 5.25, 5, 5.5], "texture": "#0"},
				"west": {"uv": [4.5, 3.25, 4.75, 5.5], "rotation": 270, "texture": "#0"},
				"up": {"uv": [4.5, 3.25, 5, 5.5], "texture": "#0"},
				"down": {"uv": [4.5, 5.5, 5, 3.25], "texture": "#0"}
			}
		},
		{
			"name": "RocketLauncher_15",
			"from": [2.75, 0, 3.5],
			"to": [3, 1.25, 3.75],
			"faces": {
				"south": {"uv": [2.75, 3.5, 3, 3.75], "texture": "#0"},
				"west": {"uv": [2.75, 3.5, 3, 3.75], "rotation": 270, "texture": "#0"},
				"up": {"uv": [2.75, 3.5, 3, 3.75], "texture": "#0"},
				"down": {"uv": [2.75, 3.75, 3, 3.5], "texture": "#0"}
			}
		},
		{
			"name": "RocketLauncher_16",
			"from": [4.25, 0, 3.5],
			"to": [4.5, 1.25, 5.25],
			"faces": {
				"north": {"uv": [4.5, 3.5, 4.25, 3.75], "texture": "#0"},
				"south": {"uv": [4.25, 5, 4.5, 5.25], "texture": "#0"},
				"west": {"uv": [4.25, 3.5, 4.5, 5.25], "rotation": 270, "texture": "#0"},
				"up": {"uv": [4.25, 3.5, 4.5, 5.25], "texture": "#0"},
				"down": {"uv": [4.25, 5.25, 4.5, 3.5], "texture": "#0"}
			}
		},
		{
			"name": "RocketLauncher_17",
			"from": [5, 0, 3.5],
			"to": [5.25, 1.25, 6.25],
			"faces": {
				"north": {"uv": [5.25, 3.5, 5, 3.75], "texture": "#0"},
				"east": {"uv": [5, 3.5, 5.25, 6.25], "rotation": 90, "texture": "#0"},
				"south": {"uv": [5, 6, 5.25, 6.25], "texture": "#0"},
				"west": {"uv": [5, 3.5, 5.25, 6.25], "rotation": 270, "texture": "#0"},
				"up": {"uv": [5, 3.5, 5.25, 6.25], "texture": "#0"},
				"down": {"uv": [5, 6.25, 5.25, 3.5], "texture": "#0"}
			}
		},
		{
			"name": "RocketLauncher_18",
			"from": [5.25, 0, 3.75],
			"to": [5.5, 1.25, 8.75],
			"faces": {
				"north": {"uv": [5.5, 3.75, 5.25, 4], "texture": "#0"},
				"east": {"uv": [5.25, 3.75, 5.5, 8.75], "rotation": 90, "texture": "#0"},
				"south": {"uv": [5.25, 8.5, 5.5, 8.75], "texture": "#0"},
				"west": {"uv": [5.25, 3.75, 5.5, 8.75], "rotation": 270, "texture": "#0"},
				"up": {"uv": [5.25, 3.75, 5.5, 8.75], "texture": "#0"},
				"down": {"uv": [5.25, 8.75, 5.5, 3.75], "texture": "#0"}
			}
		},
		{
			"name": "RocketLauncher_19",
			"from": [5.5, 0, 4],
			"to": [5.75, 1.25, 4.5],
			"faces": {
				"north": {"uv": [5.75, 4, 5.5, 4.25], "texture": "#0"},
				"east": {"uv": [5.5, 4, 5.75, 4.5], "rotation": 90, "texture": "#0"},
				"south": {"uv": [5.5, 4.25, 5.75, 4.5], "texture": "#0"},
				"up": {"uv": [5.5, 4, 5.75, 4.5], "texture": "#0"},
				"down": {"uv": [5.5, 4.5, 5.75, 4], "texture": "#0"}
			}
		},
		{
			"name": "RocketLauncher_20",
			"from": [4, 0, 4.75],
			"to": [4.25, 1.25, 5],
			"faces": {
				"south": {"uv": [4, 4.75, 4.25, 5], "texture": "#0"},
				"west": {"uv": [4, 4.75, 4.25, 5], "rotation": 270, "texture": "#0"},
				"up": {"uv": [4, 4.75, 4.25, 5], "texture": "#0"},
				"down": {"uv": [4, 5, 4.25, 4.75], "texture": "#0"}
			}
		},
		{
			"name": "RocketLauncher_21",
			"from": [5.5, 0, 4.75],
			"to": [5.75, 1.25, 8.5],
			"faces": {
				"north": {"uv": [5.75, 4.75, 5.5, 5], "texture": "#0"},
				"east": {"uv": [5.5, 4.75, 5.75, 8.5], "rotation": 90, "texture": "#0"},
				"south": {"uv": [5.5, 8.25, 5.75, 8.5], "texture": "#0"},
				"up": {"uv": [5.5, 4.75, 5.75, 8.5], "texture": "#0"},
				"down": {"uv": [5.5, 8.5, 5.75, 4.75], "texture": "#0"}
			}
		},
		{
			"name": "RocketLauncher_22",
			"from": [8.5, 0, 4.75],
			"to": [8.75, 1.25, 10],
			"faces": {
				"north": {"uv": [8.75, 4.75, 8.5, 5], "texture": "#0"},
				"east": {"uv": [8.5, 4.75, 8.75, 10], "rotation": 90, "texture": "#0"},
				"south": {"uv": [8.5, 9.75, 8.75, 10], "texture": "#0"},
				"west": {"uv": [8.5, 4.75, 8.75, 10], "rotation": 270, "texture": "#0"},
				"up": {"uv": [8.5, 4.75, 8.75, 10], "texture": "#0"},
				"down": {"uv": [8.5, 10, 8.75, 4.75], "texture": "#0"}
			}
		},
		{
			"name": "RocketLauncher_23",
			"from": [5.75, 0, 5],
			"to": [6.25, 1.25, 8.25],
			"faces": {
				"north": {"uv": [6.25, 5, 5.75, 5.25], "texture": "#0"},
				"east": {"uv": [6, 5, 6.25, 8.25], "rotation": 90, "texture": "#0"},
				"south": {"uv": [5.75, 8, 6.25, 8.25], "texture": "#0"},
				"up": {"uv": [5.75, 5, 6.25, 8.25], "texture": "#0"},
				"down": {"uv": [5.75, 8.25, 6.25, 5], "texture": "#0"}
			}
		},
		{
			"name": "RocketLauncher_24",
			"from": [8.25, 0, 5],
			"to": [8.5, 1.25, 9.5],
			"faces": {
				"north": {"uv": [8.5, 5, 8.25, 5.25], "texture": "#0"},
				"south": {"uv": [8.25, 9.25, 8.5, 9.5], "texture": "#0"},
				"west": {"uv": [8.25, 5, 8.5, 9.5], "rotation": 270, "texture": "#0"},
				"up": {"uv": [8.25, 5, 8.5, 9.5], "texture": "#0"},
				"down": {"uv": [8.25, 9.5, 8.5, 5], "texture": "#0"}
			}
		},
		{
			"name": "RocketLauncher_25",
			"from": [8.75, 0, 5],
			"to": [9, 1.25, 7.5],
			"faces": {
				"north": {"uv": [9, 5, 8.75, 5.25], "texture": "#0"},
				"east": {"uv": [8.75, 5, 9, 7.5], "rotation": 90, "texture": "#0"},
				"south": {"uv": [8.75, 7.25, 9, 7.5], "texture": "#0"},
				"up": {"uv": [8.75, 5, 9, 7.5], "texture": "#0"},
				"down": {"uv": [8.75, 7.5, 9, 5], "texture": "#0"}
			}
		},
		{
			"name": "RocketLauncher_26",
			"from": [6.25, 0, 5.25],
			"to": [6.5, 1.25, 8],
			"faces": {
				"north": {"uv": [6.5, 5.25, 6.25, 5.5], "texture": "#0"},
				"east": {"uv": [6.25, 5.25, 6.5, 8], "rotation": 90, "texture": "#0"},
				"south": {"uv": [6.25, 7.75, 6.5, 8], "texture": "#0"},
				"up": {"uv": [6.25, 5.25, 6.5, 8], "texture": "#0"},
				"down": {"uv": [6.25, 8, 6.5, 5.25], "texture": "#0"}
			}
		},
		{
			"name": "RocketLauncher_27",
			"from": [8, 0, 5.25],
			"to": [8.25, 1.25, 5.5],
			"faces": {
				"north": {"uv": [8.25, 5.25, 8, 5.5], "texture": "#0"},
				"south": {"uv": [8, 5.25, 8.25, 5.5], "texture": "#0"},
				"west": {"uv": [8, 5.25, 8.25, 5.5], "rotation": 270, "texture": "#0"},
				"up": {"uv": [8, 5.25, 8.25, 5.5], "texture": "#0"},
				"down": {"uv": [8, 5.5, 8.25, 5.25], "texture": "#0"}
			}
		},
		{
			"name": "RocketLauncher_28",
			"from": [9, 0, 5.25],
			"to": [9.25, 1.25, 7.25],
			"faces": {
				"north": {"uv": [9.25, 5.25, 9, 5.5], "texture": "#0"},
				"east": {"uv": [9, 5.25, 9.25, 7.25], "rotation": 90, "texture": "#0"},
				"south": {"uv": [9, 7, 9.25, 7.25], "texture": "#0"},
				"up": {"uv": [9, 5.25, 9.25, 7.25], "texture": "#0"},
				"down": {"uv": [9, 7.25, 9.25, 5.25], "texture": "#0"}
			}
		},
		{
			"name": "RocketLauncher_29",
			"from": [4.75, 0, 5.5],
			"to": [5, 1.25, 5.75],
			"faces": {
				"south": {"uv": [4.75, 5.5, 5, 5.75], "texture": "#0"},
				"west": {"uv": [4.75, 5.5, 5, 5.75], "rotation": 270, "texture": "#0"},
				"up": {"uv": [4.75, 5.5, 5, 5.75], "texture": "#0"},
				"down": {"uv": [4.75, 5.75, 5, 5.5], "texture": "#0"}
			}
		},
		{
			"name": "RocketLauncher_30",
			"from": [6.5, 0, 5.5],
			"to": [6.75, 1.25, 7.75],
			"faces": {
				"north": {"uv": [6.75, 5.5, 6.5, 5.75], "texture": "#0"},
				"east": {"uv": [6.5, 5.5, 6.75, 7.75], "rotation": 90, "texture": "#0"},
				"south": {"uv": [6.5, 7.5, 6.75, 7.75], "texture": "#0"},
				"up": {"uv": [6.5, 5.5, 6.75, 7.75], "texture": "#0"},
				"down": {"uv": [6.5, 7.75, 6.75, 5.5], "texture": "#0"}
			}
		},
		{
			"name": "RocketLauncher_31",
			"from": [9.25, 0, 5.5],
			"to": [9.5, 1.25, 6],
			"faces": {
				"north": {"uv": [9.5, 5.5, 9.25, 5.75], "texture": "#0"},
				"east": {"uv": [9.25, 5.5, 9.5, 6], "rotation": 90, "texture": "#0"},
				"south": {"uv": [9.25, 5.75, 9.5, 6], "texture": "#0"},
				"up": {"uv": [9.25, 5.5, 9.5, 6], "texture": "#0"},
				"down": {"uv": [9.25, 6, 9.5, 5.5], "texture": "#0"}
			}
		},
		{
			"name": "RocketLauncher_32",
			"from": [6.75, 0, 5.75],
			"to": [7, 1.25, 8],
			"faces": {
				"north": {"uv": [7, 5.75, 6.75, 6], "texture": "#0"},
				"east": {"uv": [6.75, 5.75, 7, 8], "rotation": 90, "texture": "#0"},
				"south": {"uv": [6.75, 7.75, 7, 8], "texture": "#0"},
				"west": {"uv": [6.75, 5.75, 7, 8], "rotation": 270, "texture": "#0"},
				"up": {"uv": [6.75, 5.75, 7, 8], "texture": "#0"},
				"down": {"uv": [6.75, 8, 7, 5.75], "texture": "#0"}
			}
		},
		{
			"name": "RocketLauncher_33",
			"from": [8, 0, 5.75],
			"to": [8.25, 1.25, 9.75],
			"faces": {
				"north": {"uv": [8.25, 5.75, 8, 6], "texture": "#0"},
				"east": {"uv": [8, 5.75, 8.25, 9.75], "rotation": 90, "texture": "#0"},
				"south": {"uv": [8, 9.5, 8.25, 9.75], "texture": "#0"},
				"west": {"uv": [8, 5.75, 8.25, 9.75], "rotation": 270, "texture": "#0"},
				"up": {"uv": [8, 5.75, 8.25, 9.75], "texture": "#0"},
				"down": {"uv": [8, 9.75, 8.25, 5.75], "texture": "#0"}
			}
		},
		{
			"name": "RocketLauncher_34",
			"from": [4.75, 0, 6],
			"to": [5, 1.25, 6.5],
			"faces": {
				"north": {"uv": [5, 6, 4.75, 6.25], "texture": "#0"},
				"east": {"uv": [4.75, 6, 5, 6.5], "rotation": 90, "texture": "#0"},
				"south": {"uv": [4.75, 6.25, 5, 6.5], "texture": "#0"},
				"west": {"uv": [4.75, 6, 5, 6.5], "rotation": 270, "texture": "#0"},
				"up": {"uv": [4.75, 6, 5, 6.5], "texture": "#0"},
				"down": {"uv": [4.75, 6.5, 5, 6], "texture": "#0"}
			}
		},
		{
			"name": "RocketLauncher_35",
			"from": [7, 0, 6],
			"to": [7.25, 1.25, 8.25],
			"faces": {
				"north": {"uv": [7.25, 6, 7, 6.25], "texture": "#0"},
				"east": {"uv": [7, 6, 7.25, 8.25], "rotation": 90, "texture": "#0"},
				"south": {"uv": [7, 8, 7.25, 8.25], "texture": "#0"},
				"west": {"uv": [7, 6, 7.25, 8.25], "rotation": 270, "texture": "#0"},
				"up": {"uv": [7, 6, 7.25, 8.25], "texture": "#0"},
				"down": {"uv": [7, 8.25, 7.25, 6], "texture": "#0"}
			}
		},
		{
			"name": "RocketLauncher_36",
			"from": [4.5, 0, 6.25],
			"to": [4.75, 1.25, 7.25],
			"faces": {
				"north": {"uv": [4.75, 6.25, 4.5, 6.5], "texture": "#0"},
				"east": {"uv": [4.5, 6.25, 4.75, 7.25], "rotation": 90, "texture": "#0"},
				"south": {"uv": [4.5, 7, 4.75, 7.25], "texture": "#0"},
				"west": {"uv": [4.5, 6.25, 4.75, 7.25], "rotation": 270, "texture": "#0"},
				"up": {"uv": [4.5, 6.25, 4.75, 7.25], "texture": "#0"},
				"down": {"uv": [4.5, 7.25, 4.75, 6.25], "texture": "#0"}
			}
		},
		{
			"name": "RocketLauncher_37",
			"from": [7.25, 0, 6.25],
			"to": [7.5, 1.25, 8.5],
			"faces": {
				"north": {"uv": [7.5, 6.25, 7.25, 6.5], "texture": "#0"},
				"east": {"uv": [7.25, 6.25, 7.5, 8.5], "rotation": 90, "texture": "#0"},
				"south": {"uv": [7.25, 8.25, 7.5, 8.5], "texture": "#0"},
				"west": {"uv": [7.25, 6.25, 7.5, 8.5], "rotation": 270, "texture": "#0"},
				"up": {"uv": [7.25, 6.25, 7.5, 8.5], "texture": "#0"},
				"down": {"uv": [7.25, 8.5, 7.5, 6.25], "texture": "#0"}
			}
		},
		{
			"name": "RocketLauncher_38",
			"from": [7.75, 0, 6.25],
			"to": [8, 1.25, 10],
			"faces": {
				"north": {"uv": [8, 6.25, 7.75, 6.5], "texture": "#0"},
				"east": {"uv": [7.75, 6.25, 8, 10], "rotation": 90, "texture": "#0"},
				"south": {"uv": [7.75, 9.75, 8, 10], "texture": "#0"},
				"west": {"uv": [7.75, 6.25, 8, 10], "rotation": 270, "texture": "#0"},
				"up": {"uv": [7.75, 6.25, 8, 10], "texture": "#0"},
				"down": {"uv": [7.75, 10, 8, 6.25], "texture": "#0"}
			}
		},
		{
			"name": "RocketLauncher_39",
			"from": [9.25, 0, 6.25],
			"to": [9.5, 1.25, 7.5],
			"faces": {
				"north": {"uv": [9.5, 6.25, 9.25, 6.5], "texture": "#0"},
				"east": {"uv": [9.25, 6.25, 9.5, 7.5], "rotation": 90, "texture": "#0"},
				"south": {"uv": [9.25, 7.25, 9.5, 7.5], "texture": "#0"},
				"west": {"uv": [9.25, 6.25, 9.5, 7.5], "rotation": 270, "texture": "#0"},
				"up": {"uv": [9.25, 6.25, 9.5, 7.5], "texture": "#0"},
				"down": {"uv": [9.25, 7.5, 9.5, 6.25], "texture": "#0"}
			}
		},
		{
			"name": "RocketLauncher_40",
			"from": [5, 0, 6.5],
			"to": [5.25, 1.25, 9],
			"faces": {
				"north": {"uv": [5.25, 6.5, 5, 6.75], "texture": "#0"},
				"east": {"uv": [5, 6.5, 5.25, 9], "rotation": 90, "texture": "#0"},
				"south": {"uv": [5, 8.75, 5.25, 9], "texture": "#0"},
				"west": {"uv": [5, 6.5, 5.25, 9], "rotation": 270, "texture": "#0"},
				"up": {"uv": [5, 6.5, 5.25, 9], "texture": "#0"},
				"down": {"uv": [5, 9, 5.25, 6.5], "texture": "#0"}
			}
		},
		{
			"name": "RocketLauncher_41",
			"from": [7.5, 0, 6.5],
			"to": [7.75, 1.25, 10.25],
			"faces": {
				"north": {"uv": [7.75, 6.5, 7.5, 6.75], "texture": "#0"},
				"east": {"uv": [7.5, 6.5, 7.75, 10.25], "rotation": 90, "texture": "#0"},
				"south": {"uv": [7.5, 10, 7.75, 10.25], "texture": "#0"},
				"west": {"uv": [7.5, 6.5, 7.75, 10.25], "rotation": 270, "texture": "#0"},
				"up": {"uv": [7.5, 6.5, 7.75, 10.25], "texture": "#0"},
				"down": {"uv": [7.5, 10.25, 7.75, 6.5], "texture": "#0"}
			}
		},
		{
			"name": "RocketLauncher_42",
			"from": [9.5, 0, 6.5],
			"to": [9.75, 1.25, 7.75],
			"faces": {
				"north": {"uv": [9.75, 6.5, 9.5, 6.75], "texture": "#0"},
				"east": {"uv": [9.5, 6.5, 9.75, 7.75], "rotation": 90, "texture": "#0"},
				"south": {"uv": [9.5, 7.5, 9.75, 7.75], "texture": "#0"},
				"west": {"uv": [9.5, 6.5, 9.75, 7.75], "rotation": 270, "texture": "#0"},
				"up": {"uv": [9.5, 6.5, 9.75, 7.75], "texture": "#0"},
				"down": {"uv": [9.5, 7.75, 9.75, 6.5], "texture": "#0"}
			}
		},
		{
			"name": "RocketLauncher_43",
			"from": [9.75, 0, 6.75],
			"to": [10, 1.25, 7.5],
			"faces": {
				"north": {"uv": [10, 6.75, 9.75, 7], "texture": "#0"},
				"east": {"uv": [9.75, 6.75, 10, 7.5], "rotation": 90, "texture": "#0"},
				"south": {"uv": [9.75, 7.25, 10, 7.5], "texture": "#0"},
				"up": {"uv": [9.75, 6.75, 10, 7.5], "texture": "#0"},
				"down": {"uv": [9.75, 7.5, 10, 6.75], "texture": "#0"}
			}
		},
		{
			"name": "RocketLauncher_44",
			"from": [4.75, 0, 7],
			"to": [5, 1.25, 9.25],
			"faces": {
				"north": {"uv": [5, 7, 4.75, 7.25], "texture": "#0"},
				"east": {"uv": [4.75, 7, 5, 9.25], "rotation": 90, "texture": "#0"},
				"south": {"uv": [4.75, 9, 5, 9.25], "texture": "#0"},
				"west": {"uv": [4.75, 7, 5, 9.25], "rotation": 270, "texture": "#0"},
				"up": {"uv": [4.75, 7, 5, 9.25], "texture": "#0"},
				"down": {"uv": [4.75, 9.25, 5, 7], "texture": "#0"}
			}
		},
		{
			"name": "RocketLauncher_45",
			"from": [10, 0, 7],
			"to": [10.25, 1.25, 7.25],
			"faces": {
				"north": {"uv": [10.25, 7, 10, 7.25], "texture": "#0"},
				"east": {"uv": [10, 7, 10.25, 7.25], "rotation": 90, "texture": "#0"},
				"south": {"uv": [10, 7, 10.25, 7.25], "texture": "#0"},
				"up": {"uv": [10, 7, 10.25, 7.25], "texture": "#0"},
				"down": {"uv": [10, 7.25, 10.25, 7], "texture": "#0"}
			}
		},
		{
			"name": "RocketLauncher_46",
			"from": [4.5, 0, 7.75],
			"to": [4.75, 1.25, 9.5],
			"faces": {
				"north": {"uv": [4.75, 7.75, 4.5, 8], "texture": "#0"},
				"east": {"uv": [4.5, 7.75, 4.75, 9.5], "rotation": 90, "texture": "#0"},
				"south": {"uv": [4.5, 9.25, 4.75, 9.5], "texture": "#0"},
				"west": {"uv": [4.5, 7.75, 4.75, 9.5], "rotation": 270, "texture": "#0"},
				"up": {"uv": [4.5, 7.75, 4.75, 9.5], "texture": "#0"},
				"down": {"uv": [4.5, 9.5, 4.75, 7.75], "texture": "#0"}
			}
		},
		{
			"name": "RocketLauncher_47",
			"from": [8.75, 0, 7.75],
			"to": [9, 1.25, 10.25],
			"faces": {
				"north": {"uv": [9, 7.75, 8.75, 8], "texture": "#0"},
				"east": {"uv": [8.75, 7.75, 9, 10.25], "rotation": 90, "texture": "#0"},
				"south": {"uv": [8.75, 10, 9, 10.25], "texture": "#0"},
				"west": {"uv": [8.75, 7.75, 9, 10.25], "rotation": 270, "texture": "#0"},
				"up": {"uv": [8.75, 7.75, 9, 10.25], "texture": "#0"},
				"down": {"uv": [8.75, 10.25, 9, 7.75], "texture": "#0"}
			}
		},
		{
			"name": "RocketLauncher_48",
			"from": [4.25, 0, 8],
			"to": [4.5, 1.25, 9.5],
			"faces": {
				"north": {"uv": [4.5, 8, 4.25, 8.25], "texture": "#0"},
				"south": {"uv": [4.25, 9.25, 4.5, 9.5], "texture": "#0"},
				"west": {"uv": [4.25, 8, 4.5, 9.5], "rotation": 270, "texture": "#0"},
				"up": {"uv": [4.25, 8, 4.5, 9.5], "texture": "#0"},
				"down": {"uv": [4.25, 9.5, 4.5, 8], "texture": "#0"}
			}
		},
		{
			"name": "RocketLauncher_49",
			"from": [9, 0, 8],
			"to": [9.25, 1.25, 10.5],
			"faces": {
				"north": {"uv": [9.25, 8, 9, 8.25], "texture": "#0"},
				"east": {"uv": [9, 8, 9.25, 10.5], "rotation": 90, "texture": "#0"},
				"south": {"uv": [9, 10.25, 9.25, 10.5], "texture": "#0"},
				"west": {"uv": [9, 8, 9.25, 10.5], "rotation": 270, "texture": "#0"},
				"up": {"uv": [9, 8, 9.25, 10.5], "texture": "#0"},
				"down": {"uv": [9, 10.5, 9.25, 8], "texture": "#0"}
			}
		},
		{
			"name": "RocketLauncher_50",
			"from": [4, 0, 8.25],
			"to": [4.25, 1.25, 9.25],
			"faces": {
				"north": {"uv": [4.25, 8.25, 4, 8.5], "texture": "#0"},
				"south": {"uv": [4, 9, 4.25, 9.25], "texture": "#0"},
				"west": {"uv": [4, 8.25, 4.25, 9.25], "rotation": 270, "texture": "#0"},
				"up": {"uv": [4, 8.25, 4.25, 9.25], "texture": "#0"},
				"down": {"uv": [4, 9.25, 4.25, 8.25], "texture": "#0"}
			}
		},
		{
			"name": "RocketLauncher_51",
			"from": [5.75, 0, 8.25],
			"to": [6, 1.25, 8.5],
			"faces": {
				"east": {"uv": [5.75, 8.25, 6, 8.5], "rotation": 90, "texture": "#0"},
				"south": {"uv": [5.75, 8.25, 6, 8.5], "texture": "#0"},
				"up": {"uv": [5.75, 8.25, 6, 8.5], "texture": "#0"},
				"down": {"uv": [5.75, 8.5, 6, 8.25], "texture": "#0"}
			}
		},
		{
			"name": "RocketLauncher_52",
			"from": [9.25, 0, 8.25],
			"to": [9.5, 1.25, 10.75],
			"faces": {
				"north": {"uv": [9.5, 8.25, 9.25, 8.5], "texture": "#0"},
				"east": {"uv": [9.25, 8.25, 9.5, 10.75], "rotation": 90, "texture": "#0"},
				"south": {"uv": [9.25, 10.5, 9.5, 10.75], "texture": "#0"},
				"west": {"uv": [9.25, 8.25, 9.5, 10.75], "rotation": 270, "texture": "#0"},
				"up": {"uv": [9.25, 8.25, 9.5, 10.75], "texture": "#0"},
				"down": {"uv": [9.25, 10.75, 9.5, 8.25], "texture": "#0"}
			}
		},
		{
			"name": "RocketLauncher_53",
			"from": [3.75, 0, 8.5],
			"to": [4, 1.25, 9],
			"faces": {
				"north": {"uv": [4, 8.5, 3.75, 8.75], "texture": "#0"},
				"south": {"uv": [3.75, 8.75, 4, 9], "texture": "#0"},
				"west": {"uv": [3.75, 8.5, 4, 9], "rotation": 270, "texture": "#0"},
				"up": {"uv": [3.75, 8.5, 4, 9], "texture": "#0"},
				"down": {"uv": [3.75, 9, 4, 8.5], "texture": "#0"}
			}
		},
		{
			"name": "RocketLauncher_54",
			"from": [9.5, 0, 8.5],
			"to": [10, 1.25, 11],
			"faces": {
				"north": {"uv": [10, 8.5, 9.5, 8.75], "texture": "#0"},
				"east": {"uv": [9.75, 8.5, 10, 11], "rotation": 90, "texture": "#0"},
				"south": {"uv": [9.5, 10.75, 10, 11], "texture": "#0"},
				"west": {"uv": [9.5, 8.5, 9.75, 11], "rotation": 270, "texture": "#0"},
				"up": {"uv": [9.5, 8.5, 10, 11], "texture": "#0"},
				"down": {"uv": [9.5, 11, 10, 8.5], "texture": "#0"}
			}
		},
		{
			"name": "RocketLauncher_55",
			"from": [7.25, 0, 8.75],
			"to": [7.5, 1.25, 10.5],
			"faces": {
				"north": {"uv": [7.5, 8.75, 7.25, 9], "texture": "#0"},
				"east": {"uv": [7.25, 8.75, 7.5, 10.5], "rotation": 90, "texture": "#0"},
				"south": {"uv": [7.25, 10.25, 7.5, 10.5], "texture": "#0"},
				"west": {"uv": [7.25, 8.75, 7.5, 10.5], "rotation": 270, "texture": "#0"},
				"up": {"uv": [7.25, 8.75, 7.5, 10.5], "texture": "#0"},
				"down": {"uv": [7.25, 10.5, 7.5, 8.75], "texture": "#0"}
			}
		},
		{
			"name": "RocketLauncher_56",
			"from": [10, 0, 8.75],
			"to": [10.25, 1.25, 11.5],
			"faces": {
				"north": {"uv": [10.25, 8.75, 10, 9], "texture": "#0"},
				"east": {"uv": [10, 8.75, 10.25, 11.5], "rotation": 90, "texture": "#0"},
				"south": {"uv": [10, 11.25, 10.25, 11.5], "texture": "#0"},
				"west": {"uv": [10, 8.75, 10.25, 11.5], "rotation": 270, "texture": "#0"},
				"up": {"uv": [10, 8.75, 10.25, 11.5], "texture": "#0"},
				"down": {"uv": [10, 11.5, 10.25, 8.75], "texture": "#0"}
			}
		},
		{
			"name": "RocketLauncher_57",
			"from": [7, 0, 9],
			"to": [7.25, 1.25, 10.75],
			"faces": {
				"north": {"uv": [7.25, 9, 7, 9.25], "texture": "#0"},
				"east": {"uv": [7, 9, 7.25, 10.75], "rotation": 90, "texture": "#0"},
				"south": {"uv": [7, 10.5, 7.25, 10.75], "texture": "#0"},
				"west": {"uv": [7, 9, 7.25, 10.75], "rotation": 270, "texture": "#0"},
				"up": {"uv": [7, 9, 7.25, 10.75], "texture": "#0"},
				"down": {"uv": [7, 10.75, 7.25, 9], "texture": "#0"}
			}
		},
		{
			"name": "RocketLauncher_58",
			"from": [10.25, 0, 9],
			"to": [10.5, 1.25, 11.5],
			"faces": {
				"north": {"uv": [10.5, 9, 10.25, 9.25], "texture": "#0"},
				"east": {"uv": [10.25, 9, 10.5, 11.5], "rotation": 90, "texture": "#0"},
				"south": {"uv": [10.25, 11.25, 10.5, 11.5], "texture": "#0"},
				"up": {"uv": [10.25, 9, 10.5, 11.5], "texture": "#0"},
				"down": {"uv": [10.25, 11.5, 10.5, 9], "texture": "#0"}
			}
		},
		{
			"name": "RocketLauncher_59",
			"from": [6.75, 0, 9.25],
			"to": [7, 1.25, 11],
			"faces": {
				"north": {"uv": [7, 9.25, 6.75, 9.5], "texture": "#0"},
				"east": {"uv": [6.75, 9.25, 7, 11], "rotation": 90, "texture": "#0"},
				"south": {"uv": [6.75, 10.75, 7, 11], "texture": "#0"},
				"west": {"uv": [6.75, 9.25, 7, 11], "rotation": 270, "texture": "#0"},
				"up": {"uv": [6.75, 9.25, 7, 11], "texture": "#0"},
				"down": {"uv": [6.75, 11, 7, 9.25], "texture": "#0"}
			}
		},
		{
			"name": "RocketLauncher_60",
			"from": [10.5, 0, 9.25],
			"to": [10.75, 1.25, 11.75],
			"faces": {
				"north": {"uv": [10.75, 9.25, 10.5, 9.5], "texture": "#0"},
				"east": {"uv": [10.5, 9.25, 10.75, 11.75], "rotation": 90, "texture": "#0"},
				"south": {"uv": [10.5, 11.5, 10.75, 11.75], "texture": "#0"},
				"west": {"uv": [10.5, 9.25, 10.75, 11.75], "rotation": 270, "texture": "#0"},
				"up": {"uv": [10.5, 9.25, 10.75, 11.75], "texture": "#0"},
				"down": {"uv": [10.5, 11.75, 10.75, 9.25], "texture": "#0"}
			}
		},
		{
			"name": "RocketLauncher_61",
			"from": [6.5, 0, 9.5],
			"to": [6.75, 1.25, 11],
			"faces": {
				"north": {"uv": [6.75, 9.5, 6.5, 9.75], "texture": "#0"},
				"south": {"uv": [6.5, 10.75, 6.75, 11], "texture": "#0"},
				"west": {"uv": [6.5, 9.5, 6.75, 11], "rotation": 270, "texture": "#0"},
				"up": {"uv": [6.5, 9.5, 6.75, 11], "texture": "#0"},
				"down": {"uv": [6.5, 11, 6.75, 9.5], "texture": "#0"}
			}
		},
		{
			"name": "RocketLauncher_62",
			"from": [10.75, 0, 9.5],
			"to": [11, 1.25, 12],
			"faces": {
				"north": {"uv": [11, 9.5, 10.75, 9.75], "texture": "#0"},
				"east": {"uv": [10.75, 9.5, 11, 12], "rotation": 90, "texture": "#0"},
				"south": {"uv": [10.75, 11.75, 11, 12], "texture": "#0"},
				"west": {"uv": [10.75, 9.5, 11, 12], "rotation": 270, "texture": "#0"},
				"up": {"uv": [10.75, 9.5, 11, 12], "texture": "#0"},
				"down": {"uv": [10.75, 12, 11, 9.5], "texture": "#0"}
			}
		},
		{
			"name": "RocketLauncher_63",
			"from": [6.25, 0, 9.75],
			"to": [6.5, 1.25, 10.75],
			"faces": {
				"north": {"uv": [6.5, 9.75, 6.25, 10], "texture": "#0"},
				"south": {"uv": [6.25, 10.5, 6.5, 10.75], "texture": "#0"},
				"west": {"uv": [6.25, 9.75, 6.5, 10.75], "rotation": 270, "texture": "#0"},
				"up": {"uv": [6.25, 9.75, 6.5, 10.75], "texture": "#0"},
				"down": {"uv": [6.25, 10.75, 6.5, 9.75], "texture": "#0"}
			}
		},
		{
			"name": "RocketLauncher_64",
			"from": [11, 0, 9.75],
			"to": [11.25, 1.25, 12.25],
			"faces": {
				"north": {"uv": [11.25, 9.75, 11, 10], "texture": "#0"},
				"east": {"uv": [11, 9.75, 11.25, 12.25], "rotation": 90, "texture": "#0"},
				"south": {"uv": [11, 12, 11.25, 12.25], "texture": "#0"},
				"west": {"uv": [11, 9.75, 11.25, 12.25], "rotation": 270, "texture": "#0"},
				"up": {"uv": [11, 9.75, 11.25, 12.25], "texture": "#0"},
				"down": {"uv": [11, 12.25, 11.25, 9.75], "texture": "#0"}
			}
		},
		{
			"name": "RocketLauncher_65",
			"from": [6, 0, 10],
			"to": [6.25, 1.25, 10.5],
			"faces": {
				"north": {"uv": [6.25, 10, 6, 10.25], "texture": "#0"},
				"south": {"uv": [6, 10.25, 6.25, 10.5], "texture": "#0"},
				"west": {"uv": [6, 10, 6.25, 10.5], "rotation": 270, "texture": "#0"},
				"up": {"uv": [6, 10, 6.25, 10.5], "texture": "#0"},
				"down": {"uv": [6, 10.5, 6.25, 10], "texture": "#0"}
			}
		},
		{
			"name": "RocketLauncher_66",
			"from": [11.25, 0, 10],
			"to": [11.5, 1.25, 12.5],
			"faces": {
				"north": {"uv": [11.5, 10, 11.25, 10.25], "texture": "#0"},
				"east": {"uv": [11.25, 10, 11.5, 12.5], "rotation": 90, "texture": "#0"},
				"south": {"uv": [11.25, 12.25, 11.5, 12.5], "texture": "#0"},
				"west": {"uv": [11.25, 10, 11.5, 12.5], "rotation": 270, "texture": "#0"},
				"up": {"uv": [11.25, 10, 11.5, 12.5], "texture": "#0"},
				"down": {"uv": [11.25, 12.5, 11.5, 10], "texture": "#0"}
			}
		},
		{
			"name": "RocketLauncher_67",
			"from": [11.5, 0, 10.5],
			"to": [11.75, 1.25, 12.75],
			"faces": {
				"north": {"uv": [11.75, 10.5, 11.5, 10.75], "texture": "#0"},
				"east": {"uv": [11.5, 10.5, 11.75, 12.75], "rotation": 90, "texture": "#0"},
				"south": {"uv": [11.5, 12.5, 11.75, 12.75], "texture": "#0"},
				"west": {"uv": [11.5, 10.5, 11.75, 12.75], "rotation": 270, "texture": "#0"},
				"up": {"uv": [11.5, 10.5, 11.75, 12.75], "texture": "#0"},
				"down": {"uv": [11.5, 12.75, 11.75, 10.5], "texture": "#0"}
			}
		},
		{
			"name": "RocketLauncher_68",
			"from": [11.75, 0, 10.75],
			"to": [12, 1.25, 13],
			"faces": {
				"north": {"uv": [12, 10.75, 11.75, 11], "texture": "#0"},
				"east": {"uv": [11.75, 10.75, 12, 13], "rotation": 90, "texture": "#0"},
				"south": {"uv": [11.75, 12.75, 12, 13], "texture": "#0"},
				"west": {"uv": [11.75, 10.75, 12, 13], "rotation": 270, "texture": "#0"},
				"up": {"uv": [11.75, 10.75, 12, 13], "texture": "#0"},
				"down": {"uv": [11.75, 13, 12, 10.75], "texture": "#0"}
			}
		},
		{
			"name": "RocketLauncher_69",
			"from": [9.75, 0, 11],
			"to": [10, 1.25, 11.25],
			"faces": {
				"south": {"uv": [9.75, 11, 10, 11.25], "texture": "#0"},
				"west": {"uv": [9.75, 11, 10, 11.25], "rotation": 270, "texture": "#0"},
				"up": {"uv": [9.75, 11, 10, 11.25], "texture": "#0"},
				"down": {"uv": [9.75, 11.25, 10, 11], "texture": "#0"}
			}
		},
		{
			"name": "RocketLauncher_70",
			"from": [12, 0, 11],
			"to": [12.25, 1.25, 13.25],
			"faces": {
				"north": {"uv": [12.25, 11, 12, 11.25], "texture": "#0"},
				"east": {"uv": [12, 11, 12.25, 13.25], "rotation": 90, "texture": "#0"},
				"south": {"uv": [12, 13, 12.25, 13.25], "texture": "#0"},
				"west": {"uv": [12, 11, 12.25, 13.25], "rotation": 270, "texture": "#0"},
				"up": {"uv": [12, 11, 12.25, 13.25], "texture": "#0"},
				"down": {"uv": [12, 13.25, 12.25, 11], "texture": "#0"}
			}
		},
		{
			"name": "RocketLauncher_71",
			"from": [12.25, 0, 11.25],
			"to": [12.5, 1.25, 13.25],
			"faces": {
				"north": {"uv": [12.5, 11.25, 12.25, 11.5], "texture": "#0"},
				"east": {"uv": [12.25, 11.25, 12.5, 13.25], "rotation": 90, "texture": "#0"},
				"south": {"uv": [12.25, 13, 12.5, 13.25], "texture": "#0"},
				"up": {"uv": [12.25, 11.25, 12.5, 13.25], "texture": "#0"},
				"down": {"uv": [12.25, 13.25, 12.5, 11.25], "texture": "#0"}
			}
		},
		{
			"name": "RocketLauncher_72",
			"from": [12.5, 0, 11.5],
			"to": [12.75, 1.25, 13.75],
			"faces": {
				"north": {"uv": [12.75, 11.5, 12.5, 11.75], "texture": "#0"},
				"east": {"uv": [12.5, 11.5, 12.75, 13.75], "rotation": 90, "texture": "#0"},
				"south": {"uv": [12.5, 13.5, 12.75, 13.75], "texture": "#0"},
				"west": {"uv": [12.5, 11.5, 12.75, 13.75], "rotation": 270, "texture": "#0"},
				"up": {"uv": [12.5, 11.5, 12.75, 13.75], "texture": "#0"},
				"down": {"uv": [12.5, 13.75, 12.75, 11.5], "texture": "#0"}
			}
		},
		{
			"name": "RocketLauncher_73",
			"from": [12.75, 0, 11.75],
			"to": [13, 1.25, 14.25],
			"faces": {
				"north": {"uv": [13, 11.75, 12.75, 12], "texture": "#0"},
				"east": {"uv": [12.75, 11.75, 13, 14.25], "rotation": 90, "texture": "#0"},
				"south": {"uv": [12.75, 14, 13, 14.25], "texture": "#0"},
				"west": {"uv": [12.75, 11.75, 13, 14.25], "rotation": 270, "texture": "#0"},
				"up": {"uv": [12.75, 11.75, 13, 14.25], "texture": "#0"},
				"down": {"uv": [12.75, 14.25, 13, 11.75], "texture": "#0"}
			}
		},
		{
			"name": "RocketLauncher_74",
			"from": [13, 0, 12],
			"to": [13.25, 1.25, 14.5],
			"faces": {
				"north": {"uv": [13.25, 12, 13, 12.25], "texture": "#0"},
				"east": {"uv": [13, 12, 13.25, 14.5], "rotation": 90, "texture": "#0"},
				"south": {"uv": [13, 14.25, 13.25, 14.5], "texture": "#0"},
				"west": {"uv": [13, 12, 13.25, 14.5], "rotation": 270, "texture": "#0"},
				"up": {"uv": [13, 12, 13.25, 14.5], "texture": "#0"},
				"down": {"uv": [13, 14.5, 13.25, 12], "texture": "#0"}
			}
		},
		{
			"name": "RocketLauncher_75",
			"from": [13.25, 0, 12.5],
			"to": [13.75, 1.25, 15],
			"faces": {
				"north": {"uv": [13.75, 12.5, 13.25, 12.75], "texture": "#0"},
				"east": {"uv": [13.5, 12.5, 13.75, 15], "rotation": 90, "texture": "#0"},
				"south": {"uv": [13.25, 14.75, 13.75, 15], "texture": "#0"},
				"west": {"uv": [13.25, 12.5, 13.5, 15], "rotation": 270, "texture": "#0"},
				"up": {"uv": [13.25, 12.5, 13.75, 15], "texture": "#0"},
				"down": {"uv": [13.25, 15, 13.75, 12.5], "texture": "#0"}
			}
		},
		{
			"name": "RocketLauncher_76",
			"from": [13.75, 0, 12.75],
			"to": [14.25, 1.25, 16],
			"faces": {
				"north": {"uv": [14.25, 12.75, 13.75, 13], "texture": "#0"},
				"east": {"uv": [14, 12.75, 14.25, 16], "rotation": 90, "texture": "#0"},
				"south": {"uv": [13.75, 15.75, 14.25, 16], "texture": "#0"},
				"west": {"uv": [13.75, 12.75, 14, 16], "rotation": 270, "texture": "#0"},
				"up": {"uv": [13.75, 12.75, 14.25, 16], "texture": "#0"},
				"down": {"uv": [13.75, 16, 14.25, 12.75], "texture": "#0"}
			}
		},
		{
			"name": "RocketLauncher_77",
			"from": [14.25, 0, 13],
			"to": [14.5, 1.25, 15.75],
			"faces": {
				"north": {"uv": [14.5, 13, 14.25, 13.25], "texture": "#0"},
				"east": {"uv": [14.25, 13, 14.5, 15.75], "rotation": 90, "texture": "#0"},
				"south": {"uv": [14.25, 15.5, 14.5, 15.75], "texture": "#0"},
				"up": {"uv": [14.25, 13, 14.5, 15.75], "texture": "#0"},
				"down": {"uv": [14.25, 15.75, 14.5, 13], "texture": "#0"}
			}
		},
		{
			"name": "RocketLauncher_78",
			"from": [14.5, 0, 13.25],
			"to": [15, 1.25, 15.25],
			"faces": {
				"north": {"uv": [15, 13.25, 14.5, 13.5], "texture": "#0"},
				"east": {"uv": [14.75, 13.25, 15, 15.25], "rotation": 90, "texture": "#0"},
				"south": {"uv": [14.5, 15, 15, 15.25], "texture": "#0"},
				"up": {"uv": [14.5, 13.25, 15, 15.25], "texture": "#0"},
				"down": {"uv": [14.5, 15.25, 15, 13.25], "texture": "#0"}
			}
		},
		{
			"name": "RocketLauncher_79",
			"from": [15, 0, 13.5],
			"to": [15.5, 1.25, 14.75],
			"faces": {
				"north": {"uv": [15.5, 13.5, 15, 13.75], "texture": "#0"},
				"east": {"uv": [15.25, 13.5, 15.5, 14.75], "rotation": 90, "texture": "#0"},
				"south": {"uv": [15, 14.5, 15.5, 14.75], "texture": "#0"},
				"up": {"uv": [15, 13.5, 15.5, 14.75], "texture": "#0"},
				"down": {"uv": [15, 14.75, 15.5, 13.5], "texture": "#0"}
			}
		},
		{
			"name": "RocketLauncher_80",
			"from": [15.5, 0, 13.75],
			"to": [16, 1.25, 14.25],
			"faces": {
				"north": {"uv": [16, 13.75, 15.5, 14], "texture": "#0"},
				"east": {"uv": [15.75, 13.75, 16, 14.25], "rotation": 90, "texture": "#0"},
				"south": {"uv": [15.5, 14, 16, 14.25], "texture": "#0"},
				"up": {"uv": [15.5, 13.75, 16, 14.25], "texture": "#0"},
				"down": {"uv": [15.5, 14.25, 16, 13.75], "texture": "#0"}
			}
		},
		{
			"name": "RocketLauncher_81",
			"from": [15.5, 0, 14.25],
			"to": [15.75, 1.25, 14.5],
			"faces": {
				"east": {"uv": [15.5, 14.25, 15.75, 14.5], "rotation": 90, "texture": "#0"},
				"south": {"uv": [15.5, 14.25, 15.75, 14.5], "texture": "#0"},
				"up": {"uv": [15.5, 14.25, 15.75, 14.5], "texture": "#0"},
				"down": {"uv": [15.5, 14.5, 15.75, 14.25], "texture": "#0"}
			}
		},
		{
			"name": "RocketLauncher_82",
			"from": [15, 0, 14.75],
			"to": [15.25, 1.25, 15],
			"faces": {
				"east": {"uv": [15, 14.75, 15.25, 15], "rotation": 90, "texture": "#0"},
				"south": {"uv": [15, 14.75, 15.25, 15], "texture": "#0"},
				"up": {"uv": [15, 14.75, 15.25, 15], "texture": "#0"},
				"down": {"uv": [15, 15, 15.25, 14.75], "texture": "#0"}
			}
		},
		{
			"name": "RocketLauncher_83",
			"from": [13.5, 0, 15],
			"to": [13.75, 1.25, 15.5],
			"faces": {
				"south": {"uv": [13.5, 15.25, 13.75, 15.5], "texture": "#0"},
				"west": {"uv": [13.5, 15, 13.75, 15.5], "rotation": 270, "texture": "#0"},
				"up": {"uv": [13.5, 15, 13.75, 15.5], "texture": "#0"},
				"down": {"uv": [13.5, 15.5, 13.75, 15], "texture": "#0"}
			}
		},
		{
			"name": "RocketLauncher_84",
			"from": [14.5, 0, 15.25],
			"to": [14.75, 1.25, 15.5],
			"faces": {
				"east": {"uv": [14.5, 15.25, 14.75, 15.5], "rotation": 90, "texture": "#0"},
				"south": {"uv": [14.5, 15.25, 14.75, 15.5], "texture": "#0"},
				"up": {"uv": [14.5, 15.25, 14.75, 15.5], "texture": "#0"},
				"down": {"uv": [14.5, 15.5, 14.75, 15.25], "texture": "#0"}
			}
		}
	],
	"display": {
		"thirdperson_righthand": {
			"rotation": [45, 0, 90],
			"translation": [-7.5, 2.25, 2.5]
		},
		"thirdperson_lefthand": {
			"rotation": [45, 0, -90],
			"translation": [7.5, 2.25, 2.5]
		},
		"firstperson_righthand": {
			"rotation": [55, 0, 90],
			"translation": [-6.25, 2.5, 0]
		},
		"firstperson_lefthand": {
			"rotation": [55, 0, -90],
			"translation": [8.75, 2.5, 0]
		},
		"ground": {
			"rotation": [90, 0, 90],
			"translation": [-4, 0, 0],
			"scale": [0.5, 0.5, 0.5]
		},
		"gui": {
			"rotation": [90, 0, 0],
			"translation": [0.5, 0.5, 0]
		},
		"head": {
			"rotation": [45, 0, 90],
			"translation": [-7.5, 8.25, -1.5]
		},
		"fixed": {
			"rotation": [90, 0, 0],
			"translation": [0, 0, 7]
		}
	},
	"groups": [
		{
			"name": "RocketLauncher",
			"origin": [8, 8, 8],
			"children": [0, 1, 2, 3, 4, 5, 6, 7, 8, 9, 10, 11, 12, 13, 14, 15, 16, 17, 18, 19, 20, 21, 22, 23, 24, 25, 26, 27, 28, 29, 30, 31, 32, 33, 34, 35, 36, 37, 38, 39, 40, 41, 42, 43, 44, 45, 46, 47, 48, 49, 50, 51, 52, 53, 54, 55, 56, 57, 58, 59, 60, 61, 62, 63, 64, 65, 66, 67, 68, 69, 70, 71, 72, 73, 74, 75, 76, 77, 78, 79, 80, 81, 82, 83, 84]
		}
	]
}