{
	"credit": "Made with Blockbench",
	"textures": {
		"0": "gun_textures/ump45",
		"particle": "gun_textures/ump45"
	},
	"elements": [
		{
			"name": "UMP45_0",
			"from": [3.5, 0, 1],
			"to": [4.25, 1, 1.75],
			"faces": {
				"north": {"uv": [4.25, 1, 3.5, 1.25], "texture": "#0"},
				"east": {"uv": [4, 1, 4.25, 1.75], "rotation": 90, "texture": "#0"},
				"south": {"uv": [3.5, 1.5, 4.25, 1.75], "texture": "#0"},
				"west": {"uv": [3.5, 1, 3.75, 1.75], "rotation": 270, "texture": "#0"},
				"up": {"uv": [3.5, 1, 4.25, 1.75], "texture": "#0"},
				"down": {"uv": [3.5, 1.75, 4.25, 1], "texture": "#0"}
			}
		},
		{
			"name": "UMP45_1",
			"from": [1.5, 0, 1.25],
			"to": [2, 1, 2],
			"faces": {
				"north": {"uv": [2, 1.25, 1.5, 1.5], "texture": "#0"},
				"east": {"uv": [1.75, 1.25, 2, 2], "rotation": 90, "texture": "#0"},
				"south": {"uv": [1.5, 1.75, 2, 2], "texture": "#0"},
				"west": {"uv": [1.5, 1.25, 1.75, 2], "rotation": 270, "texture": "#0"},
				"up": {"uv": [1.5, 1.25, 2, 2], "texture": "#0"},
				"down": {"uv": [1.5, 2, 2, 1.25], "texture": "#0"}
			}
		},
		{
			"name": "UMP45_2",
			"from": [3.25, 0, 1.25],
			"to": [3.5, 1, 4.75],
			"faces": {
				"north": {"uv": [3.5, 1.25, 3.25, 1.5], "texture": "#0"},
				"south": {"uv": [3.25, 4.5, 3.5, 4.75], "texture": "#0"},
				"west": {"uv": [3.25, 1.25, 3.5, 4.75], "rotation": 270, "texture": "#0"},
				"up": {"uv": [3.25, 1.25, 3.5, 4.75], "texture": "#0"},
				"down": {"uv": [3.25, 4.75, 3.5, 1.25], "texture": "#0"}
			}
		},
		{
			"name": "UMP45_3",
			"from": [1.25, 0, 1.5],
			"to": [1.5, 1, 1.75],
			"faces": {
				"north": {"uv": [1.5, 1.5, 1.25, 1.75], "texture": "#0"},
				"south": {"uv": [1.25, 1.5, 1.5, 1.75], "texture": "#0"},
				"west": {"uv": [1.25, 1.5, 1.5, 1.75], "rotation": 270, "texture": "#0"},
				"up": {"uv": [1.25, 1.5, 1.5, 1.75], "texture": "#0"},
				"down": {"uv": [1.25, 1.75, 1.5, 1.5], "texture": "#0"}
			}
		},
		{
			"name": "UMP45_4",
			"from": [2, 0, 1.5],
			"to": [2.25, 1, 3.5],
			"faces": {
				"north": {"uv": [2.25, 1.5, 2, 1.75], "texture": "#0"},
				"east": {"uv": [2, 1.5, 2.25, 3.5], "rotation": 90, "texture": "#0"},
				"south": {"uv": [2, 3.25, 2.25, 3.5], "texture": "#0"},
				"west": {"uv": [2, 1.5, 2.25, 3.5], "rotation": 270, "texture": "#0"},
				"up": {"uv": [2, 1.5, 2.25, 3.5], "texture": "#0"},
				"down": {"uv": [2, 3.5, 2.25, 1.5], "texture": "#0"}
			}
		},
		{
			"name": "UMP45_5",
			"from": [3, 0, 1.5],
			"to": [3.25, 1, 4.5],
			"faces": {
				"north": {"uv": [3.25, 1.5, 3, 1.75], "texture": "#0"},
				"south": {"uv": [3, 4.25, 3.25, 4.5], "texture": "#0"},
				"west": {"uv": [3, 1.5, 3.25, 4.5], "rotation": 270, "texture": "#0"},
				"up": {"uv": [3, 1.5, 3.25, 4.5], "texture": "#0"},
				"down": {"uv": [3, 4.5, 3.25, 1.5], "texture": "#0"}
			}
		},
		{
			"name": "UMP45_6",
			"from": [2.25, 0, 1.75],
			"to": [2.5, 1, 3.75],
			"faces": {
				"north": {"uv": [2.5, 1.75, 2.25, 2], "texture": "#0"},
				"east": {"uv": [2.25, 1.75, 2.5, 3.75], "rotation": 90, "texture": "#0"},
				"south": {"uv": [2.25, 3.5, 2.5, 3.75], "texture": "#0"},
				"west": {"uv": [2.25, 1.75, 2.5, 3.75], "rotation": 270, "texture": "#0"},
				"up": {"uv": [2.25, 1.75, 2.5, 3.75], "texture": "#0"},
				"down": {"uv": [2.25, 3.75, 2.5, 1.75], "texture": "#0"}
			}
		},
		{
			"name": "UMP45_7",
			"from": [2.75, 0, 1.75],
			"to": [3, 1, 4.25],
			"faces": {
				"north": {"uv": [3, 1.75, 2.75, 2], "texture": "#0"},
				"south": {"uv": [2.75, 4, 3, 4.25], "texture": "#0"},
				"west": {"uv": [2.75, 1.75, 3, 4.25], "rotation": 270, "texture": "#0"},
				"up": {"uv": [2.75, 1.75, 3, 4.25], "texture": "#0"},
				"down": {"uv": [2.75, 4.25, 3, 1.75], "texture": "#0"}
			}
		},
		{
			"name": "UMP45_8",
			"from": [3.5, 0, 1.75],
			"to": [4, 1, 5],
			"faces": {
				"east": {"uv": [3.75, 1.75, 4, 5], "rotation": 90, "texture": "#0"},
				"south": {"uv": [3.5, 4.75, 4, 5], "texture": "#0"},
				"west": {"uv": [3.5, 1.75, 3.75, 5], "rotation": 270, "texture": "#0"},
				"up": {"uv": [3.5, 1.75, 4, 5], "texture": "#0"},
				"down": {"uv": [3.5, 5, 4, 1.75], "texture": "#0"}
			}
		},
		{
			"name": "UMP45_9",
			"from": [1.75, 0, 2],
			"to": [2, 1, 2.25],
			"faces": {
				"south": {"uv": [1.75, 2, 2, 2.25], "texture": "#0"},
				"west": {"uv": [1.75, 2, 2, 2.25], "rotation": 270, "texture": "#0"},
				"up": {"uv": [1.75, 2, 2, 2.25], "texture": "#0"},
				"down": {"uv": [1.75, 2.25, 2, 2], "texture": "#0"}
			}
		},
		{
			"name": "UMP45_10",
			"from": [2.5, 0, 2],
			"to": [2.75, 1, 4],
			"faces": {
				"north": {"uv": [2.75, 2, 2.5, 2.25], "texture": "#0"},
				"south": {"uv": [2.5, 3.75, 2.75, 4], "texture": "#0"},
				"west": {"uv": [2.5, 2, 2.75, 4], "rotation": 270, "texture": "#0"},
				"up": {"uv": [2.5, 2, 2.75, 4], "texture": "#0"},
				"down": {"uv": [2.5, 4, 2.75, 2], "texture": "#0"}
			}
		},
		{
			"name": "UMP45_11",
			"from": [4, 0, 2],
			"to": [4.25, 1, 5.5],
			"faces": {
				"north": {"uv": [4.25, 2, 4, 2.25], "texture": "#0"},
				"east": {"uv": [4, 2, 4.25, 5.5], "rotation": 90, "texture": "#0"},
				"south": {"uv": [4, 5.25, 4.25, 5.5], "texture": "#0"},
				"west": {"uv": [4, 2, 4.25, 5.5], "rotation": 270, "texture": "#0"},
				"up": {"uv": [4, 2, 4.25, 5.5], "texture": "#0"},
				"down": {"uv": [4, 5.5, 4.25, 2], "texture": "#0"}
			}
		},
		{
			"name": "UMP45_12",
			"from": [4.25, 0, 2.25],
			"to": [4.5, 1, 5.75],
			"faces": {
				"north": {"uv": [4.5, 2.25, 4.25, 2.5], "texture": "#0"},
				"east": {"uv": [4.25, 2.25, 4.5, 5.75], "rotation": 90, "texture": "#0"},
				"south": {"uv": [4.25, 5.5, 4.5, 5.75], "texture": "#0"},
				"west": {"uv": [4.25, 2.25, 4.5, 5.75], "rotation": 270, "texture": "#0"},
				"up": {"uv": [4.25, 2.25, 4.5, 5.75], "texture": "#0"},
				"down": {"uv": [4.25, 5.75, 4.5, 2.25], "texture": "#0"}
			}
		},
		{
			"name": "UMP45_13",
			"from": [4.5, 0, 2.5],
			"to": [4.75, 1, 7.75],
			"faces": {
				"north": {"uv": [4.75, 2.5, 4.5, 2.75], "texture": "#0"},
				"east": {"uv": [4.5, 2.5, 4.75, 7.75], "rotation": 90, "texture": "#0"},
				"south": {"uv": [4.5, 7.5, 4.75, 7.75], "texture": "#0"},
				"west": {"uv": [4.5, 2.5, 4.75, 7.75], "rotation": 270, "texture": "#0"},
				"up": {"uv": [4.5, 2.5, 4.75, 7.75], "texture": "#0"},
				"down": {"uv": [4.5, 7.75, 4.75, 2.5], "texture": "#0"}
			}
		},
		{
			"name": "UMP45_14",
			"from": [1.75, 0, 2.75],
			"to": [2, 1, 3.75],
			"faces": {
				"north": {"uv": [2, 2.75, 1.75, 3], "texture": "#0"},
				"east": {"uv": [1.75, 2.75, 2, 3.75], "rotation": 90, "texture": "#0"},
				"south": {"uv": [1.75, 3.5, 2, 3.75], "texture": "#0"},
				"west": {"uv": [1.75, 2.75, 2, 3.75], "rotation": 270, "texture": "#0"},
				"up": {"uv": [1.75, 2.75, 2, 3.75], "texture": "#0"},
				"down": {"uv": [1.75, 3.75, 2, 2.75], "texture": "#0"}
			}
		},
		{
			"name": "UMP45_15",
			"from": [4.75, 0, 2.75],
			"to": [5, 1, 7.75],
			"faces": {
				"north": {"uv": [5, 2.75, 4.75, 3], "texture": "#0"},
				"east": {"uv": [4.75, 2.75, 5, 7.75], "rotation": 90, "texture": "#0"},
				"south": {"uv": [4.75, 7.5, 5, 7.75], "texture": "#0"},
				"up": {"uv": [4.75, 2.75, 5, 7.75], "texture": "#0"},
				"down": {"uv": [4.75, 7.75, 5, 2.75], "texture": "#0"}
			}
		},
		{
			"name": "UMP45_16",
			"from": [1.5, 0, 3],
			"to": [1.75, 1, 3.5],
			"faces": {
				"north": {"uv": [1.75, 3, 1.5, 3.25], "texture": "#0"},
				"south": {"uv": [1.5, 3.25, 1.75, 3.5], "texture": "#0"},
				"west": {"uv": [1.5, 3, 1.75, 3.5], "rotation": 270, "texture": "#0"},
				"up": {"uv": [1.5, 3, 1.75, 3.5], "texture": "#0"},
				"down": {"uv": [1.5, 3.5, 1.75, 3], "texture": "#0"}
			}
		},
		{
			"name": "UMP45_17",
			"from": [5, 0, 3],
			"to": [5.25, 1, 7.75],
			"faces": {
				"north": {"uv": [5.25, 3, 5, 3.25], "texture": "#0"},
				"east": {"uv": [5, 3, 5.25, 7.75], "rotation": 90, "texture": "#0"},
				"south": {"uv": [5, 7.5, 5.25, 7.75], "texture": "#0"},
				"up": {"uv": [5, 3, 5.25, 7.75], "texture": "#0"},
				"down": {"uv": [5, 7.75, 5.25, 3], "texture": "#0"}
			}
		},
		{
			"name": "UMP45_18",
			"from": [5.25, 0, 3.25],
			"to": [5.5, 1, 7.75],
			"faces": {
				"north": {"uv": [5.5, 3.25, 5.25, 3.5], "texture": "#0"},
				"east": {"uv": [5.25, 3.25, 5.5, 7.75], "rotation": 90, "texture": "#0"},
				"south": {"uv": [5.25, 7.5, 5.5, 7.75], "texture": "#0"},
				"up": {"uv": [5.25, 3.25, 5.5, 7.75], "texture": "#0"},
				"down": {"uv": [5.25, 7.75, 5.5, 3.25], "texture": "#0"}
			}
		},
		{
			"name": "UMP45_19",
			"from": [5.5, 0, 3.5],
			"to": [5.75, 1, 8.5],
			"faces": {
				"north": {"uv": [5.75, 3.5, 5.5, 3.75], "texture": "#0"},
				"east": {"uv": [5.5, 3.5, 5.75, 8.5], "rotation": 90, "texture": "#0"},
				"south": {"uv": [5.5, 8.25, 5.75, 8.5], "texture": "#0"},
				"west": {"uv": [5.5, 3.5, 5.75, 8.5], "rotation": 270, "texture": "#0"},
				"up": {"uv": [5.5, 3.5, 5.75, 8.5], "texture": "#0"},
				"down": {"uv": [5.5, 8.5, 5.75, 3.5], "texture": "#0"}
			}
		},
		{
			"name": "UMP45_20",
			"from": [5.75, 0, 3.75],
			"to": [6, 1, 7.75],
			"faces": {
				"north": {"uv": [6, 3.75, 5.75, 4], "texture": "#0"},
				"east": {"uv": [5.75, 3.75, 6, 7.75], "rotation": 90, "texture": "#0"},
				"south": {"uv": [5.75, 7.5, 6, 7.75], "texture": "#0"},
				"up": {"uv": [5.75, 3.75, 6, 7.75], "texture": "#0"},
				"down": {"uv": [5.75, 7.75, 6, 3.75], "texture": "#0"}
			}
		},
		{
			"name": "UMP45_21",
			"from": [6, 0, 4],
			"to": [6.25, 1, 8],
			"faces": {
				"north": {"uv": [6.25, 4, 6, 4.25], "texture": "#0"},
				"east": {"uv": [6, 4, 6.25, 8], "rotation": 90, "texture": "#0"},
				"south": {"uv": [6, 7.75, 6.25, 8], "texture": "#0"},
				"west": {"uv": [6, 4, 6.25, 8], "rotation": 270, "texture": "#0"},
				"up": {"uv": [6, 4, 6.25, 8], "texture": "#0"},
				"down": {"uv": [6, 8, 6.25, 4], "texture": "#0"}
			}
		},
		{
			"name": "UMP45_22",
			"from": [6.25, 0, 4.25],
			"to": [6.5, 1, 8.25],
			"faces": {
				"north": {"uv": [6.5, 4.25, 6.25, 4.5], "texture": "#0"},
				"east": {"uv": [6.25, 4.25, 6.5, 8.25], "rotation": 90, "texture": "#0"},
				"south": {"uv": [6.25, 8, 6.5, 8.25], "texture": "#0"},
				"west": {"uv": [6.25, 4.25, 6.5, 8.25], "rotation": 270, "texture": "#0"},
				"up": {"uv": [6.25, 4.25, 6.5, 8.25], "texture": "#0"},
				"down": {"uv": [6.25, 8.25, 6.5, 4.25], "texture": "#0"}
			}
		},
		{
			"name": "UMP45_23",
			"from": [6.5, 0, 4.5],
			"to": [7, 1, 8.75],
			"faces": {
				"north": {"uv": [7, 4.5, 6.5, 4.75], "texture": "#0"},
				"east": {"uv": [6.75, 4.5, 7, 8.75], "rotation": 90, "texture": "#0"},
				"south": {"uv": [6.5, 8.5, 7, 8.75], "texture": "#0"},
				"west": {"uv": [6.5, 4.5, 6.75, 8.75], "rotation": 270, "texture": "#0"},
				"up": {"uv": [6.5, 4.5, 7, 8.75], "texture": "#0"},
				"down": {"uv": [6.5, 8.75, 7, 4.5], "texture": "#0"}
			}
		},
		{
			"name": "UMP45_24",
			"from": [7, 0, 4.75],
			"to": [7.25, 1, 11.75],
			"faces": {
				"north": {"uv": [7.25, 4.75, 7, 5], "texture": "#0"},
				"east": {"uv": [7, 4.75, 7.25, 11.75], "rotation": 90, "texture": "#0"},
				"south": {"uv": [7, 11.5, 7.25, 11.75], "texture": "#0"},
				"west": {"uv": [7, 4.75, 7.25, 11.75], "rotation": 270, "texture": "#0"},
				"up": {"uv": [7, 4.75, 7.25, 11.75], "texture": "#0"},
				"down": {"uv": [7, 11.75, 7.25, 4.75], "texture": "#0"}
			}
		},
		{
			"name": "UMP45_25",
			"from": [3.75, 0, 5],
			"to": [4, 1, 5.25],
			"faces": {
				"south": {"uv": [3.75, 5, 4, 5.25], "texture": "#0"},
				"west": {"uv": [3.75, 5, 4, 5.25], "rotation": 270, "texture": "#0"},
				"up": {"uv": [3.75, 5, 4, 5.25], "texture": "#0"},
				"down": {"uv": [3.75, 5.25, 4, 5], "texture": "#0"}
			}
		},
		{
			"name": "UMP45_26",
			"from": [7.25, 0, 5],
			"to": [7.5, 1, 11.75],
			"faces": {
				"north": {"uv": [7.5, 5, 7.25, 5.25], "texture": "#0"},
				"east": {"uv": [7.25, 5, 7.5, 11.75], "rotation": 90, "texture": "#0"},
				"south": {"uv": [7.25, 11.5, 7.5, 11.75], "texture": "#0"},
				"up": {"uv": [7.25, 5, 7.5, 11.75], "texture": "#0"},
				"down": {"uv": [7.25, 11.75, 7.5, 5], "texture": "#0"}
			}
		},
		{
			"name": "UMP45_27",
			"from": [7.5, 0, 5.25],
			"to": [7.75, 1, 11.5],
			"faces": {
				"north": {"uv": [7.75, 5.25, 7.5, 5.5], "texture": "#0"},
				"east": {"uv": [7.5, 5.25, 7.75, 11.5], "rotation": 90, "texture": "#0"},
				"south": {"uv": [7.5, 11.25, 7.75, 11.5], "texture": "#0"},
				"up": {"uv": [7.5, 5.25, 7.75, 11.5], "texture": "#0"},
				"down": {"uv": [7.5, 11.5, 7.75, 5.25], "texture": "#0"}
			}
		},
		{
			"name": "UMP45_28",
			"from": [7.75, 0, 5.5],
			"to": [8, 1, 10.75],
			"faces": {
				"north": {"uv": [8, 5.5, 7.75, 5.75], "texture": "#0"},
				"east": {"uv": [7.75, 5.5, 8, 10.75], "rotation": 90, "texture": "#0"},
				"south": {"uv": [7.75, 10.5, 8, 10.75], "texture": "#0"},
				"up": {"uv": [7.75, 5.5, 8, 10.75], "texture": "#0"},
				"down": {"uv": [7.75, 10.75, 8, 5.5], "texture": "#0"}
			}
		},
		{
			"name": "UMP45_29",
			"from": [8, 0, 5.75],
			"to": [8.25, 1, 10],
			"faces": {
				"north": {"uv": [8.25, 5.75, 8, 6], "texture": "#0"},
				"east": {"uv": [8, 5.75, 8.25, 10], "rotation": 90, "texture": "#0"},
				"south": {"uv": [8, 9.75, 8.25, 10], "texture": "#0"},
				"up": {"uv": [8, 5.75, 8.25, 10], "texture": "#0"},
				"down": {"uv": [8, 10, 8.25, 5.75], "texture": "#0"}
			}
		},
		{
			"name": "UMP45_30",
			"from": [8.25, 0, 6],
			"to": [8.5, 1, 9.75],
			"faces": {
				"north": {"uv": [8.5, 6, 8.25, 6.25], "texture": "#0"},
				"east": {"uv": [8.25, 6, 8.5, 9.75], "rotation": 90, "texture": "#0"},
				"south": {"uv": [8.25, 9.5, 8.5, 9.75], "texture": "#0"},
				"up": {"uv": [8.25, 6, 8.5, 9.75], "texture": "#0"},
				"down": {"uv": [8.25, 9.75, 8.5, 6], "texture": "#0"}
			}
		},
		{
			"name": "UMP45_31",
			"from": [4.25, 0, 6.25],
			"to": [4.5, 1, 8],
			"faces": {
				"north": {"uv": [4.5, 6.25, 4.25, 6.5], "texture": "#0"},
				"east": {"uv": [4.25, 6.25, 4.5, 8], "rotation": 90, "texture": "#0"},
				"south": {"uv": [4.25, 7.75, 4.5, 8], "texture": "#0"},
				"west": {"uv": [4.25, 6.25, 4.5, 8], "rotation": 270, "texture": "#0"},
				"up": {"uv": [4.25, 6.25, 4.5, 8], "texture": "#0"},
				"down": {"uv": [4.25, 8, 4.5, 6.25], "texture": "#0"}
			}
		},
		{
			"name": "UMP45_32",
			"from": [8.5, 0, 6.25],
			"to": [8.75, 1, 9.5],
			"faces": {
				"north": {"uv": [8.75, 6.25, 8.5, 6.5], "texture": "#0"},
				"east": {"uv": [8.5, 6.25, 8.75, 9.5], "rotation": 90, "texture": "#0"},
				"south": {"uv": [8.5, 9.25, 8.75, 9.5], "texture": "#0"},
				"up": {"uv": [8.5, 6.25, 8.75, 9.5], "texture": "#0"},
				"down": {"uv": [8.5, 9.5, 8.75, 6.25], "texture": "#0"}
			}
		},
		{
			"name": "UMP45_33",
			"from": [3.75, 0, 6.5],
			"to": [4.25, 1, 8],
			"faces": {
				"north": {"uv": [4.25, 6.5, 3.75, 6.75], "texture": "#0"},
				"south": {"uv": [3.75, 7.75, 4.25, 8], "texture": "#0"},
				"west": {"uv": [3.75, 6.5, 4, 8], "rotation": 270, "texture": "#0"},
				"up": {"uv": [3.75, 6.5, 4.25, 8], "texture": "#0"},
				"down": {"uv": [3.75, 8, 4.25, 6.5], "texture": "#0"}
			}
		},
		{
			"name": "UMP45_34",
			"from": [8.75, 0, 6.5],
			"to": [9, 1, 9.75],
			"faces": {
				"north": {"uv": [9, 6.5, 8.75, 6.75], "texture": "#0"},
				"east": {"uv": [8.75, 6.5, 9, 9.75], "rotation": 90, "texture": "#0"},
				"south": {"uv": [8.75, 9.5, 9, 9.75], "texture": "#0"},
				"west": {"uv": [8.75, 6.5, 9, 9.75], "rotation": 270, "texture": "#0"},
				"up": {"uv": [8.75, 6.5, 9, 9.75], "texture": "#0"},
				"down": {"uv": [8.75, 9.75, 9, 6.5], "texture": "#0"}
			}
		},
		{
			"name": "UMP45_35",
			"from": [3.5, 0, 6.75],
			"to": [3.75, 1, 8.5],
			"faces": {
				"north": {"uv": [3.75, 6.75, 3.5, 7], "texture": "#0"},
				"east": {"uv": [3.5, 6.75, 3.75, 8.5], "rotation": 90, "texture": "#0"},
				"south": {"uv": [3.5, 8.25, 3.75, 8.5], "texture": "#0"},
				"west": {"uv": [3.5, 6.75, 3.75, 8.5], "rotation": 270, "texture": "#0"},
				"up": {"uv": [3.5, 6.75, 3.75, 8.5], "texture": "#0"},
				"down": {"uv": [3.5, 8.5, 3.75, 6.75], "texture": "#0"}
			}
		},
		{
			"name": "UMP45_36",
			"from": [9, 0, 6.75],
			"to": [9.25, 1, 9.75],
			"faces": {
				"north": {"uv": [9.25, 6.75, 9, 7], "texture": "#0"},
				"east": {"uv": [9, 6.75, 9.25, 9.75], "rotation": 90, "texture": "#0"},
				"south": {"uv": [9, 9.5, 9.25, 9.75], "texture": "#0"},
				"up": {"uv": [9, 6.75, 9.25, 9.75], "texture": "#0"},
				"down": {"uv": [9, 9.75, 9.25, 6.75], "texture": "#0"}
			}
		},
		{
			"name": "UMP45_37",
			"from": [3, 0, 7],
			"to": [3.5, 1, 8.5],
			"faces": {
				"north": {"uv": [3.5, 7, 3, 7.25], "texture": "#0"},
				"south": {"uv": [3, 8.25, 3.5, 8.5], "texture": "#0"},
				"west": {"uv": [3, 7, 3.25, 8.5], "rotation": 270, "texture": "#0"},
				"up": {"uv": [3, 7, 3.5, 8.5], "texture": "#0"},
				"down": {"uv": [3, 8.5, 3.5, 7], "texture": "#0"}
			}
		},
		{
			"name": "UMP45_38",
			"from": [9.25, 0, 7],
			"to": [9.5, 1, 10],
			"faces": {
				"north": {"uv": [9.5, 7, 9.25, 7.25], "texture": "#0"},
				"east": {"uv": [9.25, 7, 9.5, 10], "rotation": 90, "texture": "#0"},
				"south": {"uv": [9.25, 9.75, 9.5, 10], "texture": "#0"},
				"west": {"uv": [9.25, 7, 9.5, 10], "rotation": 270, "texture": "#0"},
				"up": {"uv": [9.25, 7, 9.5, 10], "texture": "#0"},
				"down": {"uv": [9.25, 10, 9.5, 7], "texture": "#0"}
			}
		},
		{
			"name": "UMP45_39",
			"from": [10, 0, 7],
			"to": [10.25, 1, 10.75],
			"faces": {
				"north": {"uv": [10.25, 7, 10, 7.25], "texture": "#0"},
				"east": {"uv": [10, 7, 10.25, 10.75], "rotation": 90, "texture": "#0"},
				"south": {"uv": [10, 10.5, 10.25, 10.75], "texture": "#0"},
				"west": {"uv": [10, 7, 10.25, 10.75], "rotation": 270, "texture": "#0"},
				"up": {"uv": [10, 7, 10.25, 10.75], "texture": "#0"},
				"down": {"uv": [10, 10.75, 10.25, 7], "texture": "#0"}
			}
		},
		{
			"name": "UMP45_40",
			"from": [2.75, 0, 7.25],
			"to": [3, 1, 9],
			"faces": {
				"north": {"uv": [3, 7.25, 2.75, 7.5], "texture": "#0"},
				"east": {"uv": [2.75, 7.25, 3, 9], "rotation": 90, "texture": "#0"},
				"south": {"uv": [2.75, 8.75, 3, 9], "texture": "#0"},
				"west": {"uv": [2.75, 7.25, 3, 9], "rotation": 270, "texture": "#0"},
				"up": {"uv": [2.75, 7.25, 3, 9], "texture": "#0"},
				"down": {"uv": [2.75, 9, 3, 7.25], "texture": "#0"}
			}
		},
		{
			"name": "UMP45_41",
			"from": [9.5, 0, 7.25],
			"to": [10, 1, 10.25],
			"faces": {
				"north": {"uv": [10, 7.25, 9.5, 7.5], "texture": "#0"},
				"south": {"uv": [9.5, 10, 10, 10.25], "texture": "#0"},
				"west": {"uv": [9.5, 7.25, 9.75, 10.25], "rotation": 270, "texture": "#0"},
				"up": {"uv": [9.5, 7.25, 10, 10.25], "texture": "#0"},
				"down": {"uv": [9.5, 10.25, 10, 7.25], "texture": "#0"}
			}
		},
		{
			"name": "UMP45_42",
			"from": [10.25, 0, 7.25],
			"to": [10.5, 1, 11],
			"faces": {
				"north": {"uv": [10.5, 7.25, 10.25, 7.5], "texture": "#0"},
				"east": {"uv": [10.25, 7.25, 10.5, 11], "rotation": 90, "texture": "#0"},
				"south": {"uv": [10.25, 10.75, 10.5, 11], "texture": "#0"},
				"west": {"uv": [10.25, 7.25, 10.5, 11], "rotation": 270, "texture": "#0"},
				"up": {"uv": [10.25, 7.25, 10.5, 11], "texture": "#0"},
				"down": {"uv": [10.25, 11, 10.5, 7.25], "texture": "#0"}
			}
		},
		{
			"name": "UMP45_43",
			"from": [2.25, 0, 7.5],
			"to": [2.75, 1, 9],
			"faces": {
				"north": {"uv": [2.75, 7.5, 2.25, 7.75], "texture": "#0"},
				"south": {"uv": [2.25, 8.75, 2.75, 9], "texture": "#0"},
				"west": {"uv": [2.25, 7.5, 2.5, 9], "rotation": 270, "texture": "#0"},
				"up": {"uv": [2.25, 7.5, 2.75, 9], "texture": "#0"},
				"down": {"uv": [2.25, 9, 2.75, 7.5], "texture": "#0"}
			}
		},
		{
			"name": "UMP45_44",
			"from": [2, 0, 7.75],
			"to": [2.25, 1, 9.5],
			"faces": {
				"north": {"uv": [2.25, 7.75, 2, 8], "texture": "#0"},
				"east": {"uv": [2, 7.75, 2.25, 9.5], "rotation": 90, "texture": "#0"},
				"south": {"uv": [2, 9.25, 2.25, 9.5], "texture": "#0"},
				"west": {"uv": [2, 7.75, 2.25, 9.5], "rotation": 270, "texture": "#0"},
				"up": {"uv": [2, 7.75, 2.25, 9.5], "texture": "#0"},
				"down": {"uv": [2, 9.5, 2.25, 7.75], "texture": "#0"}
			}
		},
		{
			"name": "UMP45_45",
			"from": [10.5, 0, 7.75],
			"to": [10.75, 1, 11.5],
			"faces": {
				"north": {"uv": [10.75, 7.75, 10.5, 8], "texture": "#0"},
				"east": {"uv": [10.5, 7.75, 10.75, 11.5], "rotation": 90, "texture": "#0"},
				"south": {"uv": [10.5, 11.25, 10.75, 11.5], "texture": "#0"},
				"west": {"uv": [10.5, 7.75, 10.75, 11.5], "rotation": 270, "texture": "#0"},
				"up": {"uv": [10.5, 7.75, 10.75, 11.5], "texture": "#0"},
				"down": {"uv": [10.5, 11.5, 10.75, 7.75], "texture": "#0"}
			}
		},
		{
			"name": "UMP45_46",
			"from": [1.5, 0, 8],
			"to": [2, 1, 9.75],
			"faces": {
				"north": {"uv": [2, 8, 1.5, 8.25], "texture": "#0"},
				"east": {"uv": [1.75, 8, 2, 9.75], "rotation": 90, "texture": "#0"},
				"south": {"uv": [1.5, 9.5, 2, 9.75], "texture": "#0"},
				"west": {"uv": [1.5, 8, 1.75, 9.75], "rotation": 270, "texture": "#0"},
				"up": {"uv": [1.5, 8, 2, 9.75], "texture": "#0"},
				"down": {"uv": [1.5, 9.75, 2, 8], "texture": "#0"}
			}
		},
		{
			"name": "UMP45_47",
			"from": [3.75, 0, 8],
			"to": [4, 1, 8.25],
			"faces": {
				"east": {"uv": [3.75, 8, 4, 8.25], "rotation": 90, "texture": "#0"},
				"south": {"uv": [3.75, 8, 4, 8.25], "texture": "#0"},
				"up": {"uv": [3.75, 8, 4, 8.25], "texture": "#0"},
				"down": {"uv": [3.75, 8.25, 4, 8], "texture": "#0"}
			}
		},
		{
			"name": "UMP45_48",
			"from": [1.25, 0, 8.25],
			"to": [1.5, 1, 9.5],
			"faces": {
				"north": {"uv": [1.5, 8.25, 1.25, 8.5], "texture": "#0"},
				"south": {"uv": [1.25, 9.25, 1.5, 9.5], "texture": "#0"},
				"west": {"uv": [1.25, 8.25, 1.5, 9.5], "rotation": 270, "texture": "#0"},
				"up": {"uv": [1.25, 8.25, 1.5, 9.5], "texture": "#0"},
				"down": {"uv": [1.25, 9.5, 1.5, 8.25], "texture": "#0"}
			}
		},
		{
			"name": "UMP45_49",
			"from": [1, 0, 8.5],
			"to": [1.25, 1, 9],
			"faces": {
				"north": {"uv": [1.25, 8.5, 1, 8.75], "texture": "#0"},
				"south": {"uv": [1, 8.75, 1.25, 9], "texture": "#0"},
				"west": {"uv": [1, 8.5, 1.25, 9], "rotation": 270, "texture": "#0"},
				"up": {"uv": [1, 8.5, 1.25, 9], "texture": "#0"},
				"down": {"uv": [1, 9, 1.25, 8.5], "texture": "#0"}
			}
		},
		{
			"name": "UMP45_50",
			"from": [3, 0, 8.5],
			"to": [3.25, 1, 8.75],
			"faces": {
				"east": {"uv": [3, 8.5, 3.25, 8.75], "rotation": 90, "texture": "#0"},
				"south": {"uv": [3, 8.5, 3.25, 8.75], "texture": "#0"},
				"up": {"uv": [3, 8.5, 3.25, 8.75], "texture": "#0"},
				"down": {"uv": [3, 8.75, 3.25, 8.5], "texture": "#0"}
			}
		},
		{
			"name": "UMP45_51",
			"from": [5.75, 0, 8.5],
			"to": [6, 1, 8.75],
			"faces": {
				"north": {"uv": [6, 8.5, 5.75, 8.75], "texture": "#0"},
				"east": {"uv": [5.75, 8.5, 6, 8.75], "rotation": 90, "texture": "#0"},
				"south": {"uv": [5.75, 8.5, 6, 8.75], "texture": "#0"},
				"west": {"uv": [5.75, 8.5, 6, 8.75], "rotation": 270, "texture": "#0"},
				"up": {"uv": [5.75, 8.5, 6, 8.75], "texture": "#0"},
				"down": {"uv": [5.75, 8.75, 6, 8.5], "texture": "#0"}
			}
		},
		{
			"name": "UMP45_52",
			"from": [6, 0, 8.75],
			"to": [6.75, 1, 9],
			"faces": {
				"north": {"uv": [6.75, 8.75, 6, 9], "texture": "#0"},
				"east": {"uv": [6.5, 8.75, 6.75, 9], "rotation": 90, "texture": "#0"},
				"south": {"uv": [6, 8.75, 6.75, 9], "texture": "#0"},
				"west": {"uv": [6, 8.75, 6.25, 9], "rotation": 270, "texture": "#0"},
				"up": {"uv": [6, 8.75, 6.75, 9], "texture": "#0"},
				"down": {"uv": [6, 9, 6.75, 8.75], "texture": "#0"}
			}
		},
		{
			"name": "UMP45_53",
			"from": [2.25, 0, 9],
			"to": [2.5, 1, 9.25],
			"faces": {
				"east": {"uv": [2.25, 9, 2.5, 9.25], "rotation": 90, "texture": "#0"},
				"south": {"uv": [2.25, 9, 2.5, 9.25], "texture": "#0"},
				"up": {"uv": [2.25, 9, 2.5, 9.25], "texture": "#0"},
				"down": {"uv": [2.25, 9.25, 2.5, 9], "texture": "#0"}
			}
		},
		{
			"name": "UMP45_54",
			"from": [6.25, 0, 9],
			"to": [6.5, 1, 9.25],
			"faces": {
				"east": {"uv": [6.25, 9, 6.5, 9.25], "rotation": 90, "texture": "#0"},
				"south": {"uv": [6.25, 9, 6.5, 9.25], "texture": "#0"},
				"west": {"uv": [6.25, 9, 6.5, 9.25], "rotation": 270, "texture": "#0"},
				"up": {"uv": [6.25, 9, 6.5, 9.25], "texture": "#0"},
				"down": {"uv": [6.25, 9.25, 6.5, 9], "texture": "#0"}
			}
		},
		{
			"name": "UMP45_55",
			"from": [10.75, 0, 9],
			"to": [11, 1, 11.75],
			"faces": {
				"north": {"uv": [11, 9, 10.75, 9.25], "texture": "#0"},
				"east": {"uv": [10.75, 9, 11, 11.75], "rotation": 90, "texture": "#0"},
				"south": {"uv": [10.75, 11.5, 11, 11.75], "texture": "#0"},
				"west": {"uv": [10.75, 9, 11, 11.75], "rotation": 270, "texture": "#0"},
				"up": {"uv": [10.75, 9, 11, 11.75], "texture": "#0"},
				"down": {"uv": [10.75, 11.75, 11, 9], "texture": "#0"}
			}
		},
		{
			"name": "UMP45_56",
			"from": [6.5, 0, 9.25],
			"to": [7, 1, 9.5],
			"faces": {
				"north": {"uv": [7, 9.25, 6.5, 9.5], "texture": "#0"},
				"south": {"uv": [6.5, 9.25, 7, 9.5], "texture": "#0"},
				"west": {"uv": [6.5, 9.25, 6.75, 9.5], "rotation": 270, "texture": "#0"},
				"up": {"uv": [6.5, 9.25, 7, 9.5], "texture": "#0"},
				"down": {"uv": [6.5, 9.5, 7, 9.25], "texture": "#0"}
			}
		},
		{
			"name": "UMP45_57",
			"from": [11, 0, 9.25],
			"to": [11.25, 1, 12],
			"faces": {
				"north": {"uv": [11.25, 9.25, 11, 9.5], "texture": "#0"},
				"east": {"uv": [11, 9.25, 11.25, 12], "rotation": 90, "texture": "#0"},
				"south": {"uv": [11, 11.75, 11.25, 12], "texture": "#0"},
				"west": {"uv": [11, 9.25, 11.25, 12], "rotation": 270, "texture": "#0"},
				"up": {"uv": [11, 9.25, 11.25, 12], "texture": "#0"},
				"down": {"uv": [11, 12, 11.25, 9.25], "texture": "#0"}
			}
		},
		{
			"name": "UMP45_58",
			"from": [6.75, 0, 9.75],
			"to": [7, 1, 11.75],
			"faces": {
				"north": {"uv": [7, 9.75, 6.75, 10], "texture": "#0"},
				"south": {"uv": [6.75, 11.5, 7, 11.75], "texture": "#0"},
				"west": {"uv": [6.75, 9.75, 7, 11.75], "rotation": 270, "texture": "#0"},
				"up": {"uv": [6.75, 9.75, 7, 11.75], "texture": "#0"},
				"down": {"uv": [6.75, 11.75, 7, 9.75], "texture": "#0"}
			}
		},
		{
			"name": "UMP45_59",
			"from": [11.25, 0, 9.75],
			"to": [11.5, 1, 12.5],
			"faces": {
				"north": {"uv": [11.5, 9.75, 11.25, 10], "texture": "#0"},
				"east": {"uv": [11.25, 9.75, 11.5, 12.5], "rotation": 90, "texture": "#0"},
				"south": {"uv": [11.25, 12.25, 11.5, 12.5], "texture": "#0"},
				"west": {"uv": [11.25, 9.75, 11.5, 12.5], "rotation": 270, "texture": "#0"},
				"up": {"uv": [11.25, 9.75, 11.5, 12.5], "texture": "#0"},
				"down": {"uv": [11.25, 12.5, 11.5, 9.75], "texture": "#0"}
			}
		},
		{
			"name": "UMP45_60",
			"from": [11.5, 0, 10],
			"to": [11.75, 1, 11.25],
			"faces": {
				"north": {"uv": [11.75, 10, 11.5, 10.25], "texture": "#0"},
				"east": {"uv": [11.5, 10, 11.75, 11.25], "rotation": 90, "texture": "#0"},
				"south": {"uv": [11.5, 11, 11.75, 11.25], "texture": "#0"},
				"up": {"uv": [11.5, 10, 11.75, 11.25], "texture": "#0"},
				"down": {"uv": [11.5, 11.25, 11.75, 10], "texture": "#0"}
			}
		},
		{
			"name": "UMP45_61",
			"from": [9.75, 0, 10.25],
			"to": [10, 1, 10.5],
			"faces": {
				"south": {"uv": [9.75, 10.25, 10, 10.5], "texture": "#0"},
				"west": {"uv": [9.75, 10.25, 10, 10.5], "rotation": 270, "texture": "#0"},
				"up": {"uv": [9.75, 10.25, 10, 10.5], "texture": "#0"},
				"down": {"uv": [9.75, 10.5, 10, 10.25], "texture": "#0"}
			}
		},
		{
			"name": "UMP45_62",
			"from": [11.75, 0, 10.25],
			"to": [12, 1, 11],
			"faces": {
				"north": {"uv": [12, 10.25, 11.75, 10.5], "texture": "#0"},
				"east": {"uv": [11.75, 10.25, 12, 11], "rotation": 90, "texture": "#0"},
				"south": {"uv": [11.75, 10.75, 12, 11], "texture": "#0"},
				"up": {"uv": [11.75, 10.25, 12, 11], "texture": "#0"},
				"down": {"uv": [11.75, 11, 12, 10.25], "texture": "#0"}
			}
		},
		{
			"name": "UMP45_63",
			"from": [6.5, 0, 10.5],
			"to": [6.75, 1, 11.75],
			"faces": {
				"north": {"uv": [6.75, 10.5, 6.5, 10.75], "texture": "#0"},
				"south": {"uv": [6.5, 11.5, 6.75, 11.75], "texture": "#0"},
				"west": {"uv": [6.5, 10.5, 6.75, 11.75], "rotation": 270, "texture": "#0"},
				"up": {"uv": [6.5, 10.5, 6.75, 11.75], "texture": "#0"},
				"down": {"uv": [6.5, 11.75, 6.75, 10.5], "texture": "#0"}
			}
		},
		{
			"name": "UMP45_64",
			"from": [12, 0, 10.5],
			"to": [12.25, 1, 11.25],
			"faces": {
				"north": {"uv": [12.25, 10.5, 12, 10.75], "texture": "#0"},
				"east": {"uv": [12, 10.5, 12.25, 11.25], "rotation": 90, "texture": "#0"},
				"south": {"uv": [12, 11, 12.25, 11.25], "texture": "#0"},
				"west": {"uv": [12, 10.5, 12.25, 11.25], "rotation": 270, "texture": "#0"},
				"up": {"uv": [12, 10.5, 12.25, 11.25], "texture": "#0"},
				"down": {"uv": [12, 11.25, 12.25, 10.5], "texture": "#0"}
			}
		},
		{
			"name": "UMP45_65",
			"from": [12.25, 0, 10.75],
			"to": [12.5, 1, 11.5],
			"faces": {
				"north": {"uv": [12.5, 10.75, 12.25, 11], "texture": "#0"},
				"east": {"uv": [12.25, 10.75, 12.5, 11.5], "rotation": 90, "texture": "#0"},
				"south": {"uv": [12.25, 11.25, 12.5, 11.5], "texture": "#0"},
				"west": {"uv": [12.25, 10.75, 12.5, 11.5], "rotation": 270, "texture": "#0"},
				"up": {"uv": [12.25, 10.75, 12.5, 11.5], "texture": "#0"},
				"down": {"uv": [12.25, 11.5, 12.5, 10.75], "texture": "#0"}
			}
		},
		{
			"name": "UMP45_66",
			"from": [12.5, 0, 11],
			"to": [12.75, 1, 11.75],
			"faces": {
				"north": {"uv": [12.75, 11, 12.5, 11.25], "texture": "#0"},
				"east": {"uv": [12.5, 11, 12.75, 11.75], "rotation": 90, "texture": "#0"},
				"south": {"uv": [12.5, 11.5, 12.75, 11.75], "texture": "#0"},
				"west": {"uv": [12.5, 11, 12.75, 11.75], "rotation": 270, "texture": "#0"},
				"up": {"uv": [12.5, 11, 12.75, 11.75], "texture": "#0"},
				"down": {"uv": [12.5, 11.75, 12.75, 11], "texture": "#0"}
			}
		},
		{
			"name": "UMP45_67",
			"from": [6.25, 0, 11.25],
			"to": [6.5, 1, 11.5],
			"faces": {
				"north": {"uv": [6.5, 11.25, 6.25, 11.5], "texture": "#0"},
				"south": {"uv": [6.25, 11.25, 6.5, 11.5], "texture": "#0"},
				"west": {"uv": [6.25, 11.25, 6.5, 11.5], "rotation": 270, "texture": "#0"},
				"up": {"uv": [6.25, 11.25, 6.5, 11.5], "texture": "#0"},
				"down": {"uv": [6.25, 11.5, 6.5, 11.25], "texture": "#0"}
			}
		},
		{
			"name": "UMP45_68",
			"from": [12.75, 0, 11.25],
			"to": [13, 1, 12],
			"faces": {
				"north": {"uv": [13, 11.25, 12.75, 11.5], "texture": "#0"},
				"east": {"uv": [12.75, 11.25, 13, 12], "rotation": 90, "texture": "#0"},
				"south": {"uv": [12.75, 11.75, 13, 12], "texture": "#0"},
				"west": {"uv": [12.75, 11.25, 13, 12], "rotation": 270, "texture": "#0"},
				"up": {"uv": [12.75, 11.25, 13, 12], "texture": "#0"},
				"down": {"uv": [12.75, 12, 13, 11.25], "texture": "#0"}
			}
		},
		{
			"name": "UMP45_69",
			"from": [13, 0, 11.5],
			"to": [13.25, 1, 12.75],
			"faces": {
				"north": {"uv": [13.25, 11.5, 13, 11.75], "texture": "#0"},
				"east": {"uv": [13, 11.5, 13.25, 12.75], "rotation": 90, "texture": "#0"},
				"south": {"uv": [13, 12.5, 13.25, 12.75], "texture": "#0"},
				"west": {"uv": [13, 11.5, 13.25, 12.75], "rotation": 270, "texture": "#0"},
				"up": {"uv": [13, 11.5, 13.25, 12.75], "texture": "#0"},
				"down": {"uv": [13, 12.75, 13.25, 11.5], "texture": "#0"}
			}
		},
		{
			"name": "UMP45_70",
			"from": [11.5, 0, 11.75],
			"to": [11.75, 1, 13],
			"faces": {
				"north": {"uv": [11.75, 11.75, 11.5, 12], "texture": "#0"},
				"east": {"uv": [11.5, 11.75, 11.75, 13], "rotation": 90, "texture": "#0"},
				"south": {"uv": [11.5, 12.75, 11.75, 13], "texture": "#0"},
				"west": {"uv": [11.5, 11.75, 11.75, 13], "rotation": 270, "texture": "#0"},
				"up": {"uv": [11.5, 11.75, 11.75, 13], "texture": "#0"},
				"down": {"uv": [11.5, 13, 11.75, 11.75], "texture": "#0"}
			}
		},
		{
			"name": "UMP45_71",
			"from": [13.25, 0, 11.75],
			"to": [13.5, 1, 12.5],
			"faces": {
				"north": {"uv": [13.5, 11.75, 13.25, 12], "texture": "#0"},
				"east": {"uv": [13.25, 11.75, 13.5, 12.5], "rotation": 90, "texture": "#0"},
				"south": {"uv": [13.25, 12.25, 13.5, 12.5], "texture": "#0"},
				"up": {"uv": [13.25, 11.75, 13.5, 12.5], "texture": "#0"},
				"down": {"uv": [13.25, 12.5, 13.5, 11.75], "texture": "#0"}
			}
		},
		{
			"name": "UMP45_72",
			"from": [13.5, 0, 12],
			"to": [13.75, 1, 12.75],
			"faces": {
				"north": {"uv": [13.75, 12, 13.5, 12.25], "texture": "#0"},
				"east": {"uv": [13.5, 12, 13.75, 12.75], "rotation": 90, "texture": "#0"},
				"south": {"uv": [13.5, 12.5, 13.75, 12.75], "texture": "#0"},
				"west": {"uv": [13.5, 12, 13.75, 12.75], "rotation": 270, "texture": "#0"},
				"up": {"uv": [13.5, 12, 13.75, 12.75], "texture": "#0"},
				"down": {"uv": [13.5, 12.75, 13.75, 12], "texture": "#0"}
			}
		},
		{
			"name": "UMP45_73",
			"from": [11.75, 0, 12.25],
			"to": [12, 1, 13.5],
			"faces": {
				"north": {"uv": [12, 12.25, 11.75, 12.5], "texture": "#0"},
				"east": {"uv": [11.75, 12.25, 12, 13.5], "rotation": 90, "texture": "#0"},
				"south": {"uv": [11.75, 13.25, 12, 13.5], "texture": "#0"},
				"west": {"uv": [11.75, 12.25, 12, 13.5], "rotation": 270, "texture": "#0"},
				"up": {"uv": [11.75, 12.25, 12, 13.5], "texture": "#0"},
				"down": {"uv": [11.75, 13.5, 12, 12.25], "texture": "#0"}
			}
		},
		{
			"name": "UMP45_74",
			"from": [12.75, 0, 12.25],
			"to": [13, 1, 13],
			"faces": {
				"north": {"uv": [13, 12.25, 12.75, 12.5], "texture": "#0"},
				"east": {"uv": [12.75, 12.25, 13, 13], "rotation": 90, "texture": "#0"},
				"south": {"uv": [12.75, 12.75, 13, 13], "texture": "#0"},
				"west": {"uv": [12.75, 12.25, 13, 13], "rotation": 270, "texture": "#0"},
				"up": {"uv": [12.75, 12.25, 13, 13], "texture": "#0"},
				"down": {"uv": [12.75, 13, 13, 12.25], "texture": "#0"}
			}
		},
		{
			"name": "UMP45_75",
			"from": [13.75, 0, 12.25],
			"to": [14, 1, 13],
			"faces": {
				"north": {"uv": [14, 12.25, 13.75, 12.5], "texture": "#0"},
				"east": {"uv": [13.75, 12.25, 14, 13], "rotation": 90, "texture": "#0"},
				"south": {"uv": [13.75, 12.75, 14, 13], "texture": "#0"},
				"west": {"uv": [13.75, 12.25, 14, 13], "rotation": 270, "texture": "#0"},
				"up": {"uv": [13.75, 12.25, 14, 13], "texture": "#0"},
				"down": {"uv": [13.75, 13, 14, 12.25], "texture": "#0"}
			}
		},
		{
			"name": "UMP45_76",
			"from": [12.5, 0, 12.5],
			"to": [12.75, 1, 13.25],
			"faces": {
				"north": {"uv": [12.75, 12.5, 12.5, 12.75], "texture": "#0"},
				"east": {"uv": [12.5, 12.5, 12.75, 13.25], "rotation": 90, "texture": "#0"},
				"south": {"uv": [12.5, 13, 12.75, 13.25], "texture": "#0"},
				"west": {"uv": [12.5, 12.5, 12.75, 13.25], "rotation": 270, "texture": "#0"},
				"up": {"uv": [12.5, 12.5, 12.75, 13.25], "texture": "#0"},
				"down": {"uv": [12.5, 13.25, 12.75, 12.5], "texture": "#0"}
			}
		},
		{
			"name": "UMP45_77",
			"from": [14, 0, 12.5],
			"to": [14.25, 1, 13.25],
			"faces": {
				"north": {"uv": [14.25, 12.5, 14, 12.75], "texture": "#0"},
				"east": {"uv": [14, 12.5, 14.25, 13.25], "rotation": 90, "texture": "#0"},
				"south": {"uv": [14, 13, 14.25, 13.25], "texture": "#0"},
				"west": {"uv": [14, 12.5, 14.25, 13.25], "rotation": 270, "texture": "#0"},
				"up": {"uv": [14, 12.5, 14.25, 13.25], "texture": "#0"},
				"down": {"uv": [14, 13.25, 14.25, 12.5], "texture": "#0"}
			}
		},
		{
			"name": "UMP45_78",
			"from": [12, 0, 12.75],
			"to": [12.5, 1, 14],
			"faces": {
				"north": {"uv": [12.5, 12.75, 12, 13], "texture": "#0"},
				"east": {"uv": [12.25, 12.75, 12.5, 14], "rotation": 90, "texture": "#0"},
				"south": {"uv": [12, 13.75, 12.5, 14], "texture": "#0"},
				"west": {"uv": [12, 12.75, 12.25, 14], "rotation": 270, "texture": "#0"},
				"up": {"uv": [12, 12.75, 12.5, 14], "texture": "#0"},
				"down": {"uv": [12, 14, 12.5, 12.75], "texture": "#0"}
			}
		},
		{
			"name": "UMP45_79",
			"from": [14.25, 0, 12.75],
			"to": [14.5, 1, 13.5],
			"faces": {
				"north": {"uv": [14.5, 12.75, 14.25, 13], "texture": "#0"},
				"east": {"uv": [14.25, 12.75, 14.5, 13.5], "rotation": 90, "texture": "#0"},
				"south": {"uv": [14.25, 13.25, 14.5, 13.5], "texture": "#0"},
				"west": {"uv": [14.25, 12.75, 14.5, 13.5], "rotation": 270, "texture": "#0"},
				"up": {"uv": [14.25, 12.75, 14.5, 13.5], "texture": "#0"},
				"down": {"uv": [14.25, 13.5, 14.5, 12.75], "texture": "#0"}
			}
		},
		{
			"name": "UMP45_80",
			"from": [14.5, 0, 13],
			"to": [14.75, 1, 15],
			"faces": {
				"north": {"uv": [14.75, 13, 14.5, 13.25], "texture": "#0"},
				"east": {"uv": [14.5, 13, 14.75, 15], "rotation": 90, "texture": "#0"},
				"south": {"uv": [14.5, 14.75, 14.75, 15], "texture": "#0"},
				"west": {"uv": [14.5, 13, 14.75, 15], "rotation": 270, "texture": "#0"},
				"up": {"uv": [14.5, 13, 14.75, 15], "texture": "#0"},
				"down": {"uv": [14.5, 15, 14.75, 13], "texture": "#0"}
			}
		},
		{
			"name": "UMP45_81",
			"from": [14.75, 0, 13.25],
			"to": [15, 1, 14.75],
			"faces": {
				"north": {"uv": [15, 13.25, 14.75, 13.5], "texture": "#0"},
				"east": {"uv": [14.75, 13.25, 15, 14.75], "rotation": 90, "texture": "#0"},
				"south": {"uv": [14.75, 14.5, 15, 14.75], "texture": "#0"},
				"up": {"uv": [14.75, 13.25, 15, 14.75], "texture": "#0"},
				"down": {"uv": [14.75, 14.75, 15, 13.25], "texture": "#0"}
			}
		},
		{
			"name": "UMP45_82",
			"from": [15, 0, 13.5],
			"to": [15.25, 1, 14.5],
			"faces": {
				"north": {"uv": [15.25, 13.5, 15, 13.75], "texture": "#0"},
				"east": {"uv": [15, 13.5, 15.25, 14.5], "rotation": 90, "texture": "#0"},
				"south": {"uv": [15, 14.25, 15.25, 14.5], "texture": "#0"},
				"up": {"uv": [15, 13.5, 15.25, 14.5], "texture": "#0"},
				"down": {"uv": [15, 14.5, 15.25, 13.5], "texture": "#0"}
			}
		},
		{
			"name": "UMP45_83",
			"from": [12.5, 0, 13.75],
			"to": [12.75, 1, 15],
			"faces": {
				"north": {"uv": [12.75, 13.75, 12.5, 14], "texture": "#0"},
				"east": {"uv": [12.5, 13.75, 12.75, 15], "rotation": 90, "texture": "#0"},
				"south": {"uv": [12.5, 14.75, 12.75, 15], "texture": "#0"},
				"west": {"uv": [12.5, 13.75, 12.75, 15], "rotation": 270, "texture": "#0"},
				"up": {"uv": [12.5, 13.75, 12.75, 15], "texture": "#0"},
				"down": {"uv": [12.5, 15, 12.75, 13.75], "texture": "#0"}
			}
		},
		{
			"name": "UMP45_84",
			"from": [15.25, 0, 13.75],
			"to": [15.5, 1, 14.25],
			"faces": {
				"north": {"uv": [15.5, 13.75, 15.25, 14], "texture": "#0"},
				"east": {"uv": [15.25, 13.75, 15.5, 14.25], "rotation": 90, "texture": "#0"},
				"south": {"uv": [15.25, 14, 15.5, 14.25], "texture": "#0"},
				"up": {"uv": [15.25, 13.75, 15.5, 14.25], "texture": "#0"},
				"down": {"uv": [15.25, 14.25, 15.5, 13.75], "texture": "#0"}
			}
		},
		{
			"name": "UMP45_85",
			"from": [12.25, 0, 14],
			"to": [12.5, 1, 14.5],
			"faces": {
				"south": {"uv": [12.25, 14.25, 12.5, 14.5], "texture": "#0"},
				"west": {"uv": [12.25, 14, 12.5, 14.5], "rotation": 270, "texture": "#0"},
				"up": {"uv": [12.25, 14, 12.5, 14.5], "texture": "#0"},
				"down": {"uv": [12.25, 14.5, 12.5, 14], "texture": "#0"}
			}
		},
		{
			"name": "UMP45_86",
			"from": [14.25, 0, 14],
			"to": [14.5, 1, 15.25],
			"faces": {
				"north": {"uv": [14.5, 14, 14.25, 14.25], "texture": "#0"},
				"east": {"uv": [14.25, 14, 14.5, 15.25], "rotation": 90, "texture": "#0"},
				"south": {"uv": [14.25, 15, 14.5, 15.25], "texture": "#0"},
				"west": {"uv": [14.25, 14, 14.5, 15.25], "rotation": 270, "texture": "#0"},
				"up": {"uv": [14.25, 14, 14.5, 15.25], "texture": "#0"},
				"down": {"uv": [14.25, 15.25, 14.5, 14], "texture": "#0"}
			}
		},
		{
			"name": "UMP45_87",
			"from": [12.75, 0, 14.25],
			"to": [13, 1, 15.5],
			"faces": {
				"north": {"uv": [13, 14.25, 12.75, 14.5], "texture": "#0"},
				"east": {"uv": [12.75, 14.25, 13, 15.5], "rotation": 90, "texture": "#0"},
				"south": {"uv": [12.75, 15.25, 13, 15.5], "texture": "#0"},
				"west": {"uv": [12.75, 14.25, 13, 15.5], "rotation": 270, "texture": "#0"},
				"up": {"uv": [12.75, 14.25, 13, 15.5], "texture": "#0"},
				"down": {"uv": [12.75, 15.5, 13, 14.25], "texture": "#0"}
			}
		},
		{
			"name": "UMP45_88",
			"from": [14, 0, 14.25],
			"to": [14.25, 1, 15.5],
			"faces": {
				"north": {"uv": [14.25, 14.25, 14, 14.5], "texture": "#0"},
				"east": {"uv": [14, 14.25, 14.25, 15.5], "rotation": 90, "texture": "#0"},
				"south": {"uv": [14, 15.25, 14.25, 15.5], "texture": "#0"},
				"west": {"uv": [14, 14.25, 14.25, 15.5], "rotation": 270, "texture": "#0"},
				"up": {"uv": [14, 14.25, 14.25, 15.5], "texture": "#0"},
				"down": {"uv": [14, 15.5, 14.25, 14.25], "texture": "#0"}
			}
		},
		{
			"name": "UMP45_89",
			"from": [13.75, 0, 14.5],
			"to": [14, 1, 15.75],
			"faces": {
				"north": {"uv": [14, 14.5, 13.75, 14.75], "texture": "#0"},
				"east": {"uv": [13.75, 14.5, 14, 15.75], "rotation": 90, "texture": "#0"},
				"south": {"uv": [13.75, 15.5, 14, 15.75], "texture": "#0"},
				"west": {"uv": [13.75, 14.5, 14, 15.75], "rotation": 270, "texture": "#0"},
				"up": {"uv": [13.75, 14.5, 14, 15.75], "texture": "#0"},
				"down": {"uv": [13.75, 15.75, 14, 14.5], "texture": "#0"}
			}
		},
		{
			"name": "UMP45_90",
			"from": [13, 0, 14.75],
			"to": [13.75, 1, 15.75],
			"faces": {
				"north": {"uv": [13.75, 14.75, 13, 15], "texture": "#0"},
				"south": {"uv": [13, 15.5, 13.75, 15.75], "texture": "#0"},
				"west": {"uv": [13, 14.75, 13.25, 15.75], "rotation": 270, "texture": "#0"},
				"up": {"uv": [13, 14.75, 13.75, 15.75], "texture": "#0"},
				"down": {"uv": [13, 15.75, 13.75, 14.75], "texture": "#0"}
			}
		},
		{
			"name": "UMP45_91",
			"from": [13.25, 0, 15.75],
			"to": [13.75, 1, 16],
			"faces": {
				"east": {"uv": [13.5, 15.75, 13.75, 16], "rotation": 90, "texture": "#0"},
				"south": {"uv": [13.25, 15.75, 13.75, 16], "texture": "#0"},
				"west": {"uv": [13.25, 15.75, 13.5, 16], "rotation": 270, "texture": "#0"},
				"up": {"uv": [13.25, 15.75, 13.75, 16], "texture": "#0"},
				"down": {"uv": [13.25, 16, 13.75, 15.75], "texture": "#0"}
			}
		}
	],
	"display": {
		"thirdperson_righthand": {
			"rotation": [45, 0, 90],
			"translation": [-7.5, 2, 0.75]
		},
		"thirdperson_lefthand": {
			"rotation": [45, 0, -90],
			"translation": [7.5, 2, 0.75]
		},
		"firstperson_righthand": {
			"rotation": [55, 0, 90],
			"translation": [-6.25, 2.5, 0]
		},
		"firstperson_lefthand": {
			"rotation": [55, 0, -90],
			"translation": [8.75, 2.5, 0]
		},
		"ground": {
			"rotation": [90, 0, 90],
			"translation": [-4, 0, 0],
			"scale": [0.5, 0.5, 0.5]
		},
		"gui": {
			"rotation": [90, 0, 0],
			"translation": [0.5, 0.5, 0]
		},
		"head": {
			"rotation": [45, 0, 90],
			"translation": [-7.5, 8.25, -1.5]
		},
		"fixed": {
			"rotation": [90, 0, 0],
			"translation": [0, 0, 7]
		}
	},
	"groups": [
		{
			"name": "UMP45",
			"origin": [8, 8, 8],
			"children": [0, 1, 2, 3, 4, 5, 6, 7, 8, 9, 10, 11, 12, 13, 14, 15, 16, 17, 18, 19, 20, 21, 22, 23, 24, 25, 26, 27, 28, 29, 30, 31, 32, 33, 34, 35, 36, 37, 38, 39, 40, 41, 42, 43, 44, 45, 46, 47, 48, 49, 50, 51, 52, 53, 54, 55, 56, 57, 58, 59, 60, 61, 62, 63, 64, 65, 66, 67, 68, 69, 70, 71, 72, 73, 74, 75, 76, 77, 78, 79, 80, 81, 82, 83, 84, 85, 86, 87, 88, 89, 90, 91]
		}
	]
}