{
	"credit": "Made with Blockbench",
	"textures": {
		"0": "deployable_textures/player_deployable",
		"particle": "deployable_textures/player_deployable"
	},
	"elements": [
		{
			"name": "armor_stand_0",
			"from": [2.5, 0, 2.5],
			"to": [6.5, 0.5, 6.5],
			"faces": {
				"north": {"uv": [6.5, 2.5, 2.5, 3], "texture": "#0"},
				"east": {"uv": [6, 2.5, 6.5, 6.5], "rotation": 90, "texture": "#0"},
				"south": {"uv": [2.5, 6, 6.5, 6.5], "texture": "#0"},
				"west": {"uv": [2.5, 2.5, 3, 6.5], "rotation": 270, "texture": "#0"},
				"down": {"uv": [2.5, 6.5, 6.5, 2.5], "texture": "#0"}
			}
		},
		{
			"name": "armor_stand_1",
			"from": [9.5, 0, 2.5],
			"to": [13.5, 0.5, 6.5],
			"faces": {
				"north": {"uv": [13.5, 2.5, 9.5, 3], "texture": "#0"},
				"east": {"uv": [13, 2.5, 13.5, 6.5], "rotation": 90, "texture": "#0"},
				"south": {"uv": [9.5, 6, 13.5, 6.5], "texture": "#0"},
				"west": {"uv": [9.5, 2.5, 10, 6.5], "rotation": 270, "texture": "#0"},
				"down": {"uv": [9.5, 6.5, 13.5, 2.5], "texture": "#0"}
			}
		},
		{
			"name": "armor_stand_2",
			"from": [6.5, 0, 3],
			"to": [9.5, 0.5, 13],
			"faces": {
				"north": {"uv": [9.5, 3, 6.5, 3.5], "texture": "#0"},
				"south": {"uv": [6.5, 12.5, 9.5, 13], "texture": "#0"},
				"down": {"uv": [6.5, 13, 9.5, 3], "texture": "#0"}
			}
		},
		{
			"name": "armor_stand_3",
			"from": [3, 0, 6.5],
			"to": [6.5, 0.5, 13.5],
			"faces": {
				"east": {"uv": [6, 6.5, 6.5, 13.5], "rotation": 90, "texture": "#0"},
				"south": {"uv": [3, 13, 6.5, 13.5], "texture": "#0"},
				"west": {"uv": [3, 6.5, 3.5, 13.5], "rotation": 270, "texture": "#0"},
				"down": {"uv": [3, 13.5, 6.5, 6.5], "texture": "#0"}
			}
		},
		{
			"name": "armor_stand_4",
			"from": [9.5, 0, 6.5],
			"to": [13, 0.5, 13.5],
			"faces": {
				"east": {"uv": [12.5, 6.5, 13, 13.5], "rotation": 90, "texture": "#0"},
				"south": {"uv": [9.5, 13, 13, 13.5], "texture": "#0"},
				"west": {"uv": [9.5, 6.5, 10, 13.5], "rotation": 270, "texture": "#0"},
				"down": {"uv": [9.5, 13.5, 13, 6.5], "texture": "#0"}
			}
		},
		{
			"name": "armor_stand_5",
			"from": [2.5, 0, 9.5],
			"to": [3, 0.5, 13.5],
			"faces": {
				"north": {"uv": [3, 9.5, 2.5, 10], "texture": "#0"},
				"south": {"uv": [2.5, 13, 3, 13.5], "texture": "#0"},
				"west": {"uv": [2.5, 9.5, 3, 13.5], "rotation": 270, "texture": "#0"},
				"down": {"uv": [2.5, 13.5, 3, 9.5], "texture": "#0"}
			}
		},
		{
			"name": "armor_stand_6",
			"from": [13, 0, 9.5],
			"to": [13.5, 0.5, 13.5],
			"faces": {
				"north": {"uv": [13.5, 9.5, 13, 10], "texture": "#0"},
				"east": {"uv": [13, 9.5, 13.5, 13.5], "rotation": 90, "texture": "#0"},
				"south": {"uv": [13, 13, 13.5, 13.5], "texture": "#0"},
				"down": {"uv": [13, 13.5, 13.5, 9.5], "texture": "#0"}
			}
		},
		{
			"name": "armor_stand_1",
			"from": [2.5, 7.5, 2],
			"to": [6.5, 11.5, 2.5],
			"faces": {
				"north": {"uv": [2.5, 6.5, 6.5, 2.5], "rotation": 180, "texture": "#0"},
				"east": {"uv": [6, 2.5, 6.5, 6.5], "texture": "#0"},
				"west": {"uv": [2.5, 2.5, 3, 6.5], "texture": "#0"},
				"up": {"uv": [6.5, 2.5, 2.5, 3], "rotation": 180, "texture": "#0"},
				"down": {"uv": [2.5, 6, 6.5, 6.5], "texture": "#0"}
			}
		},
		{
			"name": "armor_stand_2",
			"from": [9.5, 7.5, 2],
			"to": [13.5, 11.5, 2.5],
			"faces": {
				"north": {"uv": [9.5, 6.5, 13.5, 2.5], "rotation": 180, "texture": "#0"},
				"east": {"uv": [13, 2.5, 13.5, 6.5], "texture": "#0"},
				"west": {"uv": [9.5, 2.5, 10, 6.5], "texture": "#0"},
				"up": {"uv": [13.5, 2.5, 9.5, 3], "rotation": 180, "texture": "#0"},
				"down": {"uv": [9.5, 6, 13.5, 6.5], "texture": "#0"}
			}
		},
		{
			"name": "armor_stand_3",
			"from": [6.5, 1, 2],
			"to": [9.5, 11, 2.5],
			"faces": {
				"north": {"uv": [6.5, 13, 9.5, 3], "rotation": 180, "texture": "#0"},
				"up": {"uv": [9.5, 3, 6.5, 3.5], "rotation": 180, "texture": "#0"},
				"down": {"uv": [6.5, 12.5, 9.5, 13], "texture": "#0"}
			}
		},
		{
			"name": "armor_stand_4",
			"from": [3, 0.5, 2],
			"to": [6.5, 7.5, 2.5],
			"faces": {
				"north": {"uv": [3, 13.5, 6.5, 6.5], "rotation": 180, "texture": "#0"},
				"east": {"uv": [6, 6.5, 6.5, 13.5], "texture": "#0"},
				"west": {"uv": [3, 6.5, 3.5, 13.5], "texture": "#0"},
				"down": {"uv": [3, 13, 6.5, 13.5], "texture": "#0"}
			}
		},
		{
			"name": "armor_stand_5",
			"from": [9.5, 0.5, 2],
			"to": [13, 7.5, 2.5],
			"faces": {
				"north": {"uv": [9.5, 13.5, 13, 6.5], "rotation": 180, "texture": "#0"},
				"east": {"uv": [12.5, 6.5, 13, 13.5], "texture": "#0"},
				"west": {"uv": [9.5, 6.5, 10, 13.5], "texture": "#0"},
				"down": {"uv": [9.5, 13, 13, 13.5], "texture": "#0"}
			}
		},
		{
			"name": "armor_stand_6",
			"from": [2.5, 0.5, 2],
			"to": [3, 4.5, 2.5],
			"faces": {
				"north": {"uv": [2.5, 13.5, 3, 9.5], "rotation": 180, "texture": "#0"},
				"west": {"uv": [2.5, 9.5, 3, 13.5], "texture": "#0"},
				"up": {"uv": [3, 9.5, 2.5, 10], "rotation": 180, "texture": "#0"},
				"down": {"uv": [2.5, 13, 3, 13.5], "texture": "#0"}
			}
		},
		{
			"name": "armor_stand_7",
			"from": [13, 0.5, 2],
			"to": [13.5, 4.5, 2.5],
			"faces": {
				"north": {"uv": [13, 13.5, 13.5, 9.5], "rotation": 180, "texture": "#0"},
				"east": {"uv": [13, 9.5, 13.5, 13.5], "texture": "#0"},
				"up": {"uv": [13.5, 9.5, 13, 10], "rotation": 180, "texture": "#0"},
				"down": {"uv": [13, 13, 13.5, 13.5], "texture": "#0"}
			}
		},
		{
			"name": "armor_stand_2",
			"from": [2.5, 7.5, 13.5],
			"to": [6.5, 11.5, 14],
			"faces": {
				"east": {"uv": [6, 2.5, 6.5, 6.5], "texture": "#0"},
				"south": {"uv": [2.5, 2.5, 6.5, 6.5], "texture": "#0"},
				"west": {"uv": [2.5, 2.5, 3, 6.5], "texture": "#0"},
				"up": {"uv": [6.5, 2.5, 2.5, 3], "rotation": 180, "texture": "#0"},
				"down": {"uv": [2.5, 6, 6.5, 6.5], "texture": "#0"}
			}
		},
		{
			"name": "armor_stand_3",
			"from": [9.5, 7.5, 13.5],
			"to": [13.5, 11.5, 14],
			"faces": {
				"east": {"uv": [13, 2.5, 13.5, 6.5], "texture": "#0"},
				"south": {"uv": [9.5, 2.5, 13.5, 6.5], "texture": "#0"},
				"west": {"uv": [9.5, 2.5, 10, 6.5], "texture": "#0"},
				"up": {"uv": [13.5, 2.5, 9.5, 3], "rotation": 180, "texture": "#0"},
				"down": {"uv": [9.5, 6, 13.5, 6.5], "texture": "#0"}
			}
		},
		{
			"name": "armor_stand_4",
			"from": [6.5, 1, 13.5],
			"to": [9.5, 11, 14],
			"faces": {
				"south": {"uv": [6.5, 3, 9.5, 13], "texture": "#0"},
				"up": {"uv": [9.5, 3, 6.5, 3.5], "rotation": 180, "texture": "#0"},
				"down": {"uv": [6.5, 12.5, 9.5, 13], "texture": "#0"}
			}
		},
		{
			"name": "armor_stand_5",
			"from": [3, 0.5, 13.5],
			"to": [6.5, 7.5, 14],
			"faces": {
				"east": {"uv": [6, 6.5, 6.5, 13.5], "texture": "#0"},
				"south": {"uv": [3, 6.5, 6.5, 13.5], "texture": "#0"},
				"west": {"uv": [3, 6.5, 3.5, 13.5], "texture": "#0"},
				"down": {"uv": [3, 13, 6.5, 13.5], "texture": "#0"}
			}
		},
		{
			"name": "armor_stand_6",
			"from": [9.5, 0.5, 13.5],
			"to": [13, 7.5, 14],
			"faces": {
				"east": {"uv": [12.5, 6.5, 13, 13.5], "texture": "#0"},
				"south": {"uv": [9.5, 6.5, 13, 13.5], "texture": "#0"},
				"west": {"uv": [9.5, 6.5, 10, 13.5], "texture": "#0"},
				"down": {"uv": [9.5, 13, 13, 13.5], "texture": "#0"}
			}
		},
		{
			"name": "armor_stand_7",
			"from": [2.5, 0.5, 13.5],
			"to": [3, 4.5, 14],
			"faces": {
				"south": {"uv": [2.5, 9.5, 3, 13.5], "texture": "#0"},
				"west": {"uv": [2.5, 9.5, 3, 13.5], "texture": "#0"},
				"up": {"uv": [3, 9.5, 2.5, 10], "rotation": 180, "texture": "#0"},
				"down": {"uv": [2.5, 13, 3, 13.5], "texture": "#0"}
			}
		},
		{
			"name": "armor_stand_8",
			"from": [13, 0.5, 13.5],
			"to": [13.5, 4.5, 14],
			"faces": {
				"east": {"uv": [13, 9.5, 13.5, 13.5], "texture": "#0"},
				"south": {"uv": [13, 9.5, 13.5, 13.5], "texture": "#0"},
				"up": {"uv": [13.5, 9.5, 13, 10], "rotation": 180, "texture": "#0"},
				"down": {"uv": [13, 13, 13.5, 13.5], "texture": "#0"}
			}
		},
		{
			"name": "armor_stand_3",
			"from": [2, 7.5, 9.5],
			"to": [2.5, 11.5, 13.5],
			"faces": {
				"north": {"uv": [6, 2.5, 6.5, 6.5], "texture": "#0"},
				"south": {"uv": [2.5, 2.5, 3, 6.5], "texture": "#0"},
				"west": {"uv": [2.5, 6.5, 6.5, 2.5], "rotation": 180, "texture": "#0"},
				"up": {"uv": [6.5, 2.5, 2.5, 3], "rotation": 90, "texture": "#0"},
				"down": {"uv": [2.5, 6, 6.5, 6.5], "rotation": 90, "texture": "#0"}
			}
		},
		{
			"name": "armor_stand_4",
			"from": [2, 7.5, 2.5],
			"to": [2.5, 11.5, 6.5],
			"faces": {
				"north": {"uv": [13, 2.5, 13.5, 6.5], "texture": "#0"},
				"south": {"uv": [9.5, 2.5, 10, 6.5], "texture": "#0"},
				"west": {"uv": [9.5, 6.5, 13.5, 2.5], "rotation": 180, "texture": "#0"},
				"up": {"uv": [13.5, 2.5, 9.5, 3], "rotation": 90, "texture": "#0"},
				"down": {"uv": [9.5, 6, 13.5, 6.5], "rotation": 90, "texture": "#0"}
			}
		},
		{
			"name": "armor_stand_5",
			"from": [2, 1, 6.5],
			"to": [2.5, 11, 9.5],
			"faces": {
				"west": {"uv": [6.5, 13, 9.5, 3], "rotation": 180, "texture": "#0"},
				"up": {"uv": [9.5, 3, 6.5, 3.5], "rotation": 90, "texture": "#0"},
				"down": {"uv": [6.5, 12.5, 9.5, 13], "rotation": 90, "texture": "#0"}
			}
		},
		{
			"name": "armor_stand_6",
			"from": [2, 0.5, 9.5],
			"to": [2.5, 7.5, 13],
			"faces": {
				"north": {"uv": [6, 6.5, 6.5, 13.5], "texture": "#0"},
				"south": {"uv": [3, 6.5, 3.5, 13.5], "texture": "#0"},
				"west": {"uv": [3, 13.5, 6.5, 6.5], "rotation": 180, "texture": "#0"},
				"down": {"uv": [3, 13, 6.5, 13.5], "rotation": 90, "texture": "#0"}
			}
		},
		{
			"name": "armor_stand_7",
			"from": [2, 0.5, 3],
			"to": [2.5, 7.5, 6.5],
			"faces": {
				"north": {"uv": [12.5, 6.5, 13, 13.5], "texture": "#0"},
				"south": {"uv": [9.5, 6.5, 10, 13.5], "texture": "#0"},
				"west": {"uv": [9.5, 13.5, 13, 6.5], "rotation": 180, "texture": "#0"},
				"down": {"uv": [9.5, 13, 13, 13.5], "rotation": 90, "texture": "#0"}
			}
		},
		{
			"name": "armor_stand_8",
			"from": [2, 0.5, 13],
			"to": [2.5, 4.5, 13.5],
			"faces": {
				"south": {"uv": [2.5, 9.5, 3, 13.5], "texture": "#0"},
				"west": {"uv": [2.5, 13.5, 3, 9.5], "rotation": 180, "texture": "#0"},
				"up": {"uv": [3, 9.5, 2.5, 10], "rotation": 90, "texture": "#0"},
				"down": {"uv": [2.5, 13, 3, 13.5], "rotation": 90, "texture": "#0"}
			}
		},
		{
			"name": "armor_stand_9",
			"from": [2, 0.5, 2.5],
			"to": [2.5, 4.5, 3],
			"faces": {
				"north": {"uv": [13, 9.5, 13.5, 13.5], "texture": "#0"},
				"west": {"uv": [13, 13.5, 13.5, 9.5], "rotation": 180, "texture": "#0"},
				"up": {"uv": [13.5, 9.5, 13, 10], "rotation": 90, "texture": "#0"},
				"down": {"uv": [13, 13, 13.5, 13.5], "rotation": 90, "texture": "#0"}
			}
		},
		{
			"name": "armor_stand_4",
			"from": [13.5, 7.5, 9.5],
			"to": [14, 11.5, 13.5],
			"faces": {
				"north": {"uv": [6, 2.5, 6.5, 6.5], "texture": "#0"},
				"east": {"uv": [2.5, 2.5, 6.5, 6.5], "texture": "#0"},
				"south": {"uv": [2.5, 2.5, 3, 6.5], "texture": "#0"},
				"up": {"uv": [6.5, 2.5, 2.5, 3], "rotation": 90, "texture": "#0"},
				"down": {"uv": [2.5, 6, 6.5, 6.5], "rotation": 90, "texture": "#0"}
			}
		},
		{
			"name": "armor_stand_5",
			"from": [13.5, 7.5, 2.5],
			"to": [14, 11.5, 6.5],
			"faces": {
				"north": {"uv": [13, 2.5, 13.5, 6.5], "texture": "#0"},
				"east": {"uv": [9.5, 2.5, 13.5, 6.5], "texture": "#0"},
				"south": {"uv": [9.5, 2.5, 10, 6.5], "texture": "#0"},
				"up": {"uv": [13.5, 2.5, 9.5, 3], "rotation": 90, "texture": "#0"},
				"down": {"uv": [9.5, 6, 13.5, 6.5], "rotation": 90, "texture": "#0"}
			}
		},
		{
			"name": "armor_stand_6",
			"from": [13.5, 1, 6.5],
			"to": [14, 11, 9.5],
			"faces": {
				"east": {"uv": [6.5, 3, 9.5, 13], "texture": "#0"},
				"up": {"uv": [9.5, 3, 6.5, 3.5], "rotation": 90, "texture": "#0"},
				"down": {"uv": [6.5, 12.5, 9.5, 13], "rotation": 90, "texture": "#0"}
			}
		},
		{
			"name": "armor_stand_7",
			"from": [13.5, 0.5, 9.5],
			"to": [14, 7.5, 13],
			"faces": {
				"north": {"uv": [6, 6.5, 6.5, 13.5], "texture": "#0"},
				"east": {"uv": [3, 6.5, 6.5, 13.5], "texture": "#0"},
				"south": {"uv": [3, 6.5, 3.5, 13.5], "texture": "#0"},
				"down": {"uv": [3, 13, 6.5, 13.5], "rotation": 90, "texture": "#0"}
			}
		},
		{
			"name": "armor_stand_8",
			"from": [13.5, 0.5, 3],
			"to": [14, 7.5, 6.5],
			"faces": {
				"north": {"uv": [12.5, 6.5, 13, 13.5], "texture": "#0"},
				"east": {"uv": [9.5, 6.5, 13, 13.5], "texture": "#0"},
				"south": {"uv": [9.5, 6.5, 10, 13.5], "texture": "#0"},
				"down": {"uv": [9.5, 13, 13, 13.5], "rotation": 90, "texture": "#0"}
			}
		},
		{
			"name": "armor_stand_9",
			"from": [13.5, 0.5, 13],
			"to": [14, 4.5, 13.5],
			"faces": {
				"east": {"uv": [2.5, 9.5, 3, 13.5], "texture": "#0"},
				"south": {"uv": [2.5, 9.5, 3, 13.5], "texture": "#0"},
				"up": {"uv": [3, 9.5, 2.5, 10], "rotation": 90, "texture": "#0"},
				"down": {"uv": [2.5, 13, 3, 13.5], "rotation": 90, "texture": "#0"}
			}
		},
		{
			"name": "armor_stand_10",
			"from": [13.5, 0.5, 2.5],
			"to": [14, 4.5, 3],
			"faces": {
				"north": {"uv": [13, 9.5, 13.5, 13.5], "texture": "#0"},
				"east": {"uv": [13, 9.5, 13.5, 13.5], "texture": "#0"},
				"up": {"uv": [13.5, 9.5, 13, 10], "rotation": 90, "texture": "#0"},
				"down": {"uv": [13, 13, 13.5, 13.5], "rotation": 90, "texture": "#0"}
			}
		},
		{
			"name": "armor_stand_1",
			"from": [2.5, 11.5, 2.5],
			"to": [6.5, 12, 6.5],
			"faces": {
				"north": {"uv": [6.5, 2.5, 2.5, 3], "texture": "#0"},
				"east": {"uv": [6, 2.5, 6.5, 6.5], "rotation": 90, "texture": "#0"},
				"south": {"uv": [2.5, 6, 6.5, 6.5], "texture": "#0"},
				"west": {"uv": [2.5, 2.5, 3, 6.5], "rotation": 270, "texture": "#0"},
				"up": {"uv": [2.5, 2.5, 6.5, 6.5], "texture": "#0"}
			}
		},
		{
			"name": "armor_stand_2",
			"from": [9.5, 11.5, 2.5],
			"to": [13.5, 12, 6.5],
			"faces": {
				"north": {"uv": [13.5, 2.5, 9.5, 3], "texture": "#0"},
				"east": {"uv": [13, 2.5, 13.5, 6.5], "rotation": 90, "texture": "#0"},
				"south": {"uv": [9.5, 6, 13.5, 6.5], "texture": "#0"},
				"west": {"uv": [9.5, 2.5, 10, 6.5], "rotation": 270, "texture": "#0"},
				"up": {"uv": [9.5, 2.5, 13.5, 6.5], "texture": "#0"}
			}
		},
		{
			"name": "armor_stand_3",
			"from": [6.5, 11.5, 3],
			"to": [9.5, 12, 13],
			"faces": {
				"north": {"uv": [9.5, 3, 6.5, 3.5], "texture": "#0"},
				"south": {"uv": [6.5, 12.5, 9.5, 13], "texture": "#0"},
				"up": {"uv": [6.5, 3, 9.5, 13], "texture": "#0"}
			}
		},
		{
			"name": "armor_stand_4",
			"from": [3, 11.5, 6.5],
			"to": [6.5, 12, 13.5],
			"faces": {
				"east": {"uv": [6, 6.5, 6.5, 13.5], "rotation": 90, "texture": "#0"},
				"south": {"uv": [3, 13, 6.5, 13.5], "texture": "#0"},
				"west": {"uv": [3, 6.5, 3.5, 13.5], "rotation": 270, "texture": "#0"},
				"up": {"uv": [3, 6.5, 6.5, 13.5], "texture": "#0"}
			}
		},
		{
			"name": "armor_stand_5",
			"from": [9.5, 11.5, 6.5],
			"to": [13, 12, 13.5],
			"faces": {
				"east": {"uv": [12.5, 6.5, 13, 13.5], "rotation": 90, "texture": "#0"},
				"south": {"uv": [9.5, 13, 13, 13.5], "texture": "#0"},
				"west": {"uv": [9.5, 6.5, 10, 13.5], "rotation": 270, "texture": "#0"},
				"up": {"uv": [9.5, 6.5, 13, 13.5], "texture": "#0"}
			}
		},
		{
			"name": "armor_stand_6",
			"from": [2.5, 11.5, 9.5],
			"to": [3, 12, 13.5],
			"faces": {
				"north": {"uv": [3, 9.5, 2.5, 10], "texture": "#0"},
				"south": {"uv": [2.5, 13, 3, 13.5], "texture": "#0"},
				"west": {"uv": [2.5, 9.5, 3, 13.5], "rotation": 270, "texture": "#0"},
				"up": {"uv": [2.5, 9.5, 3, 13.5], "texture": "#0"}
			}
		},
		{
			"name": "armor_stand_7",
			"from": [13, 11.5, 9.5],
			"to": [13.5, 12, 13.5],
			"faces": {
				"north": {"uv": [13.5, 9.5, 13, 10], "texture": "#0"},
				"east": {"uv": [13, 9.5, 13.5, 13.5], "rotation": 90, "texture": "#0"},
				"south": {"uv": [13, 13, 13.5, 13.5], "texture": "#0"},
				"up": {"uv": [13, 9.5, 13.5, 13.5], "texture": "#0"}
			}
		},
		{
			"from": [2.5, 0.5, 2.5],
			"to": [13.5, 11.5, 13.5],
			"faces": {
				"north": {"uv": [0, 0, 1, 1], "texture": "#0"},
				"east": {"uv": [0, 0, 10, 1], "texture": "#0"},
				"south": {"uv": [0, 0, 1, 1], "texture": "#0"},
				"west": {"uv": [0, 0, 10, 1], "texture": "#0"},
				"up": {"uv": [0, 0, 1, 1], "texture": "#0"},
				"down": {"uv": [0, 0, 1, 10], "texture": "#0"}
			}
		}
	],
	"display": {
		"thirdperson_righthand": {
			"rotation": [-22, 0, 45],
			"translation": [-0.75, 4.25, 0],
			"scale": [0.5, 0.5, 0.5]
		},
		"thirdperson_lefthand": {
			"rotation": [-22, 0, 45],
			"translation": [-0.75, 4.25, 0],
			"scale": [0.5, 0.5, 0.5]
		},
		"firstperson_righthand": {
			"rotation": [0, 45, 0],
			"translation": [0, 1, 0],
			"scale": [0.5, 0.5, 0.5]
		},
		"firstperson_lefthand": {
			"rotation": [0, 45, 0],
			"translation": [0, 1, 0],
			"scale": [0.5, 0.5, 0.5]
		},
		"ground": {
			"scale": [0.5, 0.5, 0.5]
		},
		"gui": {
			"translation": [0, 2.25, 0]
		},
		"head": {
			"translation": [0, 2.25, 0],
			"scale": [1.2, 1.2, 1.2]
		},
		"fixed": {
			"translation": [0, 2, 0]
		}
	},
	"groups": [
		{
			"name": "armor_stand",
			"origin": [8, 8, 8],
			"children": [0, 1, 2, 3, 4, 5, 6]
		},
		{
			"name": "armor_stand",
			"origin": [8, 8, 8],
			"children": [7, 8, 9, 10, 11, 12, 13]
		},
		{
			"name": "armor_stand",
			"origin": [8, 8, 8],
			"children": [14, 15, 16, 17, 18, 19, 20]
		},
		{
			"name": "armor_stand",
			"origin": [8, 8, 8],
			"children": [21, 22, 23, 24, 25, 26, 27]
		},
		{
			"name": "armor_stand",
			"origin": [8, 8, 8],
			"children": [28, 29, 30, 31, 32, 33, 34]
		},
		{
			"name": "armor_stand",
			"origin": [8, 8, 8],
			"children": [35, 36, 37, 38, 39, 40, 41]
		}, 42]
}